INFO:     Started server process [18001]
INFO:     Waiting for application startup.
INFO:     Application startup complete.
INFO:     Uvicorn running on http://0.0.0.0:3003 (Press CTRL+C to quit)
🏒 Starting Hockey MCP Direct API on port 3003...
INFO:     127.0.0.1:62200 - "POST /api/mcp HTTP/1.1" 200 OK
INFO:mcp.server.lowlevel.server:Processing request of type CallToolRequest
INFO:hockey_mcp:🌟 [TOOL CALL] search_hockey_nhl_insights: query='hockey history NHL players Stanley Cup records', n_results=10
INFO:chromadb.telemetry.product.posthog:Anonymized telemetry enabled. See                     https://docs.trychroma.com/telemetry for more information.
INFO:httpx:HTTP Request: GET https://chroma-copy-copy-production.up.railway.app/api/v2/auth/identity "HTTP/1.1 200 OK"
INFO:chromadb.telemetry.product.posthog:Anonymized telemetry enabled. See                     https://docs.trychroma.com/telemetry for more information.
INFO:httpx:HTTP Request: GET https://chroma-copy-copy-production.up.railway.app/api/v2/tenants/default_tenant "HTTP/1.1 200 OK"
INFO:httpx:HTTP Request: GET https://chroma-copy-copy-production.up.railway.app/api/v2/tenants/default_tenant/databases/default_database "HTTP/1.1 200 OK"
INFO:httpx:HTTP Request: GET https://chroma-copy-copy-production.up.railway.app/api/v2/heartbeat "HTTP/1.1 200 OK"
INFO:httpx:HTTP Request: GET https://chroma-copy-copy-production.up.railway.app/api/v2/tenants/default_tenant/databases/default_database/collections/hockey_nhl_insights "HTTP/1.1 200 OK"
INFO:httpx:HTTP Request: POST https://chroma-copy-copy-production.up.railway.app/api/v2/tenants/default_tenant/databases/default_database/collections/569d9c2a-831f-4f67-a382-788c08186477/query "HTTP/1.1 200 OK"
INFO:hockey_mcp:✅ [TOOL COMPLETE] search_hockey_nhl_insights: returned 10 insights in 0.99s
INFO:mcp.server.lowlevel.server:Processing request of type ListToolsRequest
Connecting to Chroma server at https://chroma-copy-copy-production.up.railway.app:443 with token: True
✅ Connected to remote Chroma server
INFO:     127.0.0.1:62202 - "POST /api/mcp HTTP/1.1" 200 OK
INFO:     127.0.0.1:62216 - "POST /api/mcp HTTP/1.1" 200 OK
INFO:mcp.server.lowlevel.server:Processing request of type CallToolRequest
INFO:hockey_mcp:🎯 [TOOL CALL] search_hockey_tactics: query='hockey positions defensive offensive zone coverage', types=None, positions=None, n_results=10
INFO:chromadb.telemetry.product.posthog:Anonymized telemetry enabled. See                     https://docs.trychroma.com/telemetry for more information.
INFO:httpx:HTTP Request: GET https://chroma-copy-copy-production.up.railway.app/api/v2/auth/identity "HTTP/1.1 200 OK"
INFO:chromadb.telemetry.product.posthog:Anonymized telemetry enabled. See                     https://docs.trychroma.com/telemetry for more information.
INFO:httpx:HTTP Request: GET https://chroma-copy-copy-production.up.railway.app/api/v2/tenants/default_tenant "HTTP/1.1 200 OK"
INFO:httpx:HTTP Request: GET https://chroma-copy-copy-production.up.railway.app/api/v2/tenants/default_tenant/databases/default_database "HTTP/1.1 200 OK"
INFO:httpx:HTTP Request: GET https://chroma-copy-copy-production.up.railway.app/api/v2/heartbeat "HTTP/1.1 200 OK"
INFO:httpx:HTTP Request: GET https://chroma-copy-copy-production.up.railway.app/api/v2/tenants/default_tenant/databases/default_database/collections/hockey_tactics "HTTP/1.1 200 OK"
INFO:httpx:HTTP Request: POST https://chroma-copy-copy-production.up.railway.app/api/v2/tenants/default_tenant/databases/default_database/collections/416b96b2-dc4c-4e89-adb6-2497cbc56e92/query "HTTP/1.1 200 OK"
INFO:hockey_mcp:✅ [TOOL COMPLETE] search_hockey_tactics: returned 10 tactics in 0.87s
INFO:mcp.server.lowlevel.server:Processing request of type CallToolRequest
INFO:hockey_mcp:⚖️ [TOOL CALL] search_hockey_rules: query='hockey rules penalties offsides icing basics', n_results=10
INFO:chromadb.telemetry.product.posthog:Anonymized telemetry enabled. See                     https://docs.trychroma.com/telemetry for more information.
INFO:httpx:HTTP Request: GET https://chroma-copy-copy-production.up.railway.app/api/v2/auth/identity "HTTP/1.1 200 OK"
INFO:chromadb.telemetry.product.posthog:Anonymized telemetry enabled. See                     https://docs.trychroma.com/telemetry for more information.
INFO:httpx:HTTP Request: GET https://chroma-copy-copy-production.up.railway.app/api/v2/tenants/default_tenant "HTTP/1.1 200 OK"
INFO:httpx:HTTP Request: GET https://chroma-copy-copy-production.up.railway.app/api/v2/tenants/default_tenant/databases/default_database "HTTP/1.1 200 OK"
INFO:httpx:HTTP Request: GET https://chroma-copy-copy-production.up.railway.app/api/v2/heartbeat "HTTP/1.1 200 OK"
INFO:httpx:HTTP Request: GET https://chroma-copy-copy-production.up.railway.app/api/v2/tenants/default_tenant/databases/default_database/collections/hockey_rules "HTTP/1.1 200 OK"
INFO:httpx:HTTP Request: POST https://chroma-copy-copy-production.up.railway.app/api/v2/tenants/default_tenant/databases/default_database/collections/41ea6112-cab7-46b8-bf6d-86eabd3ace04/query "HTTP/1.1 200 OK"
INFO:hockey_mcp:✅ [TOOL COMPLETE] search_hockey_rules: returned 10 rules in 0.60s
INFO:mcp.server.lowlevel.server:Processing request of type CallToolRequest
INFO:hockey_mcp:🎯 [TOOL CALL] search_hockey_tactics: query='hockey teamwork communication support systems', types=None, positions=None, n_results=10
INFO:chromadb.telemetry.product.posthog:Anonymized telemetry enabled. See                     https://docs.trychroma.com/telemetry for more information.
INFO:httpx:HTTP Request: GET https://chroma-copy-copy-production.up.railway.app/api/v2/auth/identity "HTTP/1.1 200 OK"
INFO:chromadb.telemetry.product.posthog:Anonymized telemetry enabled. See                     https://docs.trychroma.com/telemetry for more information.
INFO:httpx:HTTP Request: GET https://chroma-copy-copy-production.up.railway.app/api/v2/tenants/default_tenant "HTTP/1.1 200 OK"
INFO:httpx:HTTP Request: GET https://chroma-copy-copy-production.up.railway.app/api/v2/tenants/default_tenant/databases/default_database "HTTP/1.1 200 OK"
INFO:httpx:HTTP Request: GET https://chroma-copy-copy-production.up.railway.app/api/v2/heartbeat "HTTP/1.1 200 OK"
INFO:httpx:HTTP Request: GET https://chroma-copy-copy-production.up.railway.app/api/v2/tenants/default_tenant/databases/default_database/collections/hockey_tactics "HTTP/1.1 200 OK"
INFO:httpx:HTTP Request: POST https://chroma-copy-copy-production.up.railway.app/api/v2/tenants/default_tenant/databases/default_database/collections/416b96b2-dc4c-4e89-adb6-2497cbc56e92/query "HTTP/1.1 200 OK"
INFO:hockey_mcp:✅ [TOOL COMPLETE] search_hockey_tactics: returned 10 tactics in 0.70s
INFO:mcp.server.lowlevel.server:Processing request of type CallToolRequest
INFO:hockey_mcp:⚡ [TOOL CALL] search_hockey_skills: query='hockey skating passing shooting stickhandling techniques', n_results=10
INFO:chromadb.telemetry.product.posthog:Anonymized telemetry enabled. See                     https://docs.trychroma.com/telemetry for more information.
INFO:httpx:HTTP Request: GET https://chroma-copy-copy-production.up.railway.app/api/v2/auth/identity "HTTP/1.1 200 OK"
INFO:chromadb.telemetry.product.posthog:Anonymized telemetry enabled. See                     https://docs.trychroma.com/telemetry for more information.
INFO:httpx:HTTP Request: GET https://chroma-copy-copy-production.up.railway.app/api/v2/tenants/default_tenant "HTTP/1.1 200 OK"
INFO:httpx:HTTP Request: GET https://chroma-copy-copy-production.up.railway.app/api/v2/tenants/default_tenant/databases/default_database "HTTP/1.1 200 OK"
INFO:httpx:HTTP Request: GET https://chroma-copy-copy-production.up.railway.app/api/v2/heartbeat "HTTP/1.1 200 OK"
INFO:httpx:HTTP Request: GET https://chroma-copy-copy-production.up.railway.app/api/v2/tenants/default_tenant/databases/default_database/collections/hockey_skills "HTTP/1.1 200 OK"
INFO:httpx:HTTP Request: POST https://chroma-copy-copy-production.up.railway.app/api/v2/tenants/default_tenant/databases/default_database/collections/689a1fad-d612-40de-b077-4cddc4b59524/query "HTTP/1.1 200 OK"
INFO:hockey_mcp:✅ [TOOL COMPLETE] search_hockey_skills: returned 10 skills in 0.79s
INFO:mcp.server.lowlevel.server:Processing request of type ListToolsRequest
INFO:mcp.server.lowlevel.server:Processing request of type ListToolsRequest
INFO:mcp.server.lowlevel.server:Processing request of type ListToolsRequest
INFO:mcp.server.lowlevel.server:Processing request of type ListToolsRequest
INFO:mcp.server.lowlevel.server:Processing request of type CallToolRequest
INFO:hockey_mcp:🌟 [TOOL CALL] search_hockey_nhl_insights: query='hockey history NHL players Stanley Cup records', n_results=10
INFO:chromadb.telemetry.product.posthog:Anonymized telemetry enabled. See                     https://docs.trychroma.com/telemetry for more information.
INFO:httpx:HTTP Request: GET https://chroma-copy-copy-production.up.railway.app/api/v2/auth/identity "HTTP/1.1 200 OK"
INFO:chromadb.telemetry.product.posthog:Anonymized telemetry enabled. See                     https://docs.trychroma.com/telemetry for more information.
INFO:httpx:HTTP Request: GET https://chroma-copy-copy-production.up.railway.app/api/v2/tenants/default_tenant "HTTP/1.1 200 OK"
INFO:httpx:HTTP Request: GET https://chroma-copy-copy-production.up.railway.app/api/v2/tenants/default_tenant/databases/default_database "HTTP/1.1 200 OK"
INFO:httpx:HTTP Request: GET https://chroma-copy-copy-production.up.railway.app/api/v2/heartbeat "HTTP/1.1 200 OK"
INFO:httpx:HTTP Request: GET https://chroma-copy-copy-production.up.railway.app/api/v2/tenants/default_tenant/databases/default_database/collections/hockey_nhl_insights "HTTP/1.1 200 OK"
INFO:httpx:HTTP Request: POST https://chroma-copy-copy-production.up.railway.app/api/v2/tenants/default_tenant/databases/default_database/collections/569d9c2a-831f-4f67-a382-788c08186477/query "HTTP/1.1 200 OK"
INFO:hockey_mcp:✅ [TOOL COMPLETE] search_hockey_nhl_insights: returned 10 insights in 0.70s
Connecting to Chroma server at https://chroma-copy-copy-production.up.railway.app:443 with token: True
✅ Connected to remote Chroma server
Connecting to Chroma server at https://chroma-copy-copy-production.up.railway.app:443 with token: True
✅ Connected to remote Chroma server
Connecting to Chroma server at https://chroma-copy-copy-production.up.railway.app:443 with token: True
✅ Connected to remote Chroma server
Connecting to Chroma server at https://chroma-copy-copy-production.up.railway.app:443 with token: True
✅ Connected to remote Chroma server
Connecting to Chroma server at https://chroma-copy-copy-production.up.railway.app:443 with token: True
✅ Connected to remote Chroma server
INFO:     127.0.0.1:62202 - "POST /api/mcp HTTP/1.1" 200 OK
INFO:     127.0.0.1:62213 - "POST /api/mcp HTTP/1.1" 200 OK
INFO:     127.0.0.1:62214 - "POST /api/mcp HTTP/1.1" 200 OK
INFO:     127.0.0.1:62215 - "POST /api/mcp HTTP/1.1" 200 OK
INFO:mcp.server.lowlevel.server:Processing request of type ListToolsRequest
INFO:     127.0.0.1:62218 - "POST /api/mcp HTTP/1.1" 200 OK
INFO:mcp.server.lowlevel.server:Processing request of type CallToolRequest
INFO:hockey_mcp:🎯 [TOOL CALL] search_hockey_tactics: query='hockey teamwork communication support systems', types=None, positions=None, n_results=10
INFO:chromadb.telemetry.product.posthog:Anonymized telemetry enabled. See                     https://docs.trychroma.com/telemetry for more information.
INFO:httpx:HTTP Request: GET https://chroma-copy-copy-production.up.railway.app/api/v2/auth/identity "HTTP/1.1 200 OK"
INFO:chromadb.telemetry.product.posthog:Anonymized telemetry enabled. See                     https://docs.trychroma.com/telemetry for more information.
INFO:httpx:HTTP Request: GET https://chroma-copy-copy-production.up.railway.app/api/v2/tenants/default_tenant "HTTP/1.1 200 OK"
INFO:httpx:HTTP Request: GET https://chroma-copy-copy-production.up.railway.app/api/v2/tenants/default_tenant/databases/default_database "HTTP/1.1 200 OK"
INFO:httpx:HTTP Request: GET https://chroma-copy-copy-production.up.railway.app/api/v2/heartbeat "HTTP/1.1 200 OK"
INFO:httpx:HTTP Request: GET https://chroma-copy-copy-production.up.railway.app/api/v2/tenants/default_tenant/databases/default_database/collections/hockey_tactics "HTTP/1.1 200 OK"
INFO:httpx:HTTP Request: POST https://chroma-copy-copy-production.up.railway.app/api/v2/tenants/default_tenant/databases/default_database/collections/416b96b2-dc4c-4e89-adb6-2497cbc56e92/query "HTTP/1.1 200 OK"
INFO:hockey_mcp:✅ [TOOL COMPLETE] search_hockey_tactics: returned 10 tactics in 0.67s
INFO:mcp.server.lowlevel.server:Processing request of type ListToolsRequest
Connecting to Chroma server at https://chroma-copy-copy-production.up.railway.app:443 with token: True
✅ Connected to remote Chroma server
INFO:     127.0.0.1:62213 - "POST /api/mcp HTTP/1.1" 200 OK
INFO:mcp.server.lowlevel.server:Processing request of type CallToolRequest
INFO:hockey_mcp:⚡ [TOOL CALL] search_hockey_skills: query='hockey skating passing shooting stickhandling techniques', n_results=10
INFO:chromadb.telemetry.product.posthog:Anonymized telemetry enabled. See                     https://docs.trychroma.com/telemetry for more information.
INFO:httpx:HTTP Request: GET https://chroma-copy-copy-production.up.railway.app/api/v2/auth/identity "HTTP/1.1 200 OK"
INFO:chromadb.telemetry.product.posthog:Anonymized telemetry enabled. See                     https://docs.trychroma.com/telemetry for more information.
INFO:httpx:HTTP Request: GET https://chroma-copy-copy-production.up.railway.app/api/v2/tenants/default_tenant "HTTP/1.1 200 OK"
INFO:httpx:HTTP Request: GET https://chroma-copy-copy-production.up.railway.app/api/v2/tenants/default_tenant/databases/default_database "HTTP/1.1 200 OK"
INFO:httpx:HTTP Request: GET https://chroma-copy-copy-production.up.railway.app/api/v2/heartbeat "HTTP/1.1 200 OK"
INFO:httpx:HTTP Request: GET https://chroma-copy-copy-production.up.railway.app/api/v2/tenants/default_tenant/databases/default_database/collections/hockey_skills "HTTP/1.1 200 OK"
INFO:httpx:HTTP Request: POST https://chroma-copy-copy-production.up.railway.app/api/v2/tenants/default_tenant/databases/default_database/collections/689a1fad-d612-40de-b077-4cddc4b59524/query "HTTP/1.1 200 OK"
INFO:hockey_mcp:✅ [TOOL COMPLETE] search_hockey_skills: returned 10 skills in 0.73s
INFO:mcp.server.lowlevel.server:Processing request of type ListToolsRequest
Connecting to Chroma server at https://chroma-copy-copy-production.up.railway.app:443 with token: True
✅ Connected to remote Chroma server
INFO:     127.0.0.1:62213 - "POST /api/mcp HTTP/1.1" 200 OK
INFO:mcp.server.lowlevel.server:Processing request of type CallToolRequest
INFO:hockey_mcp:🎯 [TOOL CALL] search_hockey_tactics: query='hockey positions defensive offensive zone coverage', types=None, positions=None, n_results=10
INFO:chromadb.telemetry.product.posthog:Anonymized telemetry enabled. See                     https://docs.trychroma.com/telemetry for more information.
INFO:httpx:HTTP Request: GET https://chroma-copy-copy-production.up.railway.app/api/v2/auth/identity "HTTP/1.1 200 OK"
INFO:chromadb.telemetry.product.posthog:Anonymized telemetry enabled. See                     https://docs.trychroma.com/telemetry for more information.
INFO:httpx:HTTP Request: GET https://chroma-copy-copy-production.up.railway.app/api/v2/tenants/default_tenant "HTTP/1.1 200 OK"
INFO:httpx:HTTP Request: GET https://chroma-copy-copy-production.up.railway.app/api/v2/tenants/default_tenant/databases/default_database "HTTP/1.1 200 OK"
INFO:httpx:HTTP Request: GET https://chroma-copy-copy-production.up.railway.app/api/v2/heartbeat "HTTP/1.1 200 OK"
INFO:httpx:HTTP Request: GET https://chroma-copy-copy-production.up.railway.app/api/v2/tenants/default_tenant/databases/default_database/collections/hockey_tactics "HTTP/1.1 200 OK"
INFO:httpx:HTTP Request: POST https://chroma-copy-copy-production.up.railway.app/api/v2/tenants/default_tenant/databases/default_database/collections/416b96b2-dc4c-4e89-adb6-2497cbc56e92/query "HTTP/1.1 200 OK"
INFO:hockey_mcp:✅ [TOOL COMPLETE] search_hockey_tactics: returned 10 tactics in 0.71s
INFO:mcp.server.lowlevel.server:Processing request of type ListToolsRequest
Connecting to Chroma server at https://chroma-copy-copy-production.up.railway.app:443 with token: True
✅ Connected to remote Chroma server
INFO:     127.0.0.1:62213 - "POST /api/mcp HTTP/1.1" 200 OK
INFO:mcp.server.lowlevel.server:Processing request of type CallToolRequest
INFO:hockey_mcp:🎯 [TOOL CALL] search_hockey_tactics: query='hockey teamwork communication support systems', types=None, positions=None, n_results=10
INFO:chromadb.telemetry.product.posthog:Anonymized telemetry enabled. See                     https://docs.trychroma.com/telemetry for more information.
INFO:httpx:HTTP Request: GET https://chroma-copy-copy-production.up.railway.app/api/v2/auth/identity "HTTP/1.1 200 OK"
INFO:chromadb.telemetry.product.posthog:Anonymized telemetry enabled. See                     https://docs.trychroma.com/telemetry for more information.
INFO:httpx:HTTP Request: GET https://chroma-copy-copy-production.up.railway.app/api/v2/tenants/default_tenant "HTTP/1.1 200 OK"
INFO:httpx:HTTP Request: GET https://chroma-copy-copy-production.up.railway.app/api/v2/tenants/default_tenant/databases/default_database "HTTP/1.1 200 OK"
INFO:httpx:HTTP Request: GET https://chroma-copy-copy-production.up.railway.app/api/v2/heartbeat "HTTP/1.1 200 OK"
INFO:httpx:HTTP Request: GET https://chroma-copy-copy-production.up.railway.app/api/v2/tenants/default_tenant/databases/default_database/collections/hockey_tactics "HTTP/1.1 200 OK"
INFO:httpx:HTTP Request: POST https://chroma-copy-copy-production.up.railway.app/api/v2/tenants/default_tenant/databases/default_database/collections/416b96b2-dc4c-4e89-adb6-2497cbc56e92/query "HTTP/1.1 200 OK"
INFO:hockey_mcp:✅ [TOOL COMPLETE] search_hockey_tactics: returned 10 tactics in 0.68s
Connecting to Chroma server at https://chroma-copy-copy-production.up.railway.app:443 with token: True
✅ Connected to remote Chroma server
INFO:     127.0.0.1:62272 - "POST /api/mcp HTTP/1.1" 200 OK
INFO:mcp.server.lowlevel.server:Processing request of type ListToolsRequest
INFO:mcp.server.lowlevel.server:Processing request of type CallToolRequest
INFO:hockey_mcp:⚖️ [TOOL CALL] search_hockey_rules: query='hockey rules penalties offsides icing basics', n_results=10
INFO:chromadb.telemetry.product.posthog:Anonymized telemetry enabled. See                     https://docs.trychroma.com/telemetry for more information.
INFO:httpx:HTTP Request: GET https://chroma-copy-copy-production.up.railway.app/api/v2/auth/identity "HTTP/1.1 200 OK"
INFO:chromadb.telemetry.product.posthog:Anonymized telemetry enabled. See                     https://docs.trychroma.com/telemetry for more information.
INFO:httpx:HTTP Request: GET https://chroma-copy-copy-production.up.railway.app/api/v2/tenants/default_tenant "HTTP/1.1 200 OK"
INFO:httpx:HTTP Request: GET https://chroma-copy-copy-production.up.railway.app/api/v2/tenants/default_tenant/databases/default_database "HTTP/1.1 200 OK"
INFO:httpx:HTTP Request: GET https://chroma-copy-copy-production.up.railway.app/api/v2/heartbeat "HTTP/1.1 200 OK"
INFO:httpx:HTTP Request: GET https://chroma-copy-copy-production.up.railway.app/api/v2/tenants/default_tenant/databases/default_database/collections/hockey_rules "HTTP/1.1 200 OK"
INFO:httpx:HTTP Request: POST https://chroma-copy-copy-production.up.railway.app/api/v2/tenants/default_tenant/databases/default_database/collections/41ea6112-cab7-46b8-bf6d-86eabd3ace04/query "HTTP/1.1 200 OK"
INFO:hockey_mcp:✅ [TOOL COMPLETE] search_hockey_rules: returned 10 rules in 0.70s
Connecting to Chroma server at https://chroma-copy-copy-production.up.railway.app:443 with token: True
✅ Connected to remote Chroma server
INFO:     127.0.0.1:62213 - "POST /api/mcp HTTP/1.1" 200 OK
INFO:mcp.server.lowlevel.server:Processing request of type ListToolsRequest
INFO:mcp.server.lowlevel.server:Processing request of type CallToolRequest
INFO:hockey_mcp:🌟 [TOOL CALL] search_hockey_nhl_insights: query='hockey history NHL players Stanley Cup records', n_results=10
INFO:chromadb.telemetry.product.posthog:Anonymized telemetry enabled. See                     https://docs.trychroma.com/telemetry for more information.
INFO:httpx:HTTP Request: GET https://chroma-copy-copy-production.up.railway.app/api/v2/auth/identity "HTTP/1.1 200 OK"
INFO:chromadb.telemetry.product.posthog:Anonymized telemetry enabled. See                     https://docs.trychroma.com/telemetry for more information.
INFO:httpx:HTTP Request: GET https://chroma-copy-copy-production.up.railway.app/api/v2/tenants/default_tenant "HTTP/1.1 200 OK"
INFO:httpx:HTTP Request: GET https://chroma-copy-copy-production.up.railway.app/api/v2/tenants/default_tenant/databases/default_database "HTTP/1.1 200 OK"
INFO:httpx:HTTP Request: GET https://chroma-copy-copy-production.up.railway.app/api/v2/heartbeat "HTTP/1.1 200 OK"
INFO:httpx:HTTP Request: GET https://chroma-copy-copy-production.up.railway.app/api/v2/tenants/default_tenant/databases/default_database/collections/hockey_nhl_insights "HTTP/1.1 200 OK"
INFO:httpx:HTTP Request: POST https://chroma-copy-copy-production.up.railway.app/api/v2/tenants/default_tenant/databases/default_database/collections/569d9c2a-831f-4f67-a382-788c08186477/query "HTTP/1.1 200 OK"
INFO:hockey_mcp:✅ [TOOL COMPLETE] search_hockey_nhl_insights: returned 10 insights in 0.77s
INFO:mcp.server.lowlevel.server:Processing request of type ListToolsRequest
Connecting to Chroma server at https://chroma-copy-copy-production.up.railway.app:443 with token: True
✅ Connected to remote Chroma server
INFO:     127.0.0.1:62270 - "POST /api/mcp HTTP/1.1" 200 OK
INFO:     127.0.0.1:62274 - "POST /api/mcp HTTP/1.1" 200 OK
INFO:mcp.server.lowlevel.server:Processing request of type CallToolRequest
INFO:hockey_mcp:🎯 [TOOL CALL] search_hockey_tactics: query='hockey positions defensive offensive zone coverage', types=None, positions=None, n_results=10
INFO:chromadb.telemetry.product.posthog:Anonymized telemetry enabled. See                     https://docs.trychroma.com/telemetry for more information.
INFO:httpx:HTTP Request: GET https://chroma-copy-copy-production.up.railway.app/api/v2/auth/identity "HTTP/1.1 200 OK"
INFO:chromadb.telemetry.product.posthog:Anonymized telemetry enabled. See                     https://docs.trychroma.com/telemetry for more information.
INFO:httpx:HTTP Request: GET https://chroma-copy-copy-production.up.railway.app/api/v2/tenants/default_tenant "HTTP/1.1 200 OK"
INFO:httpx:HTTP Request: GET https://chroma-copy-copy-production.up.railway.app/api/v2/tenants/default_tenant/databases/default_database "HTTP/1.1 200 OK"
INFO:httpx:HTTP Request: GET https://chroma-copy-copy-production.up.railway.app/api/v2/heartbeat "HTTP/1.1 200 OK"
INFO:httpx:HTTP Request: GET https://chroma-copy-copy-production.up.railway.app/api/v2/tenants/default_tenant/databases/default_database/collections/hockey_tactics "HTTP/1.1 200 OK"
INFO:httpx:HTTP Request: POST https://chroma-copy-copy-production.up.railway.app/api/v2/tenants/default_tenant/databases/default_database/collections/416b96b2-dc4c-4e89-adb6-2497cbc56e92/query "HTTP/1.1 200 OK"
INFO:hockey_mcp:✅ [TOOL COMPLETE] search_hockey_tactics: returned 10 tactics in 0.72s
INFO:mcp.server.lowlevel.server:Processing request of type ListToolsRequest
INFO:mcp.server.lowlevel.server:Processing request of type CallToolRequest
INFO:hockey_mcp:⚡ [TOOL CALL] search_hockey_skills: query='hockey skating passing shooting stickhandling techniques', n_results=10
INFO:chromadb.telemetry.product.posthog:Anonymized telemetry enabled. See                     https://docs.trychroma.com/telemetry for more information.
INFO:httpx:HTTP Request: GET https://chroma-copy-copy-production.up.railway.app/api/v2/auth/identity "HTTP/1.1 200 OK"
INFO:chromadb.telemetry.product.posthog:Anonymized telemetry enabled. See                     https://docs.trychroma.com/telemetry for more information.
INFO:httpx:HTTP Request: GET https://chroma-copy-copy-production.up.railway.app/api/v2/tenants/default_tenant "HTTP/1.1 200 OK"
INFO:httpx:HTTP Request: GET https://chroma-copy-copy-production.up.railway.app/api/v2/tenants/default_tenant/databases/default_database "HTTP/1.1 200 OK"
INFO:httpx:HTTP Request: GET https://chroma-copy-copy-production.up.railway.app/api/v2/heartbeat "HTTP/1.1 200 OK"
INFO:httpx:HTTP Request: GET https://chroma-copy-copy-production.up.railway.app/api/v2/tenants/default_tenant/databases/default_database/collections/hockey_skills "HTTP/1.1 200 OK"
INFO:httpx:HTTP Request: POST https://chroma-copy-copy-production.up.railway.app/api/v2/tenants/default_tenant/databases/default_database/collections/689a1fad-d612-40de-b077-4cddc4b59524/query "HTTP/1.1 200 OK"
INFO:hockey_mcp:✅ [TOOL COMPLETE] search_hockey_skills: returned 10 skills in 0.71s
Connecting to Chroma server at https://chroma-copy-copy-production.up.railway.app:443 with token: True
✅ Connected to remote Chroma server
Connecting to Chroma server at https://chroma-copy-copy-production.up.railway.app:443 with token: True
✅ Connected to remote Chroma server
INFO:     127.0.0.1:62213 - "POST /api/mcp HTTP/1.1" 200 OK
INFO:mcp.server.lowlevel.server:Processing request of type ListToolsRequest
INFO:     127.0.0.1:62270 - "POST /api/mcp HTTP/1.1" 200 OK
INFO:mcp.server.lowlevel.server:Processing request of type CallToolRequest
INFO:hockey_mcp:🎯 [TOOL CALL] search_hockey_tactics: query='hockey teamwork communication support systems', types=None, positions=None, n_results=10
INFO:chromadb.telemetry.product.posthog:Anonymized telemetry enabled. See                     https://docs.trychroma.com/telemetry for more information.
INFO:httpx:HTTP Request: GET https://chroma-copy-copy-production.up.railway.app/api/v2/auth/identity "HTTP/1.1 200 OK"
INFO:chromadb.telemetry.product.posthog:Anonymized telemetry enabled. See                     https://docs.trychroma.com/telemetry for more information.
INFO:httpx:HTTP Request: GET https://chroma-copy-copy-production.up.railway.app/api/v2/tenants/default_tenant "HTTP/1.1 200 OK"
INFO:httpx:HTTP Request: GET https://chroma-copy-copy-production.up.railway.app/api/v2/tenants/default_tenant/databases/default_database "HTTP/1.1 200 OK"
INFO:httpx:HTTP Request: GET https://chroma-copy-copy-production.up.railway.app/api/v2/heartbeat "HTTP/1.1 200 OK"
INFO:httpx:HTTP Request: GET https://chroma-copy-copy-production.up.railway.app/api/v2/tenants/default_tenant/databases/default_database/collections/hockey_tactics "HTTP/1.1 200 OK"
INFO:httpx:HTTP Request: POST https://chroma-copy-copy-production.up.railway.app/api/v2/tenants/default_tenant/databases/default_database/collections/416b96b2-dc4c-4e89-adb6-2497cbc56e92/query "HTTP/1.1 200 OK"
INFO:hockey_mcp:✅ [TOOL COMPLETE] search_hockey_tactics: returned 10 tactics in 0.77s
INFO:mcp.server.lowlevel.server:Processing request of type ListToolsRequest
Connecting to Chroma server at https://chroma-copy-copy-production.up.railway.app:443 with token: True
✅ Connected to remote Chroma server
INFO:     127.0.0.1:62213 - "POST /api/mcp HTTP/1.1" 200 OK
INFO:mcp.server.lowlevel.server:Processing request of type CallToolRequest
INFO:hockey_mcp:⚖️ [TOOL CALL] search_hockey_rules: query='hockey rules penalties offsides icing basics', n_results=10
INFO:chromadb.telemetry.product.posthog:Anonymized telemetry enabled. See                     https://docs.trychroma.com/telemetry for more information.
INFO:httpx:HTTP Request: GET https://chroma-copy-copy-production.up.railway.app/api/v2/auth/identity "HTTP/1.1 200 OK"
INFO:chromadb.telemetry.product.posthog:Anonymized telemetry enabled. See                     https://docs.trychroma.com/telemetry for more information.
INFO:httpx:HTTP Request: GET https://chroma-copy-copy-production.up.railway.app/api/v2/tenants/default_tenant "HTTP/1.1 200 OK"
INFO:httpx:HTTP Request: GET https://chroma-copy-copy-production.up.railway.app/api/v2/tenants/default_tenant/databases/default_database "HTTP/1.1 200 OK"
INFO:httpx:HTTP Request: GET https://chroma-copy-copy-production.up.railway.app/api/v2/heartbeat "HTTP/1.1 200 OK"
INFO:httpx:HTTP Request: GET https://chroma-copy-copy-production.up.railway.app/api/v2/tenants/default_tenant/databases/default_database/collections/hockey_rules "HTTP/1.1 200 OK"
INFO:httpx:HTTP Request: POST https://chroma-copy-copy-production.up.railway.app/api/v2/tenants/default_tenant/databases/default_database/collections/41ea6112-cab7-46b8-bf6d-86eabd3ace04/query "HTTP/1.1 200 OK"
INFO:hockey_mcp:✅ [TOOL COMPLETE] search_hockey_rules: returned 10 rules in 0.72s
INFO:mcp.server.lowlevel.server:Processing request of type ListToolsRequest
Connecting to Chroma server at https://chroma-copy-copy-production.up.railway.app:443 with token: True
✅ Connected to remote Chroma server
INFO:     127.0.0.1:62213 - "POST /api/mcp HTTP/1.1" 200 OK
INFO:mcp.server.lowlevel.server:Processing request of type CallToolRequest
INFO:hockey_mcp:🎯 [TOOL CALL] search_hockey_tactics: query='hockey teamwork communication support systems', types=None, positions=None, n_results=10
INFO:chromadb.telemetry.product.posthog:Anonymized telemetry enabled. See                     https://docs.trychroma.com/telemetry for more information.
INFO:httpx:HTTP Request: GET https://chroma-copy-copy-production.up.railway.app/api/v2/auth/identity "HTTP/1.1 200 OK"
INFO:chromadb.telemetry.product.posthog:Anonymized telemetry enabled. See                     https://docs.trychroma.com/telemetry for more information.
INFO:httpx:HTTP Request: GET https://chroma-copy-copy-production.up.railway.app/api/v2/tenants/default_tenant "HTTP/1.1 200 OK"
INFO:httpx:HTTP Request: GET https://chroma-copy-copy-production.up.railway.app/api/v2/tenants/default_tenant/databases/default_database "HTTP/1.1 200 OK"
INFO:httpx:HTTP Request: GET https://chroma-copy-copy-production.up.railway.app/api/v2/heartbeat "HTTP/1.1 200 OK"
INFO:httpx:HTTP Request: GET https://chroma-copy-copy-production.up.railway.app/api/v2/tenants/default_tenant/databases/default_database/collections/hockey_tactics "HTTP/1.1 200 OK"
INFO:httpx:HTTP Request: POST https://chroma-copy-copy-production.up.railway.app/api/v2/tenants/default_tenant/databases/default_database/collections/416b96b2-dc4c-4e89-adb6-2497cbc56e92/query "HTTP/1.1 200 OK"
INFO:hockey_mcp:✅ [TOOL COMPLETE] search_hockey_tactics: returned 10 tactics in 0.80s
INFO:mcp.server.lowlevel.server:Processing request of type ListToolsRequest
Connecting to Chroma server at https://chroma-copy-copy-production.up.railway.app:443 with token: True
✅ Connected to remote Chroma server
INFO:     127.0.0.1:62213 - "POST /api/mcp HTTP/1.1" 200 OK
INFO:mcp.server.lowlevel.server:Processing request of type CallToolRequest
INFO:hockey_mcp:⚡ [TOOL CALL] search_hockey_skills: query='hockey skating passing shooting stickhandling techniques', n_results=10
INFO:chromadb.telemetry.product.posthog:Anonymized telemetry enabled. See                     https://docs.trychroma.com/telemetry for more information.
INFO:httpx:HTTP Request: GET https://chroma-copy-copy-production.up.railway.app/api/v2/auth/identity "HTTP/1.1 200 OK"
INFO:chromadb.telemetry.product.posthog:Anonymized telemetry enabled. See                     https://docs.trychroma.com/telemetry for more information.
INFO:httpx:HTTP Request: GET https://chroma-copy-copy-production.up.railway.app/api/v2/tenants/default_tenant "HTTP/1.1 200 OK"
INFO:httpx:HTTP Request: GET https://chroma-copy-copy-production.up.railway.app/api/v2/tenants/default_tenant/databases/default_database "HTTP/1.1 200 OK"
INFO:httpx:HTTP Request: GET https://chroma-copy-copy-production.up.railway.app/api/v2/heartbeat "HTTP/1.1 200 OK"
INFO:httpx:HTTP Request: GET https://chroma-copy-copy-production.up.railway.app/api/v2/tenants/default_tenant/databases/default_database/collections/hockey_skills "HTTP/1.1 200 OK"
INFO:httpx:HTTP Request: POST https://chroma-copy-copy-production.up.railway.app/api/v2/tenants/default_tenant/databases/default_database/collections/689a1fad-d612-40de-b077-4cddc4b59524/query "HTTP/1.1 200 OK"
INFO:hockey_mcp:✅ [TOOL COMPLETE] search_hockey_skills: returned 10 skills in 0.72s
INFO:mcp.server.lowlevel.server:Processing request of type ListToolsRequest
INFO:mcp.server.lowlevel.server:Processing request of type CallToolRequest
INFO:hockey_mcp:🎯 [TOOL CALL] search_hockey_tactics: query='hockey positions defensive offensive zone coverage', types=None, positions=None, n_results=10
INFO:chromadb.telemetry.product.posthog:Anonymized telemetry enabled. See                     https://docs.trychroma.com/telemetry for more information.
INFO:httpx:HTTP Request: GET https://chroma-copy-copy-production.up.railway.app/api/v2/auth/identity "HTTP/1.1 200 OK"
INFO:chromadb.telemetry.product.posthog:Anonymized telemetry enabled. See                     https://docs.trychroma.com/telemetry for more information.
INFO:httpx:HTTP Request: GET https://chroma-copy-copy-production.up.railway.app/api/v2/tenants/default_tenant "HTTP/1.1 200 OK"
INFO:httpx:HTTP Request: GET https://chroma-copy-copy-production.up.railway.app/api/v2/tenants/default_tenant/databases/default_database "HTTP/1.1 200 OK"
INFO:httpx:HTTP Request: GET https://chroma-copy-copy-production.up.railway.app/api/v2/heartbeat "HTTP/1.1 200 OK"
INFO:httpx:HTTP Request: GET https://chroma-copy-copy-production.up.railway.app/api/v2/tenants/default_tenant/databases/default_database/collections/hockey_tactics "HTTP/1.1 200 OK"
INFO:httpx:HTTP Request: POST https://chroma-copy-copy-production.up.railway.app/api/v2/tenants/default_tenant/databases/default_database/collections/416b96b2-dc4c-4e89-adb6-2497cbc56e92/query "HTTP/1.1 200 OK"
INFO:hockey_mcp:✅ [TOOL COMPLETE] search_hockey_tactics: returned 10 tactics in 0.77s
Connecting to Chroma server at https://chroma-copy-copy-production.up.railway.app:443 with token: True
✅ Connected to remote Chroma server
Connecting to Chroma server at https://chroma-copy-copy-production.up.railway.app:443 with token: True
✅ Connected to remote Chroma server
INFO:     127.0.0.1:62301 - "POST /api/mcp HTTP/1.1" 200 OK
INFO:     127.0.0.1:62213 - "POST /api/mcp HTTP/1.1" 200 OK
INFO:mcp.server.lowlevel.server:Processing request of type ListToolsRequest
INFO:     127.0.0.1:62296 - "POST /api/mcp HTTP/1.1" 200 OK
INFO:mcp.server.lowlevel.server:Processing request of type CallToolRequest
INFO:hockey_mcp:🌟 [TOOL CALL] search_hockey_nhl_insights: query='hockey history NHL players Stanley Cup records', n_results=10
INFO:chromadb.telemetry.product.posthog:Anonymized telemetry enabled. See                     https://docs.trychroma.com/telemetry for more information.
INFO:httpx:HTTP Request: GET https://chroma-copy-copy-production.up.railway.app/api/v2/auth/identity "HTTP/1.1 200 OK"
INFO:chromadb.telemetry.product.posthog:Anonymized telemetry enabled. See                     https://docs.trychroma.com/telemetry for more information.
INFO:httpx:HTTP Request: GET https://chroma-copy-copy-production.up.railway.app/api/v2/tenants/default_tenant "HTTP/1.1 200 OK"
INFO:httpx:HTTP Request: GET https://chroma-copy-copy-production.up.railway.app/api/v2/tenants/default_tenant/databases/default_database "HTTP/1.1 200 OK"
INFO:httpx:HTTP Request: GET https://chroma-copy-copy-production.up.railway.app/api/v2/heartbeat "HTTP/1.1 200 OK"
INFO:httpx:HTTP Request: GET https://chroma-copy-copy-production.up.railway.app/api/v2/tenants/default_tenant/databases/default_database/collections/hockey_nhl_insights "HTTP/1.1 200 OK"
INFO:httpx:HTTP Request: POST https://chroma-copy-copy-production.up.railway.app/api/v2/tenants/default_tenant/databases/default_database/collections/569d9c2a-831f-4f67-a382-788c08186477/query "HTTP/1.1 200 OK"
INFO:hockey_mcp:✅ [TOOL COMPLETE] search_hockey_nhl_insights: returned 10 insights in 0.62s
INFO:mcp.server.lowlevel.server:Processing request of type ListToolsRequest
Connecting to Chroma server at https://chroma-copy-copy-production.up.railway.app:443 with token: True
✅ Connected to remote Chroma server
INFO:     127.0.0.1:62304 - "POST /api/mcp HTTP/1.1" 200 OK
INFO:mcp.server.lowlevel.server:Processing request of type CallToolRequest
INFO:hockey_mcp:⚖️ [TOOL CALL] search_hockey_rules: query='hockey rules penalties offsides icing basics', n_results=10
INFO:chromadb.telemetry.product.posthog:Anonymized telemetry enabled. See                     https://docs.trychroma.com/telemetry for more information.
INFO:httpx:HTTP Request: GET https://chroma-copy-copy-production.up.railway.app/api/v2/auth/identity "HTTP/1.1 200 OK"
INFO:chromadb.telemetry.product.posthog:Anonymized telemetry enabled. See                     https://docs.trychroma.com/telemetry for more information.
INFO:httpx:HTTP Request: GET https://chroma-copy-copy-production.up.railway.app/api/v2/tenants/default_tenant "HTTP/1.1 200 OK"
INFO:httpx:HTTP Request: GET https://chroma-copy-copy-production.up.railway.app/api/v2/tenants/default_tenant/databases/default_database "HTTP/1.1 200 OK"
INFO:httpx:HTTP Request: GET https://chroma-copy-copy-production.up.railway.app/api/v2/heartbeat "HTTP/1.1 200 OK"
INFO:httpx:HTTP Request: GET https://chroma-copy-copy-production.up.railway.app/api/v2/tenants/default_tenant/databases/default_database/collections/hockey_rules "HTTP/1.1 200 OK"
INFO:httpx:HTTP Request: POST https://chroma-copy-copy-production.up.railway.app/api/v2/tenants/default_tenant/databases/default_database/collections/41ea6112-cab7-46b8-bf6d-86eabd3ace04/query "HTTP/1.1 200 OK"
INFO:hockey_mcp:✅ [TOOL COMPLETE] search_hockey_rules: returned 10 rules in 0.56s
INFO:mcp.server.lowlevel.server:Processing request of type ListToolsRequest
Connecting to Chroma server at https://chroma-copy-copy-production.up.railway.app:443 with token: True
✅ Connected to remote Chroma server
INFO:     127.0.0.1:62213 - "POST /api/mcp HTTP/1.1" 200 OK
INFO:mcp.server.lowlevel.server:Processing request of type CallToolRequest
INFO:hockey_mcp:🎯 [TOOL CALL] search_hockey_tactics: query='hockey positions defensive offensive zone coverage', types=None, positions=None, n_results=10
INFO:chromadb.telemetry.product.posthog:Anonymized telemetry enabled. See                     https://docs.trychroma.com/telemetry for more information.
INFO:httpx:HTTP Request: GET https://chroma-copy-copy-production.up.railway.app/api/v2/auth/identity "HTTP/1.1 200 OK"
INFO:chromadb.telemetry.product.posthog:Anonymized telemetry enabled. See                     https://docs.trychroma.com/telemetry for more information.
INFO:httpx:HTTP Request: GET https://chroma-copy-copy-production.up.railway.app/api/v2/tenants/default_tenant "HTTP/1.1 200 OK"
INFO:httpx:HTTP Request: GET https://chroma-copy-copy-production.up.railway.app/api/v2/tenants/default_tenant/databases/default_database "HTTP/1.1 200 OK"
INFO:httpx:HTTP Request: GET https://chroma-copy-copy-production.up.railway.app/api/v2/heartbeat "HTTP/1.1 200 OK"
INFO:httpx:HTTP Request: GET https://chroma-copy-copy-production.up.railway.app/api/v2/tenants/default_tenant/databases/default_database/collections/hockey_tactics "HTTP/1.1 200 OK"
INFO:httpx:HTTP Request: POST https://chroma-copy-copy-production.up.railway.app/api/v2/tenants/default_tenant/databases/default_database/collections/416b96b2-dc4c-4e89-adb6-2497cbc56e92/query "HTTP/1.1 200 OK"
INFO:hockey_mcp:✅ [TOOL COMPLETE] search_hockey_tactics: returned 10 tactics in 0.73s
INFO:mcp.server.lowlevel.server:Processing request of type ListToolsRequest
Connecting to Chroma server at https://chroma-copy-copy-production.up.railway.app:443 with token: True
✅ Connected to remote Chroma server
INFO:     127.0.0.1:62213 - "POST /api/mcp HTTP/1.1" 200 OK
INFO:     127.0.0.1:62213 - "POST /api/mcp HTTP/1.1" 200 OK
INFO:mcp.server.lowlevel.server:Processing request of type CallToolRequest
INFO:hockey_mcp:🌟 [TOOL CALL] search_hockey_nhl_insights: query='hockey history NHL players Stanley Cup records', n_results=10
INFO:chromadb.telemetry.product.posthog:Anonymized telemetry enabled. See                     https://docs.trychroma.com/telemetry for more information.
INFO:httpx:HTTP Request: GET https://chroma-copy-copy-production.up.railway.app/api/v2/auth/identity "HTTP/1.1 200 OK"
INFO:chromadb.telemetry.product.posthog:Anonymized telemetry enabled. See                     https://docs.trychroma.com/telemetry for more information.
INFO:httpx:HTTP Request: GET https://chroma-copy-copy-production.up.railway.app/api/v2/tenants/default_tenant "HTTP/1.1 200 OK"
INFO:httpx:HTTP Request: GET https://chroma-copy-copy-production.up.railway.app/api/v2/tenants/default_tenant/databases/default_database "HTTP/1.1 200 OK"
INFO:httpx:HTTP Request: GET https://chroma-copy-copy-production.up.railway.app/api/v2/heartbeat "HTTP/1.1 200 OK"
INFO:httpx:HTTP Request: GET https://chroma-copy-copy-production.up.railway.app/api/v2/tenants/default_tenant/databases/default_database/collections/hockey_nhl_insights "HTTP/1.1 200 OK"
INFO:httpx:HTTP Request: POST https://chroma-copy-copy-production.up.railway.app/api/v2/tenants/default_tenant/databases/default_database/collections/569d9c2a-831f-4f67-a382-788c08186477/query "HTTP/1.1 200 OK"
INFO:hockey_mcp:✅ [TOOL COMPLETE] search_hockey_nhl_insights: returned 10 insights in 0.63s
INFO:mcp.server.lowlevel.server:Processing request of type ListToolsRequest
INFO:mcp.server.lowlevel.server:Processing request of type CallToolRequest
INFO:hockey_mcp:⚡ [TOOL CALL] search_hockey_skills: query='hockey skating passing shooting stickhandling techniques', n_results=10
INFO:chromadb.telemetry.product.posthog:Anonymized telemetry enabled. See                     https://docs.trychroma.com/telemetry for more information.
INFO:httpx:HTTP Request: GET https://chroma-copy-copy-production.up.railway.app/api/v2/auth/identity "HTTP/1.1 200 OK"
INFO:chromadb.telemetry.product.posthog:Anonymized telemetry enabled. See                     https://docs.trychroma.com/telemetry for more information.
INFO:httpx:HTTP Request: GET https://chroma-copy-copy-production.up.railway.app/api/v2/tenants/default_tenant "HTTP/1.1 200 OK"
INFO:httpx:HTTP Request: GET https://chroma-copy-copy-production.up.railway.app/api/v2/tenants/default_tenant/databases/default_database "HTTP/1.1 200 OK"
INFO:httpx:HTTP Request: GET https://chroma-copy-copy-production.up.railway.app/api/v2/heartbeat "HTTP/1.1 200 OK"
INFO:httpx:HTTP Request: GET https://chroma-copy-copy-production.up.railway.app/api/v2/tenants/default_tenant/databases/default_database/collections/hockey_skills "HTTP/1.1 200 OK"
INFO:httpx:HTTP Request: POST https://chroma-copy-copy-production.up.railway.app/api/v2/tenants/default_tenant/databases/default_database/collections/689a1fad-d612-40de-b077-4cddc4b59524/query "HTTP/1.1 200 OK"
INFO:hockey_mcp:✅ [TOOL COMPLETE] search_hockey_skills: returned 10 skills in 0.65s
Connecting to Chroma server at https://chroma-copy-copy-production.up.railway.app:443 with token: True
✅ Connected to remote Chroma server
Connecting to Chroma server at https://chroma-copy-copy-production.up.railway.app:443 with token: True
✅ Connected to remote Chroma server
INFO:     127.0.0.1:62315 - "POST /api/mcp HTTP/1.1" 200 OK
INFO:mcp.server.lowlevel.server:Processing request of type ListToolsRequest
INFO:     127.0.0.1:62213 - "POST /api/mcp HTTP/1.1" 200 OK
INFO:mcp.server.lowlevel.server:Processing request of type CallToolRequest
INFO:hockey_mcp:⚖️ [TOOL CALL] search_hockey_rules: query='hockey rules penalties offsides icing basics', n_results=10
INFO:chromadb.telemetry.product.posthog:Anonymized telemetry enabled. See                     https://docs.trychroma.com/telemetry for more information.
INFO:httpx:HTTP Request: GET https://chroma-copy-copy-production.up.railway.app/api/v2/auth/identity "HTTP/1.1 200 OK"
INFO:chromadb.telemetry.product.posthog:Anonymized telemetry enabled. See                     https://docs.trychroma.com/telemetry for more information.
INFO:httpx:HTTP Request: GET https://chroma-copy-copy-production.up.railway.app/api/v2/tenants/default_tenant "HTTP/1.1 200 OK"
INFO:httpx:HTTP Request: GET https://chroma-copy-copy-production.up.railway.app/api/v2/tenants/default_tenant/databases/default_database "HTTP/1.1 200 OK"
INFO:httpx:HTTP Request: GET https://chroma-copy-copy-production.up.railway.app/api/v2/heartbeat "HTTP/1.1 200 OK"
INFO:httpx:HTTP Request: GET https://chroma-copy-copy-production.up.railway.app/api/v2/tenants/default_tenant/databases/default_database/collections/hockey_rules "HTTP/1.1 200 OK"
INFO:httpx:HTTP Request: POST https://chroma-copy-copy-production.up.railway.app/api/v2/tenants/default_tenant/databases/default_database/collections/41ea6112-cab7-46b8-bf6d-86eabd3ace04/query "HTTP/1.1 200 OK"
INFO:hockey_mcp:✅ [TOOL COMPLETE] search_hockey_rules: returned 10 rules in 0.68s
INFO:mcp.server.lowlevel.server:Processing request of type ListToolsRequest
Connecting to Chroma server at https://chroma-copy-copy-production.up.railway.app:443 with token: True
✅ Connected to remote Chroma server
INFO:     127.0.0.1:62213 - "POST /api/mcp HTTP/1.1" 200 OK
INFO:     127.0.0.1:62323 - "POST /api/mcp HTTP/1.1" 200 OK
INFO:mcp.server.lowlevel.server:Processing request of type CallToolRequest
INFO:hockey_mcp:🌟 [TOOL CALL] search_hockey_nhl_insights: query='hockey history NHL players Stanley Cup records', n_results=10
INFO:chromadb.telemetry.product.posthog:Anonymized telemetry enabled. See                     https://docs.trychroma.com/telemetry for more information.
INFO:httpx:HTTP Request: GET https://chroma-copy-copy-production.up.railway.app/api/v2/auth/identity "HTTP/1.1 200 OK"
INFO:chromadb.telemetry.product.posthog:Anonymized telemetry enabled. See                     https://docs.trychroma.com/telemetry for more information.
INFO:httpx:HTTP Request: GET https://chroma-copy-copy-production.up.railway.app/api/v2/tenants/default_tenant "HTTP/1.1 200 OK"
INFO:httpx:HTTP Request: GET https://chroma-copy-copy-production.up.railway.app/api/v2/tenants/default_tenant/databases/default_database "HTTP/1.1 200 OK"
INFO:httpx:HTTP Request: GET https://chroma-copy-copy-production.up.railway.app/api/v2/heartbeat "HTTP/1.1 200 OK"
INFO:httpx:HTTP Request: GET https://chroma-copy-copy-production.up.railway.app/api/v2/tenants/default_tenant/databases/default_database/collections/hockey_nhl_insights "HTTP/1.1 200 OK"
INFO:httpx:HTTP Request: POST https://chroma-copy-copy-production.up.railway.app/api/v2/tenants/default_tenant/databases/default_database/collections/569d9c2a-831f-4f67-a382-788c08186477/query "HTTP/1.1 200 OK"
INFO:hockey_mcp:✅ [TOOL COMPLETE] search_hockey_nhl_insights: returned 10 insights in 0.57s
INFO:mcp.server.lowlevel.server:Processing request of type ListToolsRequest
Connecting to Chroma server at https://chroma-copy-copy-production.up.railway.app:443 with token: True
✅ Connected to remote Chroma server
INFO:     127.0.0.1:62325 - "POST /api/mcp HTTP/1.1" 200 OK
INFO:mcp.server.lowlevel.server:Processing request of type PingRequest
INFO:mcp.server.lowlevel.server:Processing request of type ListToolsRequest
INFO:     127.0.0.1:64009 - "GET /api/mcp HTTP/1.1" 200 OK
INFO:mcp.server.lowlevel.server:Processing request of type PingRequest
INFO:mcp.server.lowlevel.server:Processing request of type ListToolsRequest
INFO:     127.0.0.1:64275 - "GET /api/mcp HTTP/1.1" 200 OK
INFO:mcp.server.lowlevel.server:Processing request of type PingRequest
INFO:mcp.server.lowlevel.server:Processing request of type ListToolsRequest
INFO:     127.0.0.1:64669 - "GET /api/mcp HTTP/1.1" 200 OK
INFO:mcp.server.lowlevel.server:Processing request of type CallToolRequest
INFO:hockey_mcp:🌟 [TOOL CALL] search_hockey_nhl_insights: query='hockey history NHL players Stanley Cup records', n_results=10
INFO:chromadb.telemetry.product.posthog:Anonymized telemetry enabled. See                     https://docs.trychroma.com/telemetry for more information.
INFO:httpx:HTTP Request: GET https://chroma-copy-copy-production.up.railway.app/api/v2/auth/identity "HTTP/1.1 200 OK"
INFO:chromadb.telemetry.product.posthog:Anonymized telemetry enabled. See                     https://docs.trychroma.com/telemetry for more information.
INFO:httpx:HTTP Request: GET https://chroma-copy-copy-production.up.railway.app/api/v2/tenants/default_tenant "HTTP/1.1 200 OK"
INFO:httpx:HTTP Request: GET https://chroma-copy-copy-production.up.railway.app/api/v2/tenants/default_tenant/databases/default_database "HTTP/1.1 200 OK"
INFO:httpx:HTTP Request: GET https://chroma-copy-copy-production.up.railway.app/api/v2/heartbeat "HTTP/1.1 200 OK"
INFO:httpx:HTTP Request: GET https://chroma-copy-copy-production.up.railway.app/api/v2/tenants/default_tenant/databases/default_database/collections/hockey_nhl_insights "HTTP/1.1 200 OK"
INFO:httpx:HTTP Request: POST https://chroma-copy-copy-production.up.railway.app/api/v2/tenants/default_tenant/databases/default_database/collections/569d9c2a-831f-4f67-a382-788c08186477/query "HTTP/1.1 200 OK"
INFO:hockey_mcp:✅ [TOOL COMPLETE] search_hockey_nhl_insights: returned 10 insights in 0.89s
INFO:mcp.server.lowlevel.server:Processing request of type ListToolsRequest
Connecting to Chroma server at https://chroma-copy-copy-production.up.railway.app:443 with token: True
✅ Connected to remote Chroma server
INFO:     127.0.0.1:65057 - "POST /api/mcp HTTP/1.1" 200 OK
INFO:mcp.server.lowlevel.server:Processing request of type CallToolRequest
INFO:hockey_mcp:⚖️ [TOOL CALL] search_hockey_rules: query='hockey rules penalties offsides icing basics', n_results=10
INFO:chromadb.telemetry.product.posthog:Anonymized telemetry enabled. See                     https://docs.trychroma.com/telemetry for more information.
INFO:httpx:HTTP Request: GET https://chroma-copy-copy-production.up.railway.app/api/v2/auth/identity "HTTP/1.1 200 OK"
INFO:chromadb.telemetry.product.posthog:Anonymized telemetry enabled. See                     https://docs.trychroma.com/telemetry for more information.
INFO:httpx:HTTP Request: GET https://chroma-copy-copy-production.up.railway.app/api/v2/tenants/default_tenant "HTTP/1.1 200 OK"
INFO:httpx:HTTP Request: GET https://chroma-copy-copy-production.up.railway.app/api/v2/tenants/default_tenant/databases/default_database "HTTP/1.1 200 OK"
INFO:httpx:HTTP Request: GET https://chroma-copy-copy-production.up.railway.app/api/v2/heartbeat "HTTP/1.1 200 OK"
INFO:httpx:HTTP Request: GET https://chroma-copy-copy-production.up.railway.app/api/v2/tenants/default_tenant/databases/default_database/collections/hockey_rules "HTTP/1.1 200 OK"
INFO:httpx:HTTP Request: POST https://chroma-copy-copy-production.up.railway.app/api/v2/tenants/default_tenant/databases/default_database/collections/41ea6112-cab7-46b8-bf6d-86eabd3ace04/query "HTTP/1.1 200 OK"
INFO:hockey_mcp:✅ [TOOL COMPLETE] search_hockey_rules: returned 10 rules in 1.57s
INFO:mcp.server.lowlevel.server:Processing request of type CallToolRequest
INFO:hockey_mcp:⚡ [TOOL CALL] search_hockey_skills: query='hockey skating passing shooting stickhandling techniques', n_results=10
INFO:chromadb.telemetry.product.posthog:Anonymized telemetry enabled. See                     https://docs.trychroma.com/telemetry for more information.
INFO:httpx:HTTP Request: GET https://chroma-copy-copy-production.up.railway.app/api/v2/auth/identity "HTTP/1.1 200 OK"
INFO:chromadb.telemetry.product.posthog:Anonymized telemetry enabled. See                     https://docs.trychroma.com/telemetry for more information.
INFO:httpx:HTTP Request: GET https://chroma-copy-copy-production.up.railway.app/api/v2/tenants/default_tenant "HTTP/1.1 200 OK"
INFO:httpx:HTTP Request: GET https://chroma-copy-copy-production.up.railway.app/api/v2/tenants/default_tenant/databases/default_database "HTTP/1.1 200 OK"
INFO:httpx:HTTP Request: GET https://chroma-copy-copy-production.up.railway.app/api/v2/heartbeat "HTTP/1.1 200 OK"
INFO:httpx:HTTP Request: GET https://chroma-copy-copy-production.up.railway.app/api/v2/tenants/default_tenant/databases/default_database/collections/hockey_skills "HTTP/1.1 200 OK"
INFO:httpx:HTTP Request: POST https://chroma-copy-copy-production.up.railway.app/api/v2/tenants/default_tenant/databases/default_database/collections/689a1fad-d612-40de-b077-4cddc4b59524/query "HTTP/1.1 200 OK"
INFO:hockey_mcp:✅ [TOOL COMPLETE] search_hockey_skills: returned 10 skills in 0.76s
INFO:mcp.server.lowlevel.server:Processing request of type CallToolRequest
INFO:hockey_mcp:🎯 [TOOL CALL] search_hockey_tactics: query='hockey positions defensive offensive zone coverage', types=None, positions=None, n_results=10
INFO:chromadb.telemetry.product.posthog:Anonymized telemetry enabled. See                     https://docs.trychroma.com/telemetry for more information.
INFO:httpx:HTTP Request: GET https://chroma-copy-copy-production.up.railway.app/api/v2/auth/identity "HTTP/1.1 200 OK"
INFO:chromadb.telemetry.product.posthog:Anonymized telemetry enabled. See                     https://docs.trychroma.com/telemetry for more information.
INFO:httpx:HTTP Request: GET https://chroma-copy-copy-production.up.railway.app/api/v2/tenants/default_tenant "HTTP/1.1 200 OK"
INFO:httpx:HTTP Request: GET https://chroma-copy-copy-production.up.railway.app/api/v2/tenants/default_tenant/databases/default_database "HTTP/1.1 200 OK"
INFO:httpx:HTTP Request: GET https://chroma-copy-copy-production.up.railway.app/api/v2/heartbeat "HTTP/1.1 200 OK"
INFO:httpx:HTTP Request: GET https://chroma-copy-copy-production.up.railway.app/api/v2/tenants/default_tenant/databases/default_database/collections/hockey_tactics "HTTP/1.1 200 OK"
INFO:httpx:HTTP Request: POST https://chroma-copy-copy-production.up.railway.app/api/v2/tenants/default_tenant/databases/default_database/collections/416b96b2-dc4c-4e89-adb6-2497cbc56e92/query "HTTP/1.1 200 OK"
INFO:hockey_mcp:✅ [TOOL COMPLETE] search_hockey_tactics: returned 10 tactics in 0.89s
INFO:mcp.server.lowlevel.server:Processing request of type CallToolRequest
INFO:hockey_mcp:🎯 [TOOL CALL] search_hockey_tactics: query='hockey teamwork communication support systems', types=None, positions=None, n_results=10
INFO:chromadb.telemetry.product.posthog:Anonymized telemetry enabled. See                     https://docs.trychroma.com/telemetry for more information.
INFO:httpx:HTTP Request: GET https://chroma-copy-copy-production.up.railway.app/api/v2/auth/identity "HTTP/1.1 200 OK"
INFO:chromadb.telemetry.product.posthog:Anonymized telemetry enabled. See                     https://docs.trychroma.com/telemetry for more information.
INFO:httpx:HTTP Request: GET https://chroma-copy-copy-production.up.railway.app/api/v2/tenants/default_tenant "HTTP/1.1 200 OK"
INFO:httpx:HTTP Request: GET https://chroma-copy-copy-production.up.railway.app/api/v2/tenants/default_tenant/databases/default_database "HTTP/1.1 200 OK"
INFO:httpx:HTTP Request: GET https://chroma-copy-copy-production.up.railway.app/api/v2/heartbeat "HTTP/1.1 200 OK"
INFO:httpx:HTTP Request: GET https://chroma-copy-copy-production.up.railway.app/api/v2/tenants/default_tenant/databases/default_database/collections/hockey_tactics "HTTP/1.1 200 OK"
INFO:httpx:HTTP Request: POST https://chroma-copy-copy-production.up.railway.app/api/v2/tenants/default_tenant/databases/default_database/collections/416b96b2-dc4c-4e89-adb6-2497cbc56e92/query "HTTP/1.1 200 OK"
INFO:hockey_mcp:✅ [TOOL COMPLETE] search_hockey_tactics: returned 10 tactics in 0.74s
INFO:mcp.server.lowlevel.server:Processing request of type ListToolsRequest
INFO:mcp.server.lowlevel.server:Processing request of type ListToolsRequest
INFO:mcp.server.lowlevel.server:Processing request of type ListToolsRequest
INFO:mcp.server.lowlevel.server:Processing request of type ListToolsRequest
INFO:mcp.server.lowlevel.server:Processing request of type CallToolRequest
INFO:hockey_mcp:🌟 [TOOL CALL] search_hockey_nhl_insights: query='hockey history NHL players Stanley Cup records', n_results=10
INFO:chromadb.telemetry.product.posthog:Anonymized telemetry enabled. See                     https://docs.trychroma.com/telemetry for more information.
INFO:httpx:HTTP Request: GET https://chroma-copy-copy-production.up.railway.app/api/v2/auth/identity "HTTP/1.1 200 OK"
INFO:chromadb.telemetry.product.posthog:Anonymized telemetry enabled. See                     https://docs.trychroma.com/telemetry for more information.
INFO:httpx:HTTP Request: GET https://chroma-copy-copy-production.up.railway.app/api/v2/tenants/default_tenant "HTTP/1.1 200 OK"
INFO:httpx:HTTP Request: GET https://chroma-copy-copy-production.up.railway.app/api/v2/tenants/default_tenant/databases/default_database "HTTP/1.1 200 OK"
INFO:httpx:HTTP Request: GET https://chroma-copy-copy-production.up.railway.app/api/v2/heartbeat "HTTP/1.1 200 OK"
INFO:httpx:HTTP Request: GET https://chroma-copy-copy-production.up.railway.app/api/v2/tenants/default_tenant/databases/default_database/collections/hockey_nhl_insights "HTTP/1.1 200 OK"
INFO:httpx:HTTP Request: POST https://chroma-copy-copy-production.up.railway.app/api/v2/tenants/default_tenant/databases/default_database/collections/569d9c2a-831f-4f67-a382-788c08186477/query "HTTP/1.1 200 OK"
INFO:hockey_mcp:✅ [TOOL COMPLETE] search_hockey_nhl_insights: returned 10 insights in 0.52s
Connecting to Chroma server at https://chroma-copy-copy-production.up.railway.app:443 with token: True
✅ Connected to remote Chroma server
Connecting to Chroma server at https://chroma-copy-copy-production.up.railway.app:443 with token: True
✅ Connected to remote Chroma server
Connecting to Chroma server at https://chroma-copy-copy-production.up.railway.app:443 with token: True
✅ Connected to remote Chroma server
Connecting to Chroma server at https://chroma-copy-copy-production.up.railway.app:443 with token: True
✅ Connected to remote Chroma server
Connecting to Chroma server at https://chroma-copy-copy-production.up.railway.app:443 with token: True
✅ Connected to remote Chroma server
INFO:     127.0.0.1:65057 - "POST /api/mcp HTTP/1.1" 200 OK
INFO:     127.0.0.1:65065 - "POST /api/mcp HTTP/1.1" 200 OK
INFO:     127.0.0.1:65066 - "POST /api/mcp HTTP/1.1" 200 OK
INFO:     127.0.0.1:65067 - "POST /api/mcp HTTP/1.1" 200 OK
INFO:mcp.server.lowlevel.server:Processing request of type ListToolsRequest
INFO:     127.0.0.1:65072 - "POST /api/mcp HTTP/1.1" 200 OK
INFO:mcp.server.lowlevel.server:Processing request of type CallToolRequest
INFO:hockey_mcp:🌟 [TOOL CALL] search_hockey_nhl_insights: query='hockey history NHL players Stanley Cup records', n_results=10
INFO:chromadb.telemetry.product.posthog:Anonymized telemetry enabled. See                     https://docs.trychroma.com/telemetry for more information.
INFO:httpx:HTTP Request: GET https://chroma-copy-copy-production.up.railway.app/api/v2/auth/identity "HTTP/1.1 200 OK"
INFO:chromadb.telemetry.product.posthog:Anonymized telemetry enabled. See                     https://docs.trychroma.com/telemetry for more information.
INFO:httpx:HTTP Request: GET https://chroma-copy-copy-production.up.railway.app/api/v2/tenants/default_tenant "HTTP/1.1 200 OK"
INFO:httpx:HTTP Request: GET https://chroma-copy-copy-production.up.railway.app/api/v2/tenants/default_tenant/databases/default_database "HTTP/1.1 200 OK"
INFO:httpx:HTTP Request: GET https://chroma-copy-copy-production.up.railway.app/api/v2/heartbeat "HTTP/1.1 200 OK"
INFO:httpx:HTTP Request: GET https://chroma-copy-copy-production.up.railway.app/api/v2/tenants/default_tenant/databases/default_database/collections/hockey_nhl_insights "HTTP/1.1 200 OK"
INFO:httpx:HTTP Request: POST https://chroma-copy-copy-production.up.railway.app/api/v2/tenants/default_tenant/databases/default_database/collections/569d9c2a-831f-4f67-a382-788c08186477/query "HTTP/1.1 200 OK"
INFO:hockey_mcp:✅ [TOOL COMPLETE] search_hockey_nhl_insights: returned 10 insights in 0.59s
INFO:mcp.server.lowlevel.server:Processing request of type ListToolsRequest
Connecting to Chroma server at https://chroma-copy-copy-production.up.railway.app:443 with token: True
✅ Connected to remote Chroma server
INFO:     127.0.0.1:65057 - "POST /api/mcp HTTP/1.1" 200 OK
INFO:mcp.server.lowlevel.server:Processing request of type CallToolRequest
INFO:hockey_mcp:🎯 [TOOL CALL] search_hockey_tactics: query='hockey teamwork communication support systems', types=None, positions=None, n_results=10
INFO:chromadb.telemetry.product.posthog:Anonymized telemetry enabled. See                     https://docs.trychroma.com/telemetry for more information.
INFO:httpx:HTTP Request: GET https://chroma-copy-copy-production.up.railway.app/api/v2/auth/identity "HTTP/1.1 200 OK"
INFO:chromadb.telemetry.product.posthog:Anonymized telemetry enabled. See                     https://docs.trychroma.com/telemetry for more information.
INFO:httpx:HTTP Request: GET https://chroma-copy-copy-production.up.railway.app/api/v2/tenants/default_tenant "HTTP/1.1 200 OK"
INFO:httpx:HTTP Request: GET https://chroma-copy-copy-production.up.railway.app/api/v2/tenants/default_tenant/databases/default_database "HTTP/1.1 200 OK"
INFO:httpx:HTTP Request: GET https://chroma-copy-copy-production.up.railway.app/api/v2/heartbeat "HTTP/1.1 200 OK"
INFO:httpx:HTTP Request: GET https://chroma-copy-copy-production.up.railway.app/api/v2/tenants/default_tenant/databases/default_database/collections/hockey_tactics "HTTP/1.1 200 OK"
INFO:httpx:HTTP Request: POST https://chroma-copy-copy-production.up.railway.app/api/v2/tenants/default_tenant/databases/default_database/collections/416b96b2-dc4c-4e89-adb6-2497cbc56e92/query "HTTP/1.1 200 OK"
INFO:hockey_mcp:✅ [TOOL COMPLETE] search_hockey_tactics: returned 10 tactics in 1.69s
INFO:mcp.server.lowlevel.server:Processing request of type ListToolsRequest
INFO:mcp.server.lowlevel.server:Processing request of type CallToolRequest
INFO:hockey_mcp:⚡ [TOOL CALL] search_hockey_skills: query='hockey skating passing shooting stickhandling techniques', n_results=10
INFO:chromadb.telemetry.product.posthog:Anonymized telemetry enabled. See                     https://docs.trychroma.com/telemetry for more information.
INFO:httpx:HTTP Request: GET https://chroma-copy-copy-production.up.railway.app/api/v2/auth/identity "HTTP/1.1 200 OK"
INFO:chromadb.telemetry.product.posthog:Anonymized telemetry enabled. See                     https://docs.trychroma.com/telemetry for more information.
INFO:httpx:HTTP Request: GET https://chroma-copy-copy-production.up.railway.app/api/v2/tenants/default_tenant "HTTP/1.1 200 OK"
INFO:httpx:HTTP Request: GET https://chroma-copy-copy-production.up.railway.app/api/v2/tenants/default_tenant/databases/default_database "HTTP/1.1 200 OK"
INFO:httpx:HTTP Request: GET https://chroma-copy-copy-production.up.railway.app/api/v2/heartbeat "HTTP/1.1 200 OK"
INFO:httpx:HTTP Request: GET https://chroma-copy-copy-production.up.railway.app/api/v2/tenants/default_tenant/databases/default_database/collections/hockey_skills "HTTP/1.1 200 OK"
INFO:httpx:HTTP Request: POST https://chroma-copy-copy-production.up.railway.app/api/v2/tenants/default_tenant/databases/default_database/collections/689a1fad-d612-40de-b077-4cddc4b59524/query "HTTP/1.1 200 OK"
INFO:hockey_mcp:✅ [TOOL COMPLETE] search_hockey_skills: returned 10 skills in 2.30s
INFO:mcp.server.lowlevel.server:Processing request of type CallToolRequest
INFO:hockey_mcp:🎯 [TOOL CALL] search_hockey_tactics: query='hockey positions defensive offensive zone coverage', types=None, positions=None, n_results=10
INFO:chromadb.telemetry.product.posthog:Anonymized telemetry enabled. See                     https://docs.trychroma.com/telemetry for more information.
INFO:httpx:HTTP Request: GET https://chroma-copy-copy-production.up.railway.app/api/v2/auth/identity "HTTP/1.1 200 OK"
INFO:chromadb.telemetry.product.posthog:Anonymized telemetry enabled. See                     https://docs.trychroma.com/telemetry for more information.
INFO:httpx:HTTP Request: GET https://chroma-copy-copy-production.up.railway.app/api/v2/tenants/default_tenant "HTTP/1.1 200 OK"
INFO:httpx:HTTP Request: GET https://chroma-copy-copy-production.up.railway.app/api/v2/tenants/default_tenant/databases/default_database "HTTP/1.1 200 OK"
INFO:httpx:HTTP Request: GET https://chroma-copy-copy-production.up.railway.app/api/v2/heartbeat "HTTP/1.1 200 OK"
INFO:httpx:HTTP Request: GET https://chroma-copy-copy-production.up.railway.app/api/v2/tenants/default_tenant/databases/default_database/collections/hockey_tactics "HTTP/1.1 200 OK"
INFO:httpx:HTTP Request: POST https://chroma-copy-copy-production.up.railway.app/api/v2/tenants/default_tenant/databases/default_database/collections/416b96b2-dc4c-4e89-adb6-2497cbc56e92/query "HTTP/1.1 200 OK"
INFO:hockey_mcp:✅ [TOOL COMPLETE] search_hockey_tactics: returned 10 tactics in 1.59s
INFO:mcp.server.lowlevel.server:Processing request of type CallToolRequest
INFO:hockey_mcp:⚖️ [TOOL CALL] search_hockey_rules: query='hockey rules penalties offsides icing basics', n_results=10
INFO:chromadb.telemetry.product.posthog:Anonymized telemetry enabled. See                     https://docs.trychroma.com/telemetry for more information.
INFO:httpx:HTTP Request: GET https://chroma-copy-copy-production.up.railway.app/api/v2/auth/identity "HTTP/1.1 200 OK"
INFO:chromadb.telemetry.product.posthog:Anonymized telemetry enabled. See                     https://docs.trychroma.com/telemetry for more information.
INFO:httpx:HTTP Request: GET https://chroma-copy-copy-production.up.railway.app/api/v2/tenants/default_tenant "HTTP/1.1 200 OK"
INFO:httpx:HTTP Request: GET https://chroma-copy-copy-production.up.railway.app/api/v2/tenants/default_tenant/databases/default_database "HTTP/1.1 200 OK"
INFO:httpx:HTTP Request: GET https://chroma-copy-copy-production.up.railway.app/api/v2/heartbeat "HTTP/1.1 200 OK"
INFO:httpx:HTTP Request: GET https://chroma-copy-copy-production.up.railway.app/api/v2/tenants/default_tenant/databases/default_database/collections/hockey_rules "HTTP/1.1 200 OK"
INFO:httpx:HTTP Request: POST https://chroma-copy-copy-production.up.railway.app/api/v2/tenants/default_tenant/databases/default_database/collections/41ea6112-cab7-46b8-bf6d-86eabd3ace04/query "HTTP/1.1 200 OK"
INFO:hockey_mcp:✅ [TOOL COMPLETE] search_hockey_rules: returned 10 rules in 1.49s
Connecting to Chroma server at https://chroma-copy-copy-production.up.railway.app:443 with token: True
✅ Connected to remote Chroma server
Connecting to Chroma server at https://chroma-copy-copy-production.up.railway.app:443 with token: True
✅ Connected to remote Chroma server
Connecting to Chroma server at https://chroma-copy-copy-production.up.railway.app:443 with token: True
✅ Connected to remote Chroma server
Connecting to Chroma server at https://chroma-copy-copy-production.up.railway.app:443 with token: True
✅ Connected to remote Chroma server
INFO:     127.0.0.1:65057 - "POST /api/mcp HTTP/1.1" 200 OK
INFO:mcp.server.lowlevel.server:Processing request of type ListToolsRequest
INFO:mcp.server.lowlevel.server:Processing request of type ListToolsRequest
INFO:mcp.server.lowlevel.server:Processing request of type ListToolsRequest
INFO:mcp.server.lowlevel.server:Processing request of type CallToolRequest
INFO:hockey_mcp:🌟 [TOOL CALL] search_hockey_nhl_insights: query='hockey history NHL players Stanley Cup records', n_results=10
INFO:chromadb.telemetry.product.posthog:Anonymized telemetry enabled. See                     https://docs.trychroma.com/telemetry for more information.
INFO:httpx:HTTP Request: GET https://chroma-copy-copy-production.up.railway.app/api/v2/auth/identity "HTTP/1.1 200 OK"
INFO:chromadb.telemetry.product.posthog:Anonymized telemetry enabled. See                     https://docs.trychroma.com/telemetry for more information.
INFO:httpx:HTTP Request: GET https://chroma-copy-copy-production.up.railway.app/api/v2/tenants/default_tenant "HTTP/1.1 200 OK"
INFO:httpx:HTTP Request: GET https://chroma-copy-copy-production.up.railway.app/api/v2/tenants/default_tenant/databases/default_database "HTTP/1.1 200 OK"
INFO:httpx:HTTP Request: GET https://chroma-copy-copy-production.up.railway.app/api/v2/heartbeat "HTTP/1.1 200 OK"
INFO:httpx:HTTP Request: GET https://chroma-copy-copy-production.up.railway.app/api/v2/tenants/default_tenant/databases/default_database/collections/hockey_nhl_insights "HTTP/1.1 200 OK"
INFO:httpx:HTTP Request: POST https://chroma-copy-copy-production.up.railway.app/api/v2/tenants/default_tenant/databases/default_database/collections/569d9c2a-831f-4f67-a382-788c08186477/query "HTTP/1.1 200 OK"
INFO:hockey_mcp:✅ [TOOL COMPLETE] search_hockey_nhl_insights: returned 10 insights in 0.56s
Connecting to Chroma server at https://chroma-copy-copy-production.up.railway.app:443 with token: True
✅ Connected to remote Chroma server
INFO:     127.0.0.1:65112 - "POST /api/mcp HTTP/1.1" 200 OK
INFO:     127.0.0.1:65114 - "POST /api/mcp HTTP/1.1" 200 OK
INFO:     127.0.0.1:65120 - "POST /api/mcp HTTP/1.1" 200 OK
INFO:mcp.server.lowlevel.server:Processing request of type ListToolsRequest
INFO:     127.0.0.1:65135 - "POST /api/mcp HTTP/1.1" 200 OK
INFO:mcp.server.lowlevel.server:Processing request of type CallToolRequest
INFO:hockey_mcp:⚖️ [TOOL CALL] search_hockey_rules: query='hockey rules penalties offsides icing basics', n_results=10
INFO:chromadb.telemetry.product.posthog:Anonymized telemetry enabled. See                     https://docs.trychroma.com/telemetry for more information.
INFO:httpx:HTTP Request: GET https://chroma-copy-copy-production.up.railway.app/api/v2/auth/identity "HTTP/1.1 200 OK"
INFO:chromadb.telemetry.product.posthog:Anonymized telemetry enabled. See                     https://docs.trychroma.com/telemetry for more information.
INFO:httpx:HTTP Request: GET https://chroma-copy-copy-production.up.railway.app/api/v2/tenants/default_tenant "HTTP/1.1 200 OK"
INFO:httpx:HTTP Request: GET https://chroma-copy-copy-production.up.railway.app/api/v2/tenants/default_tenant/databases/default_database "HTTP/1.1 200 OK"
INFO:httpx:HTTP Request: GET https://chroma-copy-copy-production.up.railway.app/api/v2/heartbeat "HTTP/1.1 200 OK"
INFO:httpx:HTTP Request: GET https://chroma-copy-copy-production.up.railway.app/api/v2/tenants/default_tenant/databases/default_database/collections/hockey_rules "HTTP/1.1 200 OK"
INFO:httpx:HTTP Request: POST https://chroma-copy-copy-production.up.railway.app/api/v2/tenants/default_tenant/databases/default_database/collections/41ea6112-cab7-46b8-bf6d-86eabd3ace04/query "HTTP/1.1 200 OK"
INFO:hockey_mcp:✅ [TOOL COMPLETE] search_hockey_rules: returned 10 rules in 0.63s
INFO:mcp.server.lowlevel.server:Processing request of type ListToolsRequest
INFO:mcp.server.lowlevel.server:Processing request of type CallToolRequest
INFO:hockey_mcp:🎯 [TOOL CALL] search_hockey_tactics: query='hockey teamwork communication support systems', types=None, positions=None, n_results=10
INFO:chromadb.telemetry.product.posthog:Anonymized telemetry enabled. See                     https://docs.trychroma.com/telemetry for more information.
INFO:httpx:HTTP Request: GET https://chroma-copy-copy-production.up.railway.app/api/v2/auth/identity "HTTP/1.1 200 OK"
INFO:chromadb.telemetry.product.posthog:Anonymized telemetry enabled. See                     https://docs.trychroma.com/telemetry for more information.
INFO:httpx:HTTP Request: GET https://chroma-copy-copy-production.up.railway.app/api/v2/tenants/default_tenant "HTTP/1.1 200 OK"
INFO:httpx:HTTP Request: GET https://chroma-copy-copy-production.up.railway.app/api/v2/tenants/default_tenant/databases/default_database "HTTP/1.1 200 OK"
INFO:httpx:HTTP Request: GET https://chroma-copy-copy-production.up.railway.app/api/v2/heartbeat "HTTP/1.1 200 OK"
INFO:httpx:HTTP Request: GET https://chroma-copy-copy-production.up.railway.app/api/v2/tenants/default_tenant/databases/default_database/collections/hockey_tactics "HTTP/1.1 200 OK"
INFO:httpx:HTTP Request: POST https://chroma-copy-copy-production.up.railway.app/api/v2/tenants/default_tenant/databases/default_database/collections/416b96b2-dc4c-4e89-adb6-2497cbc56e92/query "HTTP/1.1 200 OK"
INFO:hockey_mcp:✅ [TOOL COMPLETE] search_hockey_tactics: returned 10 tactics in 0.87s
Connecting to Chroma server at https://chroma-copy-copy-production.up.railway.app:443 with token: True
✅ Connected to remote Chroma server
Connecting to Chroma server at https://chroma-copy-copy-production.up.railway.app:443 with token: True
✅ Connected to remote Chroma server
INFO:     127.0.0.1:65149 - "POST /api/mcp HTTP/1.1" 200 OK
INFO:mcp.server.lowlevel.server:Processing request of type ListToolsRequest
INFO:     127.0.0.1:65112 - "POST /api/mcp HTTP/1.1" 200 OK
INFO:mcp.server.lowlevel.server:Processing request of type CallToolRequest
INFO:hockey_mcp:⚡ [TOOL CALL] search_hockey_skills: query='hockey skating passing shooting stickhandling techniques', n_results=10
INFO:chromadb.telemetry.product.posthog:Anonymized telemetry enabled. See                     https://docs.trychroma.com/telemetry for more information.
INFO:httpx:HTTP Request: GET https://chroma-copy-copy-production.up.railway.app/api/v2/auth/identity "HTTP/1.1 200 OK"
INFO:chromadb.telemetry.product.posthog:Anonymized telemetry enabled. See                     https://docs.trychroma.com/telemetry for more information.
INFO:httpx:HTTP Request: GET https://chroma-copy-copy-production.up.railway.app/api/v2/tenants/default_tenant "HTTP/1.1 200 OK"
INFO:httpx:HTTP Request: GET https://chroma-copy-copy-production.up.railway.app/api/v2/tenants/default_tenant/databases/default_database "HTTP/1.1 200 OK"
INFO:httpx:HTTP Request: GET https://chroma-copy-copy-production.up.railway.app/api/v2/heartbeat "HTTP/1.1 200 OK"
INFO:httpx:HTTP Request: GET https://chroma-copy-copy-production.up.railway.app/api/v2/tenants/default_tenant/databases/default_database/collections/hockey_skills "HTTP/1.1 200 OK"
INFO:httpx:HTTP Request: POST https://chroma-copy-copy-production.up.railway.app/api/v2/tenants/default_tenant/databases/default_database/collections/689a1fad-d612-40de-b077-4cddc4b59524/query "HTTP/1.1 200 OK"
INFO:hockey_mcp:✅ [TOOL COMPLETE] search_hockey_skills: returned 10 skills in 0.67s
INFO:mcp.server.lowlevel.server:Processing request of type ListToolsRequest
INFO:mcp.server.lowlevel.server:Processing request of type CallToolRequest
INFO:hockey_mcp:🎯 [TOOL CALL] search_hockey_tactics: query='hockey positions defensive offensive zone coverage', types=None, positions=None, n_results=10
INFO:chromadb.telemetry.product.posthog:Anonymized telemetry enabled. See                     https://docs.trychroma.com/telemetry for more information.
INFO:httpx:HTTP Request: GET https://chroma-copy-copy-production.up.railway.app/api/v2/auth/identity "HTTP/1.1 200 OK"
INFO:chromadb.telemetry.product.posthog:Anonymized telemetry enabled. See                     https://docs.trychroma.com/telemetry for more information.
INFO:httpx:HTTP Request: GET https://chroma-copy-copy-production.up.railway.app/api/v2/tenants/default_tenant "HTTP/1.1 200 OK"
INFO:httpx:HTTP Request: GET https://chroma-copy-copy-production.up.railway.app/api/v2/tenants/default_tenant/databases/default_database "HTTP/1.1 200 OK"
INFO:httpx:HTTP Request: GET https://chroma-copy-copy-production.up.railway.app/api/v2/heartbeat "HTTP/1.1 200 OK"
INFO:httpx:HTTP Request: GET https://chroma-copy-copy-production.up.railway.app/api/v2/tenants/default_tenant/databases/default_database/collections/hockey_tactics "HTTP/1.1 200 OK"
INFO:httpx:HTTP Request: POST https://chroma-copy-copy-production.up.railway.app/api/v2/tenants/default_tenant/databases/default_database/collections/416b96b2-dc4c-4e89-adb6-2497cbc56e92/query "HTTP/1.1 200 OK"
INFO:hockey_mcp:✅ [TOOL COMPLETE] search_hockey_tactics: returned 10 tactics in 0.63s
Connecting to Chroma server at https://chroma-copy-copy-production.up.railway.app:443 with token: True
✅ Connected to remote Chroma server
Connecting to Chroma server at https://chroma-copy-copy-production.up.railway.app:443 with token: True
✅ Connected to remote Chroma server
INFO:     127.0.0.1:65149 - "POST /api/mcp HTTP/1.1" 200 OK
INFO:mcp.server.lowlevel.server:Processing request of type ListToolsRequest
INFO:mcp.server.lowlevel.server:Processing request of type CallToolRequest
INFO:hockey_mcp:🌟 [TOOL CALL] search_hockey_nhl_insights: query='hockey history NHL players Stanley Cup records', n_results=10
INFO:chromadb.telemetry.product.posthog:Anonymized telemetry enabled. See                     https://docs.trychroma.com/telemetry for more information.
INFO:httpx:HTTP Request: GET https://chroma-copy-copy-production.up.railway.app/api/v2/auth/identity "HTTP/1.1 200 OK"
INFO:chromadb.telemetry.product.posthog:Anonymized telemetry enabled. See                     https://docs.trychroma.com/telemetry for more information.
INFO:httpx:HTTP Request: GET https://chroma-copy-copy-production.up.railway.app/api/v2/tenants/default_tenant "HTTP/1.1 200 OK"
INFO:httpx:HTTP Request: GET https://chroma-copy-copy-production.up.railway.app/api/v2/tenants/default_tenant/databases/default_database "HTTP/1.1 200 OK"
INFO:httpx:HTTP Request: GET https://chroma-copy-copy-production.up.railway.app/api/v2/heartbeat "HTTP/1.1 200 OK"
INFO:httpx:HTTP Request: GET https://chroma-copy-copy-production.up.railway.app/api/v2/tenants/default_tenant/databases/default_database/collections/hockey_nhl_insights "HTTP/1.1 200 OK"
INFO:httpx:HTTP Request: POST https://chroma-copy-copy-production.up.railway.app/api/v2/tenants/default_tenant/databases/default_database/collections/569d9c2a-831f-4f67-a382-788c08186477/query "HTTP/1.1 200 OK"
INFO:hockey_mcp:✅ [TOOL COMPLETE] search_hockey_nhl_insights: returned 10 insights in 0.58s
Connecting to Chroma server at https://chroma-copy-copy-production.up.railway.app:443 with token: True
✅ Connected to remote Chroma server
INFO:     127.0.0.1:65112 - "POST /api/mcp HTTP/1.1" 200 OK
INFO:mcp.server.lowlevel.server:Processing request of type ListToolsRequest
INFO:     127.0.0.1:65178 - "POST /api/mcp HTTP/1.1" 200 OK
INFO:mcp.server.lowlevel.server:Processing request of type CallToolRequest
INFO:hockey_mcp:⚖️ [TOOL CALL] search_hockey_rules: query='hockey rules penalties offsides icing basics', n_results=10
INFO:chromadb.telemetry.product.posthog:Anonymized telemetry enabled. See                     https://docs.trychroma.com/telemetry for more information.
INFO:httpx:HTTP Request: GET https://chroma-copy-copy-production.up.railway.app/api/v2/auth/identity "HTTP/1.1 200 OK"
INFO:chromadb.telemetry.product.posthog:Anonymized telemetry enabled. See                     https://docs.trychroma.com/telemetry for more information.
INFO:httpx:HTTP Request: GET https://chroma-copy-copy-production.up.railway.app/api/v2/tenants/default_tenant "HTTP/1.1 200 OK"
INFO:httpx:HTTP Request: GET https://chroma-copy-copy-production.up.railway.app/api/v2/tenants/default_tenant/databases/default_database "HTTP/1.1 200 OK"
INFO:httpx:HTTP Request: GET https://chroma-copy-copy-production.up.railway.app/api/v2/heartbeat "HTTP/1.1 200 OK"
INFO:httpx:HTTP Request: GET https://chroma-copy-copy-production.up.railway.app/api/v2/tenants/default_tenant/databases/default_database/collections/hockey_rules "HTTP/1.1 200 OK"
INFO:httpx:HTTP Request: POST https://chroma-copy-copy-production.up.railway.app/api/v2/tenants/default_tenant/databases/default_database/collections/41ea6112-cab7-46b8-bf6d-86eabd3ace04/query "HTTP/1.1 200 OK"
INFO:hockey_mcp:✅ [TOOL COMPLETE] search_hockey_rules: returned 10 rules in 0.54s
INFO:mcp.server.lowlevel.server:Processing request of type ListToolsRequest
INFO:mcp.server.lowlevel.server:Processing request of type CallToolRequest
INFO:hockey_mcp:🎯 [TOOL CALL] search_hockey_tactics: query='hockey teamwork communication support systems', types=None, positions=None, n_results=10
INFO:chromadb.telemetry.product.posthog:Anonymized telemetry enabled. See                     https://docs.trychroma.com/telemetry for more information.
INFO:httpx:HTTP Request: GET https://chroma-copy-copy-production.up.railway.app/api/v2/auth/identity "HTTP/1.1 200 OK"
INFO:chromadb.telemetry.product.posthog:Anonymized telemetry enabled. See                     https://docs.trychroma.com/telemetry for more information.
INFO:httpx:HTTP Request: GET https://chroma-copy-copy-production.up.railway.app/api/v2/tenants/default_tenant "HTTP/1.1 200 OK"
INFO:httpx:HTTP Request: GET https://chroma-copy-copy-production.up.railway.app/api/v2/tenants/default_tenant/databases/default_database "HTTP/1.1 200 OK"
INFO:httpx:HTTP Request: GET https://chroma-copy-copy-production.up.railway.app/api/v2/heartbeat "HTTP/1.1 200 OK"
INFO:httpx:HTTP Request: GET https://chroma-copy-copy-production.up.railway.app/api/v2/tenants/default_tenant/databases/default_database/collections/hockey_tactics "HTTP/1.1 200 OK"
INFO:httpx:HTTP Request: POST https://chroma-copy-copy-production.up.railway.app/api/v2/tenants/default_tenant/databases/default_database/collections/416b96b2-dc4c-4e89-adb6-2497cbc56e92/query "HTTP/1.1 200 OK"
INFO:hockey_mcp:✅ [TOOL COMPLETE] search_hockey_tactics: returned 10 tactics in 0.62s
Connecting to Chroma server at https://chroma-copy-copy-production.up.railway.app:443 with token: True
✅ Connected to remote Chroma server
Connecting to Chroma server at https://chroma-copy-copy-production.up.railway.app:443 with token: True
✅ Connected to remote Chroma server
INFO:     127.0.0.1:65149 - "POST /api/mcp HTTP/1.1" 200 OK
INFO:mcp.server.lowlevel.server:Processing request of type ListToolsRequest
INFO:     127.0.0.1:65112 - "POST /api/mcp HTTP/1.1" 200 OK
INFO:mcp.server.lowlevel.server:Processing request of type CallToolRequest
INFO:hockey_mcp:⚡ [TOOL CALL] search_hockey_skills: query='hockey skating passing shooting stickhandling techniques', n_results=10
INFO:chromadb.telemetry.product.posthog:Anonymized telemetry enabled. See                     https://docs.trychroma.com/telemetry for more information.
INFO:httpx:HTTP Request: GET https://chroma-copy-copy-production.up.railway.app/api/v2/auth/identity "HTTP/1.1 200 OK"
INFO:chromadb.telemetry.product.posthog:Anonymized telemetry enabled. See                     https://docs.trychroma.com/telemetry for more information.
INFO:httpx:HTTP Request: GET https://chroma-copy-copy-production.up.railway.app/api/v2/tenants/default_tenant "HTTP/1.1 200 OK"
INFO:httpx:HTTP Request: GET https://chroma-copy-copy-production.up.railway.app/api/v2/tenants/default_tenant/databases/default_database "HTTP/1.1 200 OK"
INFO:httpx:HTTP Request: GET https://chroma-copy-copy-production.up.railway.app/api/v2/heartbeat "HTTP/1.1 200 OK"
INFO:httpx:HTTP Request: GET https://chroma-copy-copy-production.up.railway.app/api/v2/tenants/default_tenant/databases/default_database/collections/hockey_skills "HTTP/1.1 200 OK"
INFO:httpx:HTTP Request: POST https://chroma-copy-copy-production.up.railway.app/api/v2/tenants/default_tenant/databases/default_database/collections/689a1fad-d612-40de-b077-4cddc4b59524/query "HTTP/1.1 200 OK"
INFO:hockey_mcp:✅ [TOOL COMPLETE] search_hockey_skills: returned 10 skills in 0.60s
INFO:mcp.server.lowlevel.server:Processing request of type ListToolsRequest
Connecting to Chroma server at https://chroma-copy-copy-production.up.railway.app:443 with token: True
✅ Connected to remote Chroma server
INFO:     127.0.0.1:65149 - "POST /api/mcp HTTP/1.1" 200 OK
INFO:mcp.server.lowlevel.server:Processing request of type CallToolRequest
INFO:hockey_mcp:🎯 [TOOL CALL] search_hockey_tactics: query='hockey positions defensive offensive zone coverage', types=None, positions=None, n_results=10
INFO:chromadb.telemetry.product.posthog:Anonymized telemetry enabled. See                     https://docs.trychroma.com/telemetry for more information.
INFO:httpx:HTTP Request: GET https://chroma-copy-copy-production.up.railway.app/api/v2/auth/identity "HTTP/1.1 200 OK"
INFO:chromadb.telemetry.product.posthog:Anonymized telemetry enabled. See                     https://docs.trychroma.com/telemetry for more information.
INFO:httpx:HTTP Request: GET https://chroma-copy-copy-production.up.railway.app/api/v2/tenants/default_tenant "HTTP/1.1 200 OK"
INFO:httpx:HTTP Request: GET https://chroma-copy-copy-production.up.railway.app/api/v2/tenants/default_tenant/databases/default_database "HTTP/1.1 200 OK"
INFO:httpx:HTTP Request: GET https://chroma-copy-copy-production.up.railway.app/api/v2/heartbeat "HTTP/1.1 200 OK"
INFO:httpx:HTTP Request: GET https://chroma-copy-copy-production.up.railway.app/api/v2/tenants/default_tenant/databases/default_database/collections/hockey_tactics "HTTP/1.1 200 OK"
INFO:httpx:HTTP Request: POST https://chroma-copy-copy-production.up.railway.app/api/v2/tenants/default_tenant/databases/default_database/collections/416b96b2-dc4c-4e89-adb6-2497cbc56e92/query "HTTP/1.1 200 OK"
INFO:hockey_mcp:✅ [TOOL COMPLETE] search_hockey_tactics: returned 10 tactics in 0.63s
INFO:mcp.server.lowlevel.server:Processing request of type ListToolsRequest
Connecting to Chroma server at https://chroma-copy-copy-production.up.railway.app:443 with token: True
✅ Connected to remote Chroma server
INFO:     127.0.0.1:65149 - "POST /api/mcp HTTP/1.1" 200 OK
INFO:mcp.server.lowlevel.server:Processing request of type CallToolRequest
INFO:hockey_mcp:🎯 [TOOL CALL] search_hockey_tactics: query='hockey teamwork communication support systems', types=None, positions=None, n_results=10
INFO:chromadb.telemetry.product.posthog:Anonymized telemetry enabled. See                     https://docs.trychroma.com/telemetry for more information.
INFO:httpx:HTTP Request: GET https://chroma-copy-copy-production.up.railway.app/api/v2/auth/identity "HTTP/1.1 200 OK"
INFO:chromadb.telemetry.product.posthog:Anonymized telemetry enabled. See                     https://docs.trychroma.com/telemetry for more information.
INFO:httpx:HTTP Request: GET https://chroma-copy-copy-production.up.railway.app/api/v2/tenants/default_tenant "HTTP/1.1 200 OK"
INFO:httpx:HTTP Request: GET https://chroma-copy-copy-production.up.railway.app/api/v2/tenants/default_tenant/databases/default_database "HTTP/1.1 200 OK"
INFO:httpx:HTTP Request: GET https://chroma-copy-copy-production.up.railway.app/api/v2/heartbeat "HTTP/1.1 200 OK"
INFO:httpx:HTTP Request: GET https://chroma-copy-copy-production.up.railway.app/api/v2/tenants/default_tenant/databases/default_database/collections/hockey_tactics "HTTP/1.1 200 OK"
INFO:httpx:HTTP Request: POST https://chroma-copy-copy-production.up.railway.app/api/v2/tenants/default_tenant/databases/default_database/collections/416b96b2-dc4c-4e89-adb6-2497cbc56e92/query "HTTP/1.1 200 OK"
INFO:hockey_mcp:✅ [TOOL COMPLETE] search_hockey_tactics: returned 10 tactics in 0.70s
INFO:mcp.server.lowlevel.server:Processing request of type ListToolsRequest
Connecting to Chroma server at https://chroma-copy-copy-production.up.railway.app:443 with token: True
✅ Connected to remote Chroma server
INFO:     127.0.0.1:65149 - "POST /api/mcp HTTP/1.1" 200 OK
INFO:mcp.server.lowlevel.server:Processing request of type CallToolRequest
INFO:hockey_mcp:⚡ [TOOL CALL] search_hockey_skills: query='hockey skating passing shooting stickhandling techniques', n_results=10
INFO:chromadb.telemetry.product.posthog:Anonymized telemetry enabled. See                     https://docs.trychroma.com/telemetry for more information.
INFO:httpx:HTTP Request: GET https://chroma-copy-copy-production.up.railway.app/api/v2/auth/identity "HTTP/1.1 200 OK"
INFO:chromadb.telemetry.product.posthog:Anonymized telemetry enabled. See                     https://docs.trychroma.com/telemetry for more information.
INFO:httpx:HTTP Request: GET https://chroma-copy-copy-production.up.railway.app/api/v2/tenants/default_tenant "HTTP/1.1 200 OK"
INFO:httpx:HTTP Request: GET https://chroma-copy-copy-production.up.railway.app/api/v2/tenants/default_tenant/databases/default_database "HTTP/1.1 200 OK"
INFO:httpx:HTTP Request: GET https://chroma-copy-copy-production.up.railway.app/api/v2/heartbeat "HTTP/1.1 200 OK"
INFO:httpx:HTTP Request: GET https://chroma-copy-copy-production.up.railway.app/api/v2/tenants/default_tenant/databases/default_database/collections/hockey_skills "HTTP/1.1 200 OK"
INFO:httpx:HTTP Request: POST https://chroma-copy-copy-production.up.railway.app/api/v2/tenants/default_tenant/databases/default_database/collections/689a1fad-d612-40de-b077-4cddc4b59524/query "HTTP/1.1 200 OK"
INFO:hockey_mcp:✅ [TOOL COMPLETE] search_hockey_skills: returned 10 skills in 1.06s
INFO:mcp.server.lowlevel.server:Processing request of type ListToolsRequest
INFO:mcp.server.lowlevel.server:Processing request of type CallToolRequest
INFO:hockey_mcp:⚖️ [TOOL CALL] search_hockey_rules: query='hockey rules penalties offsides icing basics', n_results=10
INFO:chromadb.telemetry.product.posthog:Anonymized telemetry enabled. See                     https://docs.trychroma.com/telemetry for more information.
INFO:httpx:HTTP Request: GET https://chroma-copy-copy-production.up.railway.app/api/v2/auth/identity "HTTP/1.1 200 OK"
INFO:chromadb.telemetry.product.posthog:Anonymized telemetry enabled. See                     https://docs.trychroma.com/telemetry for more information.
INFO:httpx:HTTP Request: GET https://chroma-copy-copy-production.up.railway.app/api/v2/tenants/default_tenant "HTTP/1.1 200 OK"
INFO:httpx:HTTP Request: GET https://chroma-copy-copy-production.up.railway.app/api/v2/tenants/default_tenant/databases/default_database "HTTP/1.1 200 OK"
INFO:httpx:HTTP Request: GET https://chroma-copy-copy-production.up.railway.app/api/v2/heartbeat "HTTP/1.1 200 OK"
INFO:httpx:HTTP Request: GET https://chroma-copy-copy-production.up.railway.app/api/v2/tenants/default_tenant/databases/default_database/collections/hockey_rules "HTTP/1.1 200 OK"
INFO:httpx:HTTP Request: POST https://chroma-copy-copy-production.up.railway.app/api/v2/tenants/default_tenant/databases/default_database/collections/41ea6112-cab7-46b8-bf6d-86eabd3ace04/query "HTTP/1.1 200 OK"
INFO:hockey_mcp:✅ [TOOL COMPLETE] search_hockey_rules: returned 10 rules in 0.53s
INFO:mcp.server.lowlevel.server:Processing request of type CallToolRequest
INFO:hockey_mcp:🌟 [TOOL CALL] search_hockey_nhl_insights: query='hockey history NHL players Stanley Cup records', n_results=10
INFO:chromadb.telemetry.product.posthog:Anonymized telemetry enabled. See                     https://docs.trychroma.com/telemetry for more information.
INFO:httpx:HTTP Request: GET https://chroma-copy-copy-production.up.railway.app/api/v2/auth/identity "HTTP/1.1 200 OK"
INFO:chromadb.telemetry.product.posthog:Anonymized telemetry enabled. See                     https://docs.trychroma.com/telemetry for more information.
INFO:httpx:HTTP Request: GET https://chroma-copy-copy-production.up.railway.app/api/v2/tenants/default_tenant "HTTP/1.1 200 OK"
INFO:httpx:HTTP Request: GET https://chroma-copy-copy-production.up.railway.app/api/v2/tenants/default_tenant/databases/default_database "HTTP/1.1 200 OK"
INFO:httpx:HTTP Request: GET https://chroma-copy-copy-production.up.railway.app/api/v2/heartbeat "HTTP/1.1 200 OK"
INFO:httpx:HTTP Request: GET https://chroma-copy-copy-production.up.railway.app/api/v2/tenants/default_tenant/databases/default_database/collections/hockey_nhl_insights "HTTP/1.1 200 OK"
INFO:httpx:HTTP Request: POST https://chroma-copy-copy-production.up.railway.app/api/v2/tenants/default_tenant/databases/default_database/collections/569d9c2a-831f-4f67-a382-788c08186477/query "HTTP/1.1 200 OK"
INFO:hockey_mcp:✅ [TOOL COMPLETE] search_hockey_nhl_insights: returned 10 insights in 0.53s
Connecting to Chroma server at https://chroma-copy-copy-production.up.railway.app:443 with token: True
✅ Connected to remote Chroma server
Connecting to Chroma server at https://chroma-copy-copy-production.up.railway.app:443 with token: True
✅ Connected to remote Chroma server
Connecting to Chroma server at https://chroma-copy-copy-production.up.railway.app:443 with token: True
✅ Connected to remote Chroma server
INFO:     127.0.0.1:65149 - "POST /api/mcp HTTP/1.1" 200 OK
INFO:mcp.server.lowlevel.server:Processing request of type ListToolsRequest
INFO:mcp.server.lowlevel.server:Processing request of type ListToolsRequest
INFO:mcp.server.lowlevel.server:Processing request of type CallToolRequest
INFO:hockey_mcp:🎯 [TOOL CALL] search_hockey_tactics: query='hockey positions defensive offensive zone coverage', types=None, positions=None, n_results=10
INFO:chromadb.telemetry.product.posthog:Anonymized telemetry enabled. See                     https://docs.trychroma.com/telemetry for more information.
INFO:httpx:HTTP Request: GET https://chroma-copy-copy-production.up.railway.app/api/v2/auth/identity "HTTP/1.1 200 OK"
INFO:chromadb.telemetry.product.posthog:Anonymized telemetry enabled. See                     https://docs.trychroma.com/telemetry for more information.
INFO:httpx:HTTP Request: GET https://chroma-copy-copy-production.up.railway.app/api/v2/tenants/default_tenant "HTTP/1.1 200 OK"
INFO:httpx:HTTP Request: GET https://chroma-copy-copy-production.up.railway.app/api/v2/tenants/default_tenant/databases/default_database "HTTP/1.1 200 OK"
INFO:httpx:HTTP Request: GET https://chroma-copy-copy-production.up.railway.app/api/v2/heartbeat "HTTP/1.1 200 OK"
INFO:httpx:HTTP Request: GET https://chroma-copy-copy-production.up.railway.app/api/v2/tenants/default_tenant/databases/default_database/collections/hockey_tactics "HTTP/1.1 200 OK"
INFO:httpx:HTTP Request: POST https://chroma-copy-copy-production.up.railway.app/api/v2/tenants/default_tenant/databases/default_database/collections/416b96b2-dc4c-4e89-adb6-2497cbc56e92/query "HTTP/1.1 200 OK"
INFO:hockey_mcp:✅ [TOOL COMPLETE] search_hockey_tactics: returned 10 tactics in 0.75s
Connecting to Chroma server at https://chroma-copy-copy-production.up.railway.app:443 with token: True
✅ Connected to remote Chroma server
INFO:     127.0.0.1:65229 - "POST /api/mcp HTTP/1.1" 200 OK
INFO:     127.0.0.1:65235 - "POST /api/mcp HTTP/1.1" 200 OK
INFO:mcp.server.lowlevel.server:Processing request of type ListToolsRequest
INFO:     127.0.0.1:65240 - "POST /api/mcp HTTP/1.1" 200 OK
INFO:mcp.server.lowlevel.server:Processing request of type CallToolRequest
INFO:hockey_mcp:🌟 [TOOL CALL] search_hockey_nhl_insights: query='hockey history NHL players Stanley Cup records', n_results=10
INFO:chromadb.telemetry.product.posthog:Anonymized telemetry enabled. See                     https://docs.trychroma.com/telemetry for more information.
INFO:httpx:HTTP Request: GET https://chroma-copy-copy-production.up.railway.app/api/v2/auth/identity "HTTP/1.1 200 OK"
INFO:chromadb.telemetry.product.posthog:Anonymized telemetry enabled. See                     https://docs.trychroma.com/telemetry for more information.
INFO:httpx:HTTP Request: GET https://chroma-copy-copy-production.up.railway.app/api/v2/tenants/default_tenant "HTTP/1.1 200 OK"
INFO:httpx:HTTP Request: GET https://chroma-copy-copy-production.up.railway.app/api/v2/tenants/default_tenant/databases/default_database "HTTP/1.1 200 OK"
INFO:httpx:HTTP Request: GET https://chroma-copy-copy-production.up.railway.app/api/v2/heartbeat "HTTP/1.1 200 OK"
INFO:httpx:HTTP Request: GET https://chroma-copy-copy-production.up.railway.app/api/v2/tenants/default_tenant/databases/default_database/collections/hockey_nhl_insights "HTTP/1.1 200 OK"
INFO:httpx:HTTP Request: POST https://chroma-copy-copy-production.up.railway.app/api/v2/tenants/default_tenant/databases/default_database/collections/569d9c2a-831f-4f67-a382-788c08186477/query "HTTP/1.1 200 OK"
INFO:hockey_mcp:✅ [TOOL COMPLETE] search_hockey_nhl_insights: returned 10 insights in 0.63s
INFO:mcp.server.lowlevel.server:Processing request of type ListToolsRequest
Connecting to Chroma server at https://chroma-copy-copy-production.up.railway.app:443 with token: True
✅ Connected to remote Chroma server
INFO:     127.0.0.1:65378 - "POST /api/mcp HTTP/1.1" 200 OK
INFO:mcp.server.lowlevel.server:Processing request of type CallToolRequest
INFO:hockey_mcp:⚖️ [TOOL CALL] search_hockey_rules: query='hockey rules penalties offsides icing basics', n_results=10
INFO:chromadb.telemetry.product.posthog:Anonymized telemetry enabled. See                     https://docs.trychroma.com/telemetry for more information.
INFO:httpx:HTTP Request: GET https://chroma-copy-copy-production.up.railway.app/api/v2/auth/identity "HTTP/1.1 200 OK"
INFO:chromadb.telemetry.product.posthog:Anonymized telemetry enabled. See                     https://docs.trychroma.com/telemetry for more information.
INFO:httpx:HTTP Request: GET https://chroma-copy-copy-production.up.railway.app/api/v2/tenants/default_tenant "HTTP/1.1 200 OK"
INFO:httpx:HTTP Request: GET https://chroma-copy-copy-production.up.railway.app/api/v2/tenants/default_tenant/databases/default_database "HTTP/1.1 200 OK"
INFO:httpx:HTTP Request: GET https://chroma-copy-copy-production.up.railway.app/api/v2/heartbeat "HTTP/1.1 200 OK"
INFO:httpx:HTTP Request: GET https://chroma-copy-copy-production.up.railway.app/api/v2/tenants/default_tenant/databases/default_database/collections/hockey_rules "HTTP/1.1 200 OK"
INFO:httpx:HTTP Request: POST https://chroma-copy-copy-production.up.railway.app/api/v2/tenants/default_tenant/databases/default_database/collections/41ea6112-cab7-46b8-bf6d-86eabd3ace04/query "HTTP/1.1 200 OK"
INFO:hockey_mcp:✅ [TOOL COMPLETE] search_hockey_rules: returned 10 rules in 0.60s
INFO:mcp.server.lowlevel.server:Processing request of type CallToolRequest
INFO:hockey_mcp:🎯 [TOOL CALL] search_hockey_tactics: query='hockey positions defensive offensive zone coverage', types=None, positions=None, n_results=10
INFO:chromadb.telemetry.product.posthog:Anonymized telemetry enabled. See                     https://docs.trychroma.com/telemetry for more information.
INFO:httpx:HTTP Request: GET https://chroma-copy-copy-production.up.railway.app/api/v2/auth/identity "HTTP/1.1 200 OK"
INFO:chromadb.telemetry.product.posthog:Anonymized telemetry enabled. See                     https://docs.trychroma.com/telemetry for more information.
INFO:httpx:HTTP Request: GET https://chroma-copy-copy-production.up.railway.app/api/v2/tenants/default_tenant "HTTP/1.1 200 OK"
INFO:httpx:HTTP Request: GET https://chroma-copy-copy-production.up.railway.app/api/v2/tenants/default_tenant/databases/default_database "HTTP/1.1 200 OK"
INFO:httpx:HTTP Request: GET https://chroma-copy-copy-production.up.railway.app/api/v2/heartbeat "HTTP/1.1 200 OK"
INFO:httpx:HTTP Request: GET https://chroma-copy-copy-production.up.railway.app/api/v2/tenants/default_tenant/databases/default_database/collections/hockey_tactics "HTTP/1.1 200 OK"
INFO:httpx:HTTP Request: POST https://chroma-copy-copy-production.up.railway.app/api/v2/tenants/default_tenant/databases/default_database/collections/416b96b2-dc4c-4e89-adb6-2497cbc56e92/query "HTTP/1.1 200 OK"
INFO:hockey_mcp:✅ [TOOL COMPLETE] search_hockey_tactics: returned 10 tactics in 0.61s
INFO:mcp.server.lowlevel.server:Processing request of type CallToolRequest
INFO:hockey_mcp:⚡ [TOOL CALL] search_hockey_skills: query='hockey skating passing shooting stickhandling techniques', n_results=10
INFO:chromadb.telemetry.product.posthog:Anonymized telemetry enabled. See                     https://docs.trychroma.com/telemetry for more information.
INFO:httpx:HTTP Request: GET https://chroma-copy-copy-production.up.railway.app/api/v2/auth/identity "HTTP/1.1 200 OK"
INFO:chromadb.telemetry.product.posthog:Anonymized telemetry enabled. See                     https://docs.trychroma.com/telemetry for more information.
INFO:httpx:HTTP Request: GET https://chroma-copy-copy-production.up.railway.app/api/v2/tenants/default_tenant "HTTP/1.1 200 OK"
INFO:httpx:HTTP Request: GET https://chroma-copy-copy-production.up.railway.app/api/v2/tenants/default_tenant/databases/default_database "HTTP/1.1 200 OK"
INFO:httpx:HTTP Request: GET https://chroma-copy-copy-production.up.railway.app/api/v2/heartbeat "HTTP/1.1 200 OK"
INFO:httpx:HTTP Request: GET https://chroma-copy-copy-production.up.railway.app/api/v2/tenants/default_tenant/databases/default_database/collections/hockey_skills "HTTP/1.1 200 OK"
INFO:httpx:HTTP Request: POST https://chroma-copy-copy-production.up.railway.app/api/v2/tenants/default_tenant/databases/default_database/collections/689a1fad-d612-40de-b077-4cddc4b59524/query "HTTP/1.1 200 OK"
INFO:hockey_mcp:✅ [TOOL COMPLETE] search_hockey_skills: returned 10 skills in 0.74s
INFO:mcp.server.lowlevel.server:Processing request of type CallToolRequest
INFO:hockey_mcp:🎯 [TOOL CALL] search_hockey_tactics: query='hockey teamwork communication support systems', types=None, positions=None, n_results=10
INFO:chromadb.telemetry.product.posthog:Anonymized telemetry enabled. See                     https://docs.trychroma.com/telemetry for more information.
INFO:httpx:HTTP Request: GET https://chroma-copy-copy-production.up.railway.app/api/v2/auth/identity "HTTP/1.1 200 OK"
INFO:chromadb.telemetry.product.posthog:Anonymized telemetry enabled. See                     https://docs.trychroma.com/telemetry for more information.
INFO:httpx:HTTP Request: GET https://chroma-copy-copy-production.up.railway.app/api/v2/tenants/default_tenant "HTTP/1.1 200 OK"
INFO:httpx:HTTP Request: GET https://chroma-copy-copy-production.up.railway.app/api/v2/tenants/default_tenant/databases/default_database "HTTP/1.1 200 OK"
INFO:httpx:HTTP Request: GET https://chroma-copy-copy-production.up.railway.app/api/v2/heartbeat "HTTP/1.1 200 OK"
INFO:httpx:HTTP Request: GET https://chroma-copy-copy-production.up.railway.app/api/v2/tenants/default_tenant/databases/default_database/collections/hockey_tactics "HTTP/1.1 200 OK"
INFO:httpx:HTTP Request: POST https://chroma-copy-copy-production.up.railway.app/api/v2/tenants/default_tenant/databases/default_database/collections/416b96b2-dc4c-4e89-adb6-2497cbc56e92/query "HTTP/1.1 200 OK"
INFO:hockey_mcp:✅ [TOOL COMPLETE] search_hockey_tactics: returned 10 tactics in 1.68s
INFO:mcp.server.lowlevel.server:Processing request of type ListToolsRequest
INFO:mcp.server.lowlevel.server:Processing request of type ListToolsRequest
INFO:mcp.server.lowlevel.server:Processing request of type ListToolsRequest
INFO:mcp.server.lowlevel.server:Processing request of type ListToolsRequest
INFO:mcp.server.lowlevel.server:Processing request of type CallToolRequest
INFO:hockey_mcp:🌟 [TOOL CALL] search_hockey_nhl_insights: query='hockey history NHL players Stanley Cup records', n_results=10
INFO:chromadb.telemetry.product.posthog:Anonymized telemetry enabled. See                     https://docs.trychroma.com/telemetry for more information.
INFO:httpx:HTTP Request: GET https://chroma-copy-copy-production.up.railway.app/api/v2/auth/identity "HTTP/1.1 200 OK"
INFO:chromadb.telemetry.product.posthog:Anonymized telemetry enabled. See                     https://docs.trychroma.com/telemetry for more information.
INFO:httpx:HTTP Request: GET https://chroma-copy-copy-production.up.railway.app/api/v2/tenants/default_tenant "HTTP/1.1 200 OK"
INFO:httpx:HTTP Request: GET https://chroma-copy-copy-production.up.railway.app/api/v2/tenants/default_tenant/databases/default_database "HTTP/1.1 200 OK"
INFO:httpx:HTTP Request: GET https://chroma-copy-copy-production.up.railway.app/api/v2/heartbeat "HTTP/1.1 200 OK"
INFO:httpx:HTTP Request: GET https://chroma-copy-copy-production.up.railway.app/api/v2/tenants/default_tenant/databases/default_database/collections/hockey_nhl_insights "HTTP/1.1 200 OK"
INFO:httpx:HTTP Request: POST https://chroma-copy-copy-production.up.railway.app/api/v2/tenants/default_tenant/databases/default_database/collections/569d9c2a-831f-4f67-a382-788c08186477/query "HTTP/1.1 200 OK"
INFO:hockey_mcp:✅ [TOOL COMPLETE] search_hockey_nhl_insights: returned 10 insights in 0.56s
Connecting to Chroma server at https://chroma-copy-copy-production.up.railway.app:443 with token: True
✅ Connected to remote Chroma server
Connecting to Chroma server at https://chroma-copy-copy-production.up.railway.app:443 with token: True
✅ Connected to remote Chroma server
Connecting to Chroma server at https://chroma-copy-copy-production.up.railway.app:443 with token: True
✅ Connected to remote Chroma server
Connecting to Chroma server at https://chroma-copy-copy-production.up.railway.app:443 with token: True
✅ Connected to remote Chroma server
Connecting to Chroma server at https://chroma-copy-copy-production.up.railway.app:443 with token: True
✅ Connected to remote Chroma server
INFO:     127.0.0.1:65402 - "POST /api/mcp HTTP/1.1" 200 OK
INFO:     127.0.0.1:65403 - "POST /api/mcp HTTP/1.1" 200 OK
INFO:     127.0.0.1:65404 - "POST /api/mcp HTTP/1.1" 200 OK
INFO:     127.0.0.1:65405 - "POST /api/mcp HTTP/1.1" 200 OK
INFO:mcp.server.lowlevel.server:Processing request of type ListToolsRequest
INFO:     127.0.0.1:65410 - "POST /api/mcp HTTP/1.1" 200 OK
INFO:mcp.server.lowlevel.server:Processing request of type CallToolRequest
INFO:hockey_mcp:🌟 [TOOL CALL] search_hockey_nhl_insights: query='hockey history NHL players Stanley Cup records', n_results=10
INFO:chromadb.telemetry.product.posthog:Anonymized telemetry enabled. See                     https://docs.trychroma.com/telemetry for more information.
INFO:httpx:HTTP Request: GET https://chroma-copy-copy-production.up.railway.app/api/v2/auth/identity "HTTP/1.1 200 OK"
INFO:chromadb.telemetry.product.posthog:Anonymized telemetry enabled. See                     https://docs.trychroma.com/telemetry for more information.
INFO:httpx:HTTP Request: GET https://chroma-copy-copy-production.up.railway.app/api/v2/tenants/default_tenant "HTTP/1.1 200 OK"
INFO:httpx:HTTP Request: GET https://chroma-copy-copy-production.up.railway.app/api/v2/tenants/default_tenant/databases/default_database "HTTP/1.1 200 OK"
INFO:httpx:HTTP Request: GET https://chroma-copy-copy-production.up.railway.app/api/v2/heartbeat "HTTP/1.1 200 OK"
INFO:httpx:HTTP Request: GET https://chroma-copy-copy-production.up.railway.app/api/v2/tenants/default_tenant/databases/default_database/collections/hockey_nhl_insights "HTTP/1.1 200 OK"
INFO:httpx:HTTP Request: POST https://chroma-copy-copy-production.up.railway.app/api/v2/tenants/default_tenant/databases/default_database/collections/569d9c2a-831f-4f67-a382-788c08186477/query "HTTP/1.1 200 OK"
INFO:hockey_mcp:✅ [TOOL COMPLETE] search_hockey_nhl_insights: returned 10 insights in 0.78s
INFO:mcp.server.lowlevel.server:Processing request of type ListToolsRequest
Connecting to Chroma server at https://chroma-copy-copy-production.up.railway.app:443 with token: True
✅ Connected to remote Chroma server
INFO:     127.0.0.1:49347 - "POST /api/mcp HTTP/1.1" 200 OK
INFO:mcp.server.lowlevel.server:Processing request of type CallToolRequest
INFO:hockey_mcp:⚖️ [TOOL CALL] search_hockey_rules: query='hockey rules penalties offsides icing basics', n_results=10
INFO:chromadb.telemetry.product.posthog:Anonymized telemetry enabled. See                     https://docs.trychroma.com/telemetry for more information.
INFO:httpx:HTTP Request: GET https://chroma-copy-copy-production.up.railway.app/api/v2/auth/identity "HTTP/1.1 200 OK"
INFO:chromadb.telemetry.product.posthog:Anonymized telemetry enabled. See                     https://docs.trychroma.com/telemetry for more information.
INFO:httpx:HTTP Request: GET https://chroma-copy-copy-production.up.railway.app/api/v2/tenants/default_tenant "HTTP/1.1 200 OK"
INFO:httpx:HTTP Request: GET https://chroma-copy-copy-production.up.railway.app/api/v2/tenants/default_tenant/databases/default_database "HTTP/1.1 200 OK"
INFO:httpx:HTTP Request: GET https://chroma-copy-copy-production.up.railway.app/api/v2/heartbeat "HTTP/1.1 200 OK"
INFO:httpx:HTTP Request: GET https://chroma-copy-copy-production.up.railway.app/api/v2/tenants/default_tenant/databases/default_database/collections/hockey_rules "HTTP/1.1 200 OK"
INFO:httpx:HTTP Request: POST https://chroma-copy-copy-production.up.railway.app/api/v2/tenants/default_tenant/databases/default_database/collections/41ea6112-cab7-46b8-bf6d-86eabd3ace04/query "HTTP/1.1 200 OK"
INFO:hockey_mcp:✅ [TOOL COMPLETE] search_hockey_rules: returned 10 rules in 0.66s
INFO:mcp.server.lowlevel.server:Processing request of type CallToolRequest
INFO:hockey_mcp:🎯 [TOOL CALL] search_hockey_tactics: query='hockey positions defensive offensive zone coverage', types=None, positions=None, n_results=10
INFO:chromadb.telemetry.product.posthog:Anonymized telemetry enabled. See                     https://docs.trychroma.com/telemetry for more information.
INFO:httpx:HTTP Request: GET https://chroma-copy-copy-production.up.railway.app/api/v2/auth/identity "HTTP/1.1 200 OK"
INFO:chromadb.telemetry.product.posthog:Anonymized telemetry enabled. See                     https://docs.trychroma.com/telemetry for more information.
INFO:httpx:HTTP Request: GET https://chroma-copy-copy-production.up.railway.app/api/v2/tenants/default_tenant "HTTP/1.1 200 OK"
INFO:httpx:HTTP Request: GET https://chroma-copy-copy-production.up.railway.app/api/v2/tenants/default_tenant/databases/default_database "HTTP/1.1 200 OK"
INFO:httpx:HTTP Request: GET https://chroma-copy-copy-production.up.railway.app/api/v2/heartbeat "HTTP/1.1 200 OK"
INFO:httpx:HTTP Request: GET https://chroma-copy-copy-production.up.railway.app/api/v2/tenants/default_tenant/databases/default_database/collections/hockey_tactics "HTTP/1.1 200 OK"
INFO:httpx:HTTP Request: POST https://chroma-copy-copy-production.up.railway.app/api/v2/tenants/default_tenant/databases/default_database/collections/416b96b2-dc4c-4e89-adb6-2497cbc56e92/query "HTTP/1.1 200 OK"
INFO:hockey_mcp:✅ [TOOL COMPLETE] search_hockey_tactics: returned 10 tactics in 0.78s
INFO:mcp.server.lowlevel.server:Processing request of type CallToolRequest
INFO:hockey_mcp:⚡ [TOOL CALL] search_hockey_skills: query='hockey skating passing shooting stickhandling techniques', n_results=10
INFO:chromadb.telemetry.product.posthog:Anonymized telemetry enabled. See                     https://docs.trychroma.com/telemetry for more information.
INFO:httpx:HTTP Request: GET https://chroma-copy-copy-production.up.railway.app/api/v2/auth/identity "HTTP/1.1 200 OK"
INFO:chromadb.telemetry.product.posthog:Anonymized telemetry enabled. See                     https://docs.trychroma.com/telemetry for more information.
INFO:httpx:HTTP Request: GET https://chroma-copy-copy-production.up.railway.app/api/v2/tenants/default_tenant "HTTP/1.1 200 OK"
INFO:httpx:HTTP Request: GET https://chroma-copy-copy-production.up.railway.app/api/v2/tenants/default_tenant/databases/default_database "HTTP/1.1 200 OK"
INFO:httpx:HTTP Request: GET https://chroma-copy-copy-production.up.railway.app/api/v2/heartbeat "HTTP/1.1 200 OK"
INFO:httpx:HTTP Request: GET https://chroma-copy-copy-production.up.railway.app/api/v2/tenants/default_tenant/databases/default_database/collections/hockey_skills "HTTP/1.1 200 OK"
INFO:httpx:HTTP Request: POST https://chroma-copy-copy-production.up.railway.app/api/v2/tenants/default_tenant/databases/default_database/collections/689a1fad-d612-40de-b077-4cddc4b59524/query "HTTP/1.1 200 OK"
INFO:hockey_mcp:✅ [TOOL COMPLETE] search_hockey_skills: returned 10 skills in 0.65s
INFO:mcp.server.lowlevel.server:Processing request of type CallToolRequest
INFO:hockey_mcp:🎯 [TOOL CALL] search_hockey_tactics: query='hockey teamwork communication support systems', types=None, positions=None, n_results=10
INFO:chromadb.telemetry.product.posthog:Anonymized telemetry enabled. See                     https://docs.trychroma.com/telemetry for more information.
INFO:httpx:HTTP Request: GET https://chroma-copy-copy-production.up.railway.app/api/v2/auth/identity "HTTP/1.1 200 OK"
INFO:chromadb.telemetry.product.posthog:Anonymized telemetry enabled. See                     https://docs.trychroma.com/telemetry for more information.
INFO:httpx:HTTP Request: GET https://chroma-copy-copy-production.up.railway.app/api/v2/tenants/default_tenant "HTTP/1.1 200 OK"
INFO:httpx:HTTP Request: GET https://chroma-copy-copy-production.up.railway.app/api/v2/tenants/default_tenant/databases/default_database "HTTP/1.1 200 OK"
INFO:httpx:HTTP Request: GET https://chroma-copy-copy-production.up.railway.app/api/v2/heartbeat "HTTP/1.1 200 OK"
INFO:httpx:HTTP Request: GET https://chroma-copy-copy-production.up.railway.app/api/v2/tenants/default_tenant/databases/default_database/collections/hockey_tactics "HTTP/1.1 200 OK"
INFO:httpx:HTTP Request: POST https://chroma-copy-copy-production.up.railway.app/api/v2/tenants/default_tenant/databases/default_database/collections/416b96b2-dc4c-4e89-adb6-2497cbc56e92/query "HTTP/1.1 200 OK"
INFO:hockey_mcp:✅ [TOOL COMPLETE] search_hockey_tactics: returned 10 tactics in 0.64s
INFO:mcp.server.lowlevel.server:Processing request of type ListToolsRequest
INFO:mcp.server.lowlevel.server:Processing request of type ListToolsRequest
INFO:mcp.server.lowlevel.server:Processing request of type ListToolsRequest
INFO:mcp.server.lowlevel.server:Processing request of type ListToolsRequest
INFO:mcp.server.lowlevel.server:Processing request of type CallToolRequest
INFO:hockey_mcp:🌟 [TOOL CALL] search_hockey_nhl_insights: query='hockey history NHL players Stanley Cup records', n_results=10
INFO:chromadb.telemetry.product.posthog:Anonymized telemetry enabled. See                     https://docs.trychroma.com/telemetry for more information.
INFO:httpx:HTTP Request: GET https://chroma-copy-copy-production.up.railway.app/api/v2/auth/identity "HTTP/1.1 200 OK"
INFO:chromadb.telemetry.product.posthog:Anonymized telemetry enabled. See                     https://docs.trychroma.com/telemetry for more information.
INFO:httpx:HTTP Request: GET https://chroma-copy-copy-production.up.railway.app/api/v2/tenants/default_tenant "HTTP/1.1 200 OK"
INFO:httpx:HTTP Request: GET https://chroma-copy-copy-production.up.railway.app/api/v2/tenants/default_tenant/databases/default_database "HTTP/1.1 200 OK"
INFO:httpx:HTTP Request: GET https://chroma-copy-copy-production.up.railway.app/api/v2/heartbeat "HTTP/1.1 200 OK"
INFO:httpx:HTTP Request: GET https://chroma-copy-copy-production.up.railway.app/api/v2/tenants/default_tenant/databases/default_database/collections/hockey_nhl_insights "HTTP/1.1 200 OK"
INFO:httpx:HTTP Request: POST https://chroma-copy-copy-production.up.railway.app/api/v2/tenants/default_tenant/databases/default_database/collections/569d9c2a-831f-4f67-a382-788c08186477/query "HTTP/1.1 200 OK"
INFO:hockey_mcp:✅ [TOOL COMPLETE] search_hockey_nhl_insights: returned 10 insights in 0.76s
Connecting to Chroma server at https://chroma-copy-copy-production.up.railway.app:443 with token: True
✅ Connected to remote Chroma server
Connecting to Chroma server at https://chroma-copy-copy-production.up.railway.app:443 with token: True
✅ Connected to remote Chroma server
Connecting to Chroma server at https://chroma-copy-copy-production.up.railway.app:443 with token: True
✅ Connected to remote Chroma server
Connecting to Chroma server at https://chroma-copy-copy-production.up.railway.app:443 with token: True
✅ Connected to remote Chroma server
Connecting to Chroma server at https://chroma-copy-copy-production.up.railway.app:443 with token: True
✅ Connected to remote Chroma server
INFO:     127.0.0.1:49347 - "POST /api/mcp HTTP/1.1" 200 OK
INFO:     127.0.0.1:49376 - "POST /api/mcp HTTP/1.1" 200 OK
INFO:     127.0.0.1:49377 - "POST /api/mcp HTTP/1.1" 200 OK
INFO:mcp.server.lowlevel.server:Processing request of type ListToolsRequest
INFO:     127.0.0.1:49378 - "POST /api/mcp HTTP/1.1" 200 OK
INFO:     127.0.0.1:49383 - "POST /api/mcp HTTP/1.1" 200 OK
INFO:mcp.server.lowlevel.server:Processing request of type CallToolRequest
INFO:hockey_mcp:🌟 [TOOL CALL] search_hockey_nhl_insights: query='hockey history NHL players Stanley Cup records', n_results=10
INFO:chromadb.telemetry.product.posthog:Anonymized telemetry enabled. See                     https://docs.trychroma.com/telemetry for more information.
INFO:httpx:HTTP Request: GET https://chroma-copy-copy-production.up.railway.app/api/v2/auth/identity "HTTP/1.1 200 OK"
INFO:chromadb.telemetry.product.posthog:Anonymized telemetry enabled. See                     https://docs.trychroma.com/telemetry for more information.
INFO:httpx:HTTP Request: GET https://chroma-copy-copy-production.up.railway.app/api/v2/tenants/default_tenant "HTTP/1.1 200 OK"
INFO:httpx:HTTP Request: GET https://chroma-copy-copy-production.up.railway.app/api/v2/tenants/default_tenant/databases/default_database "HTTP/1.1 200 OK"
INFO:httpx:HTTP Request: GET https://chroma-copy-copy-production.up.railway.app/api/v2/heartbeat "HTTP/1.1 200 OK"
INFO:httpx:HTTP Request: GET https://chroma-copy-copy-production.up.railway.app/api/v2/tenants/default_tenant/databases/default_database/collections/hockey_nhl_insights "HTTP/1.1 200 OK"
INFO:httpx:HTTP Request: POST https://chroma-copy-copy-production.up.railway.app/api/v2/tenants/default_tenant/databases/default_database/collections/569d9c2a-831f-4f67-a382-788c08186477/query "HTTP/1.1 200 OK"
INFO:hockey_mcp:✅ [TOOL COMPLETE] search_hockey_nhl_insights: returned 10 insights in 0.62s
INFO:mcp.server.lowlevel.server:Processing request of type ListToolsRequest
Connecting to Chroma server at https://chroma-copy-copy-production.up.railway.app:443 with token: True
✅ Connected to remote Chroma server
INFO:     127.0.0.1:49347 - "POST /api/mcp HTTP/1.1" 200 OK
INFO:mcp.server.lowlevel.server:Processing request of type CallToolRequest
INFO:hockey_mcp:⚖️ [TOOL CALL] search_hockey_rules: query='hockey rules penalties offsides icing basics', n_results=10
INFO:chromadb.telemetry.product.posthog:Anonymized telemetry enabled. See                     https://docs.trychroma.com/telemetry for more information.
INFO:httpx:HTTP Request: GET https://chroma-copy-copy-production.up.railway.app/api/v2/auth/identity "HTTP/1.1 200 OK"
INFO:chromadb.telemetry.product.posthog:Anonymized telemetry enabled. See                     https://docs.trychroma.com/telemetry for more information.
INFO:httpx:HTTP Request: GET https://chroma-copy-copy-production.up.railway.app/api/v2/tenants/default_tenant "HTTP/1.1 200 OK"
INFO:httpx:HTTP Request: GET https://chroma-copy-copy-production.up.railway.app/api/v2/tenants/default_tenant/databases/default_database "HTTP/1.1 200 OK"
INFO:httpx:HTTP Request: GET https://chroma-copy-copy-production.up.railway.app/api/v2/heartbeat "HTTP/1.1 200 OK"
INFO:httpx:HTTP Request: GET https://chroma-copy-copy-production.up.railway.app/api/v2/tenants/default_tenant/databases/default_database/collections/hockey_rules "HTTP/1.1 200 OK"
INFO:httpx:HTTP Request: POST https://chroma-copy-copy-production.up.railway.app/api/v2/tenants/default_tenant/databases/default_database/collections/41ea6112-cab7-46b8-bf6d-86eabd3ace04/query "HTTP/1.1 200 OK"
INFO:hockey_mcp:✅ [TOOL COMPLETE] search_hockey_rules: returned 10 rules in 0.61s
INFO:mcp.server.lowlevel.server:Processing request of type ListToolsRequest
INFO:mcp.server.lowlevel.server:Processing request of type CallToolRequest
INFO:hockey_mcp:🎯 [TOOL CALL] search_hockey_tactics: query='hockey teamwork communication support systems', types=None, positions=None, n_results=10
INFO:chromadb.telemetry.product.posthog:Anonymized telemetry enabled. See                     https://docs.trychroma.com/telemetry for more information.
INFO:httpx:HTTP Request: GET https://chroma-copy-copy-production.up.railway.app/api/v2/auth/identity "HTTP/1.1 200 OK"
INFO:chromadb.telemetry.product.posthog:Anonymized telemetry enabled. See                     https://docs.trychroma.com/telemetry for more information.
INFO:httpx:HTTP Request: GET https://chroma-copy-copy-production.up.railway.app/api/v2/tenants/default_tenant "HTTP/1.1 200 OK"
INFO:httpx:HTTP Request: GET https://chroma-copy-copy-production.up.railway.app/api/v2/tenants/default_tenant/databases/default_database "HTTP/1.1 200 OK"
INFO:httpx:HTTP Request: GET https://chroma-copy-copy-production.up.railway.app/api/v2/heartbeat "HTTP/1.1 200 OK"
INFO:httpx:HTTP Request: GET https://chroma-copy-copy-production.up.railway.app/api/v2/tenants/default_tenant/databases/default_database/collections/hockey_tactics "HTTP/1.1 200 OK"
INFO:httpx:HTTP Request: POST https://chroma-copy-copy-production.up.railway.app/api/v2/tenants/default_tenant/databases/default_database/collections/416b96b2-dc4c-4e89-adb6-2497cbc56e92/query "HTTP/1.1 200 OK"
INFO:hockey_mcp:✅ [TOOL COMPLETE] search_hockey_tactics: returned 10 tactics in 0.63s
INFO:mcp.server.lowlevel.server:Processing request of type CallToolRequest
INFO:hockey_mcp:⚡ [TOOL CALL] search_hockey_skills: query='hockey skating passing shooting stickhandling techniques', n_results=10
INFO:chromadb.telemetry.product.posthog:Anonymized telemetry enabled. See                     https://docs.trychroma.com/telemetry for more information.
INFO:httpx:HTTP Request: GET https://chroma-copy-copy-production.up.railway.app/api/v2/auth/identity "HTTP/1.1 200 OK"
INFO:chromadb.telemetry.product.posthog:Anonymized telemetry enabled. See                     https://docs.trychroma.com/telemetry for more information.
INFO:httpx:HTTP Request: GET https://chroma-copy-copy-production.up.railway.app/api/v2/tenants/default_tenant "HTTP/1.1 200 OK"
INFO:httpx:HTTP Request: GET https://chroma-copy-copy-production.up.railway.app/api/v2/tenants/default_tenant/databases/default_database "HTTP/1.1 200 OK"
INFO:httpx:HTTP Request: GET https://chroma-copy-copy-production.up.railway.app/api/v2/heartbeat "HTTP/1.1 200 OK"
INFO:httpx:HTTP Request: GET https://chroma-copy-copy-production.up.railway.app/api/v2/tenants/default_tenant/databases/default_database/collections/hockey_skills "HTTP/1.1 200 OK"
INFO:httpx:HTTP Request: POST https://chroma-copy-copy-production.up.railway.app/api/v2/tenants/default_tenant/databases/default_database/collections/689a1fad-d612-40de-b077-4cddc4b59524/query "HTTP/1.1 200 OK"
INFO:hockey_mcp:✅ [TOOL COMPLETE] search_hockey_skills: returned 10 skills in 0.62s
INFO:mcp.server.lowlevel.server:Processing request of type CallToolRequest
INFO:hockey_mcp:🎯 [TOOL CALL] search_hockey_tactics: query='hockey positions defensive offensive zone coverage', types=None, positions=None, n_results=10
INFO:chromadb.telemetry.product.posthog:Anonymized telemetry enabled. See                     https://docs.trychroma.com/telemetry for more information.
INFO:httpx:HTTP Request: GET https://chroma-copy-copy-production.up.railway.app/api/v2/auth/identity "HTTP/1.1 200 OK"
INFO:chromadb.telemetry.product.posthog:Anonymized telemetry enabled. See                     https://docs.trychroma.com/telemetry for more information.
INFO:httpx:HTTP Request: GET https://chroma-copy-copy-production.up.railway.app/api/v2/tenants/default_tenant "HTTP/1.1 200 OK"
INFO:httpx:HTTP Request: GET https://chroma-copy-copy-production.up.railway.app/api/v2/tenants/default_tenant/databases/default_database "HTTP/1.1 200 OK"
INFO:httpx:HTTP Request: GET https://chroma-copy-copy-production.up.railway.app/api/v2/heartbeat "HTTP/1.1 200 OK"
INFO:httpx:HTTP Request: GET https://chroma-copy-copy-production.up.railway.app/api/v2/tenants/default_tenant/databases/default_database/collections/hockey_tactics "HTTP/1.1 200 OK"
INFO:httpx:HTTP Request: POST https://chroma-copy-copy-production.up.railway.app/api/v2/tenants/default_tenant/databases/default_database/collections/416b96b2-dc4c-4e89-adb6-2497cbc56e92/query "HTTP/1.1 200 OK"
INFO:hockey_mcp:✅ [TOOL COMPLETE] search_hockey_tactics: returned 10 tactics in 0.63s
Connecting to Chroma server at https://chroma-copy-copy-production.up.railway.app:443 with token: True
✅ Connected to remote Chroma server
Connecting to Chroma server at https://chroma-copy-copy-production.up.railway.app:443 with token: True
✅ Connected to remote Chroma server
Connecting to Chroma server at https://chroma-copy-copy-production.up.railway.app:443 with token: True
✅ Connected to remote Chroma server
Connecting to Chroma server at https://chroma-copy-copy-production.up.railway.app:443 with token: True
✅ Connected to remote Chroma server
INFO:     127.0.0.1:49347 - "POST /api/mcp HTTP/1.1" 200 OK
INFO:mcp.server.lowlevel.server:Processing request of type ListToolsRequest
INFO:mcp.server.lowlevel.server:Processing request of type ListToolsRequest
INFO:mcp.server.lowlevel.server:Processing request of type ListToolsRequest
INFO:     127.0.0.1:49430 - "POST /api/mcp HTTP/1.1" 200 OK
INFO:     127.0.0.1:49432 - "POST /api/mcp HTTP/1.1" 200 OK
INFO:     127.0.0.1:49435 - "POST /api/mcp HTTP/1.1" 200 OK
INFO:mcp.server.lowlevel.server:Processing request of type CallToolRequest
INFO:hockey_mcp:🌟 [TOOL CALL] search_hockey_nhl_insights: query='hockey history NHL players Stanley Cup records', n_results=10
INFO:chromadb.telemetry.product.posthog:Anonymized telemetry enabled. See                     https://docs.trychroma.com/telemetry for more information.
INFO:httpx:HTTP Request: GET https://chroma-copy-copy-production.up.railway.app/api/v2/auth/identity "HTTP/1.1 200 OK"
INFO:chromadb.telemetry.product.posthog:Anonymized telemetry enabled. See                     https://docs.trychroma.com/telemetry for more information.
INFO:httpx:HTTP Request: GET https://chroma-copy-copy-production.up.railway.app/api/v2/tenants/default_tenant "HTTP/1.1 200 OK"
INFO:httpx:HTTP Request: GET https://chroma-copy-copy-production.up.railway.app/api/v2/tenants/default_tenant/databases/default_database "HTTP/1.1 200 OK"
INFO:httpx:HTTP Request: GET https://chroma-copy-copy-production.up.railway.app/api/v2/heartbeat "HTTP/1.1 200 OK"
INFO:httpx:HTTP Request: GET https://chroma-copy-copy-production.up.railway.app/api/v2/tenants/default_tenant/databases/default_database/collections/hockey_nhl_insights "HTTP/1.1 200 OK"
INFO:httpx:HTTP Request: POST https://chroma-copy-copy-production.up.railway.app/api/v2/tenants/default_tenant/databases/default_database/collections/569d9c2a-831f-4f67-a382-788c08186477/query "HTTP/1.1 200 OK"
INFO:hockey_mcp:✅ [TOOL COMPLETE] search_hockey_nhl_insights: returned 10 insights in 0.52s
INFO:mcp.server.lowlevel.server:Processing request of type ListToolsRequest
Connecting to Chroma server at https://chroma-copy-copy-production.up.railway.app:443 with token: True
✅ Connected to remote Chroma server
INFO:     127.0.0.1:49347 - "POST /api/mcp HTTP/1.1" 200 OK
INFO:mcp.server.lowlevel.server:Processing request of type CallToolRequest
INFO:hockey_mcp:🎯 [TOOL CALL] search_hockey_tactics: query='hockey teamwork communication support systems', types=None, positions=None, n_results=10
INFO:chromadb.telemetry.product.posthog:Anonymized telemetry enabled. See                     https://docs.trychroma.com/telemetry for more information.
INFO:httpx:HTTP Request: GET https://chroma-copy-copy-production.up.railway.app/api/v2/auth/identity "HTTP/1.1 200 OK"
INFO:chromadb.telemetry.product.posthog:Anonymized telemetry enabled. See                     https://docs.trychroma.com/telemetry for more information.
INFO:httpx:HTTP Request: GET https://chroma-copy-copy-production.up.railway.app/api/v2/tenants/default_tenant "HTTP/1.1 200 OK"
INFO:httpx:HTTP Request: GET https://chroma-copy-copy-production.up.railway.app/api/v2/tenants/default_tenant/databases/default_database "HTTP/1.1 200 OK"
INFO:httpx:HTTP Request: GET https://chroma-copy-copy-production.up.railway.app/api/v2/heartbeat "HTTP/1.1 200 OK"
INFO:httpx:HTTP Request: GET https://chroma-copy-copy-production.up.railway.app/api/v2/tenants/default_tenant/databases/default_database/collections/hockey_tactics "HTTP/1.1 200 OK"
INFO:httpx:HTTP Request: POST https://chroma-copy-copy-production.up.railway.app/api/v2/tenants/default_tenant/databases/default_database/collections/416b96b2-dc4c-4e89-adb6-2497cbc56e92/query "HTTP/1.1 200 OK"
INFO:hockey_mcp:✅ [TOOL COMPLETE] search_hockey_tactics: returned 10 tactics in 1.05s
INFO:mcp.server.lowlevel.server:Processing request of type ListToolsRequest
INFO:mcp.server.lowlevel.server:Processing request of type CallToolRequest
INFO:hockey_mcp:⚖️ [TOOL CALL] search_hockey_rules: query='hockey rules penalties offsides icing basics', n_results=10
INFO:chromadb.telemetry.product.posthog:Anonymized telemetry enabled. See                     https://docs.trychroma.com/telemetry for more information.
INFO:httpx:HTTP Request: GET https://chroma-copy-copy-production.up.railway.app/api/v2/auth/identity "HTTP/1.1 200 OK"
INFO:chromadb.telemetry.product.posthog:Anonymized telemetry enabled. See                     https://docs.trychroma.com/telemetry for more information.
INFO:httpx:HTTP Request: GET https://chroma-copy-copy-production.up.railway.app/api/v2/tenants/default_tenant "HTTP/1.1 200 OK"
INFO:httpx:HTTP Request: GET https://chroma-copy-copy-production.up.railway.app/api/v2/tenants/default_tenant/databases/default_database "HTTP/1.1 200 OK"
INFO:httpx:HTTP Request: GET https://chroma-copy-copy-production.up.railway.app/api/v2/heartbeat "HTTP/1.1 200 OK"
INFO:httpx:HTTP Request: GET https://chroma-copy-copy-production.up.railway.app/api/v2/tenants/default_tenant/databases/default_database/collections/hockey_rules "HTTP/1.1 200 OK"
INFO:httpx:HTTP Request: POST https://chroma-copy-copy-production.up.railway.app/api/v2/tenants/default_tenant/databases/default_database/collections/41ea6112-cab7-46b8-bf6d-86eabd3ace04/query "HTTP/1.1 200 OK"
INFO:hockey_mcp:✅ [TOOL COMPLETE] search_hockey_rules: returned 10 rules in 0.53s
Connecting to Chroma server at https://chroma-copy-copy-production.up.railway.app:443 with token: True
✅ Connected to remote Chroma server
Connecting to Chroma server at https://chroma-copy-copy-production.up.railway.app:443 with token: True
✅ Connected to remote Chroma server
INFO:     127.0.0.1:49347 - "POST /api/mcp HTTP/1.1" 200 OK
INFO:mcp.server.lowlevel.server:Processing request of type ListToolsRequest
INFO:mcp.server.lowlevel.server:Processing request of type CallToolRequest
INFO:hockey_mcp:🎯 [TOOL CALL] search_hockey_tactics: query='hockey positions defensive offensive zone coverage', types=None, positions=None, n_results=10
INFO:chromadb.telemetry.product.posthog:Anonymized telemetry enabled. See                     https://docs.trychroma.com/telemetry for more information.
INFO:httpx:HTTP Request: GET https://chroma-copy-copy-production.up.railway.app/api/v2/auth/identity "HTTP/1.1 200 OK"
INFO:chromadb.telemetry.product.posthog:Anonymized telemetry enabled. See                     https://docs.trychroma.com/telemetry for more information.
INFO:httpx:HTTP Request: GET https://chroma-copy-copy-production.up.railway.app/api/v2/tenants/default_tenant "HTTP/1.1 200 OK"
INFO:httpx:HTTP Request: GET https://chroma-copy-copy-production.up.railway.app/api/v2/tenants/default_tenant/databases/default_database "HTTP/1.1 200 OK"
INFO:httpx:HTTP Request: GET https://chroma-copy-copy-production.up.railway.app/api/v2/heartbeat "HTTP/1.1 200 OK"
INFO:httpx:HTTP Request: GET https://chroma-copy-copy-production.up.railway.app/api/v2/tenants/default_tenant/databases/default_database/collections/hockey_tactics "HTTP/1.1 200 OK"
INFO:httpx:HTTP Request: POST https://chroma-copy-copy-production.up.railway.app/api/v2/tenants/default_tenant/databases/default_database/collections/416b96b2-dc4c-4e89-adb6-2497cbc56e92/query "HTTP/1.1 200 OK"
INFO:hockey_mcp:✅ [TOOL COMPLETE] search_hockey_tactics: returned 10 tactics in 0.58s
Connecting to Chroma server at https://chroma-copy-copy-production.up.railway.app:443 with token: True
✅ Connected to remote Chroma server
INFO:     127.0.0.1:49463 - "POST /api/mcp HTTP/1.1" 200 OK
INFO:mcp.server.lowlevel.server:Processing request of type ListToolsRequest
INFO:mcp.server.lowlevel.server:Processing request of type CallToolRequest
INFO:hockey_mcp:⚡ [TOOL CALL] search_hockey_skills: query='hockey skating passing shooting stickhandling techniques', n_results=10
INFO:chromadb.telemetry.product.posthog:Anonymized telemetry enabled. See                     https://docs.trychroma.com/telemetry for more information.
INFO:httpx:HTTP Request: GET https://chroma-copy-copy-production.up.railway.app/api/v2/auth/identity "HTTP/1.1 200 OK"
INFO:chromadb.telemetry.product.posthog:Anonymized telemetry enabled. See                     https://docs.trychroma.com/telemetry for more information.
INFO:httpx:HTTP Request: GET https://chroma-copy-copy-production.up.railway.app/api/v2/tenants/default_tenant "HTTP/1.1 200 OK"
INFO:httpx:HTTP Request: GET https://chroma-copy-copy-production.up.railway.app/api/v2/tenants/default_tenant/databases/default_database "HTTP/1.1 200 OK"
INFO:httpx:HTTP Request: GET https://chroma-copy-copy-production.up.railway.app/api/v2/heartbeat "HTTP/1.1 200 OK"
INFO:httpx:HTTP Request: GET https://chroma-copy-copy-production.up.railway.app/api/v2/tenants/default_tenant/databases/default_database/collections/hockey_skills "HTTP/1.1 200 OK"
INFO:httpx:HTTP Request: POST https://chroma-copy-copy-production.up.railway.app/api/v2/tenants/default_tenant/databases/default_database/collections/689a1fad-d612-40de-b077-4cddc4b59524/query "HTTP/1.1 200 OK"
INFO:hockey_mcp:✅ [TOOL COMPLETE] search_hockey_skills: returned 10 skills in 0.62s
Connecting to Chroma server at https://chroma-copy-copy-production.up.railway.app:443 with token: True
✅ Connected to remote Chroma server
INFO:     127.0.0.1:49469 - "POST /api/mcp HTTP/1.1" 200 OK
INFO:mcp.server.lowlevel.server:Processing request of type ListToolsRequest
INFO:     127.0.0.1:49347 - "POST /api/mcp HTTP/1.1" 200 OK
INFO:mcp.server.lowlevel.server:Processing request of type CallToolRequest
INFO:hockey_mcp:🌟 [TOOL CALL] search_hockey_nhl_insights: query='hockey history NHL players Stanley Cup records', n_results=10
INFO:chromadb.telemetry.product.posthog:Anonymized telemetry enabled. See                     https://docs.trychroma.com/telemetry for more information.
INFO:httpx:HTTP Request: GET https://chroma-copy-copy-production.up.railway.app/api/v2/auth/identity "HTTP/1.1 200 OK"
INFO:chromadb.telemetry.product.posthog:Anonymized telemetry enabled. See                     https://docs.trychroma.com/telemetry for more information.
INFO:httpx:HTTP Request: GET https://chroma-copy-copy-production.up.railway.app/api/v2/tenants/default_tenant "HTTP/1.1 200 OK"
INFO:httpx:HTTP Request: GET https://chroma-copy-copy-production.up.railway.app/api/v2/tenants/default_tenant/databases/default_database "HTTP/1.1 200 OK"
INFO:httpx:HTTP Request: GET https://chroma-copy-copy-production.up.railway.app/api/v2/heartbeat "HTTP/1.1 200 OK"
INFO:httpx:HTTP Request: GET https://chroma-copy-copy-production.up.railway.app/api/v2/tenants/default_tenant/databases/default_database/collections/hockey_nhl_insights "HTTP/1.1 200 OK"
INFO:httpx:HTTP Request: POST https://chroma-copy-copy-production.up.railway.app/api/v2/tenants/default_tenant/databases/default_database/collections/569d9c2a-831f-4f67-a382-788c08186477/query "HTTP/1.1 200 OK"
INFO:hockey_mcp:✅ [TOOL COMPLETE] search_hockey_nhl_insights: returned 10 insights in 0.60s
INFO:mcp.server.lowlevel.server:Processing request of type ListToolsRequest
Connecting to Chroma server at https://chroma-copy-copy-production.up.railway.app:443 with token: True
✅ Connected to remote Chroma server
INFO:     127.0.0.1:49347 - "POST /api/mcp HTTP/1.1" 200 OK
INFO:mcp.server.lowlevel.server:Processing request of type CallToolRequest
INFO:hockey_mcp:🎯 [TOOL CALL] search_hockey_tactics: query='hockey teamwork communication support systems', types=None, positions=None, n_results=10
INFO:chromadb.telemetry.product.posthog:Anonymized telemetry enabled. See                     https://docs.trychroma.com/telemetry for more information.
INFO:httpx:HTTP Request: GET https://chroma-copy-copy-production.up.railway.app/api/v2/auth/identity "HTTP/1.1 200 OK"
INFO:chromadb.telemetry.product.posthog:Anonymized telemetry enabled. See                     https://docs.trychroma.com/telemetry for more information.
INFO:httpx:HTTP Request: GET https://chroma-copy-copy-production.up.railway.app/api/v2/tenants/default_tenant "HTTP/1.1 200 OK"
INFO:httpx:HTTP Request: GET https://chroma-copy-copy-production.up.railway.app/api/v2/tenants/default_tenant/databases/default_database "HTTP/1.1 200 OK"
INFO:httpx:HTTP Request: GET https://chroma-copy-copy-production.up.railway.app/api/v2/heartbeat "HTTP/1.1 200 OK"
INFO:httpx:HTTP Request: GET https://chroma-copy-copy-production.up.railway.app/api/v2/tenants/default_tenant/databases/default_database/collections/hockey_tactics "HTTP/1.1 200 OK"
INFO:httpx:HTTP Request: POST https://chroma-copy-copy-production.up.railway.app/api/v2/tenants/default_tenant/databases/default_database/collections/416b96b2-dc4c-4e89-adb6-2497cbc56e92/query "HTTP/1.1 200 OK"
INFO:hockey_mcp:✅ [TOOL COMPLETE] search_hockey_tactics: returned 10 tactics in 0.62s
INFO:mcp.server.lowlevel.server:Processing request of type ListToolsRequest
Connecting to Chroma server at https://chroma-copy-copy-production.up.railway.app:443 with token: True
✅ Connected to remote Chroma server
INFO:     127.0.0.1:49347 - "POST /api/mcp HTTP/1.1" 200 OK
INFO:mcp.server.lowlevel.server:Processing request of type CallToolRequest
INFO:hockey_mcp:🌟 [TOOL CALL] search_hockey_nhl_insights: query='hockey history NHL players Stanley Cup records', n_results=10
INFO:chromadb.telemetry.product.posthog:Anonymized telemetry enabled. See                     https://docs.trychroma.com/telemetry for more information.
INFO:httpx:HTTP Request: GET https://chroma-copy-copy-production.up.railway.app/api/v2/auth/identity "HTTP/1.1 200 OK"
INFO:chromadb.telemetry.product.posthog:Anonymized telemetry enabled. See                     https://docs.trychroma.com/telemetry for more information.
INFO:httpx:HTTP Request: GET https://chroma-copy-copy-production.up.railway.app/api/v2/tenants/default_tenant "HTTP/1.1 200 OK"
INFO:httpx:HTTP Request: GET https://chroma-copy-copy-production.up.railway.app/api/v2/tenants/default_tenant/databases/default_database "HTTP/1.1 200 OK"
INFO:httpx:HTTP Request: GET https://chroma-copy-copy-production.up.railway.app/api/v2/heartbeat "HTTP/1.1 200 OK"
INFO:httpx:HTTP Request: GET https://chroma-copy-copy-production.up.railway.app/api/v2/tenants/default_tenant/databases/default_database/collections/hockey_nhl_insights "HTTP/1.1 200 OK"
INFO:httpx:HTTP Request: POST https://chroma-copy-copy-production.up.railway.app/api/v2/tenants/default_tenant/databases/default_database/collections/569d9c2a-831f-4f67-a382-788c08186477/query "HTTP/1.1 200 OK"
INFO:hockey_mcp:✅ [TOOL COMPLETE] search_hockey_nhl_insights: returned 10 insights in 0.61s
INFO:mcp.server.lowlevel.server:Processing request of type ListToolsRequest
INFO:mcp.server.lowlevel.server:Processing request of type CallToolRequest
INFO:hockey_mcp:⚖️ [TOOL CALL] search_hockey_rules: query='hockey rules penalties offsides icing basics', n_results=10
INFO:chromadb.telemetry.product.posthog:Anonymized telemetry enabled. See                     https://docs.trychroma.com/telemetry for more information.
INFO:httpx:HTTP Request: GET https://chroma-copy-copy-production.up.railway.app/api/v2/auth/identity "HTTP/1.1 200 OK"
INFO:chromadb.telemetry.product.posthog:Anonymized telemetry enabled. See                     https://docs.trychroma.com/telemetry for more information.
INFO:httpx:HTTP Request: GET https://chroma-copy-copy-production.up.railway.app/api/v2/tenants/default_tenant "HTTP/1.1 200 OK"
INFO:httpx:HTTP Request: GET https://chroma-copy-copy-production.up.railway.app/api/v2/tenants/default_tenant/databases/default_database "HTTP/1.1 200 OK"
INFO:httpx:HTTP Request: GET https://chroma-copy-copy-production.up.railway.app/api/v2/heartbeat "HTTP/1.1 200 OK"
INFO:httpx:HTTP Request: GET https://chroma-copy-copy-production.up.railway.app/api/v2/tenants/default_tenant/databases/default_database/collections/hockey_rules "HTTP/1.1 200 OK"
INFO:httpx:HTTP Request: POST https://chroma-copy-copy-production.up.railway.app/api/v2/tenants/default_tenant/databases/default_database/collections/41ea6112-cab7-46b8-bf6d-86eabd3ace04/query "HTTP/1.1 200 OK"
INFO:hockey_mcp:✅ [TOOL COMPLETE] search_hockey_rules: returned 10 rules in 0.57s
Connecting to Chroma server at https://chroma-copy-copy-production.up.railway.app:443 with token: True
✅ Connected to remote Chroma server
Connecting to Chroma server at https://chroma-copy-copy-production.up.railway.app:443 with token: True
✅ Connected to remote Chroma server
INFO:     127.0.0.1:49347 - "POST /api/mcp HTTP/1.1" 200 OK
INFO:mcp.server.lowlevel.server:Processing request of type ListToolsRequest
INFO:mcp.server.lowlevel.server:Processing request of type CallToolRequest
INFO:hockey_mcp:🎯 [TOOL CALL] search_hockey_tactics: query='hockey positions defensive offensive zone coverage', types=None, positions=None, n_results=10
INFO:chromadb.telemetry.product.posthog:Anonymized telemetry enabled. See                     https://docs.trychroma.com/telemetry for more information.
INFO:httpx:HTTP Request: GET https://chroma-copy-copy-production.up.railway.app/api/v2/auth/identity "HTTP/1.1 200 OK"
INFO:chromadb.telemetry.product.posthog:Anonymized telemetry enabled. See                     https://docs.trychroma.com/telemetry for more information.
INFO:httpx:HTTP Request: GET https://chroma-copy-copy-production.up.railway.app/api/v2/tenants/default_tenant "HTTP/1.1 200 OK"
INFO:httpx:HTTP Request: GET https://chroma-copy-copy-production.up.railway.app/api/v2/tenants/default_tenant/databases/default_database "HTTP/1.1 200 OK"
INFO:httpx:HTTP Request: GET https://chroma-copy-copy-production.up.railway.app/api/v2/heartbeat "HTTP/1.1 200 OK"
INFO:httpx:HTTP Request: GET https://chroma-copy-copy-production.up.railway.app/api/v2/tenants/default_tenant/databases/default_database/collections/hockey_tactics "HTTP/1.1 200 OK"
INFO:httpx:HTTP Request: POST https://chroma-copy-copy-production.up.railway.app/api/v2/tenants/default_tenant/databases/default_database/collections/416b96b2-dc4c-4e89-adb6-2497cbc56e92/query "HTTP/1.1 200 OK"
INFO:hockey_mcp:✅ [TOOL COMPLETE] search_hockey_tactics: returned 10 tactics in 0.65s
INFO:mcp.server.lowlevel.server:Processing request of type CallToolRequest
INFO:hockey_mcp:⚡ [TOOL CALL] search_hockey_skills: query='hockey skating passing shooting stickhandling techniques', n_results=10
INFO:chromadb.telemetry.product.posthog:Anonymized telemetry enabled. See                     https://docs.trychroma.com/telemetry for more information.
INFO:httpx:HTTP Request: GET https://chroma-copy-copy-production.up.railway.app/api/v2/auth/identity "HTTP/1.1 200 OK"
INFO:chromadb.telemetry.product.posthog:Anonymized telemetry enabled. See                     https://docs.trychroma.com/telemetry for more information.
INFO:httpx:HTTP Request: GET https://chroma-copy-copy-production.up.railway.app/api/v2/tenants/default_tenant "HTTP/1.1 200 OK"
INFO:httpx:HTTP Request: GET https://chroma-copy-copy-production.up.railway.app/api/v2/tenants/default_tenant/databases/default_database "HTTP/1.1 200 OK"
INFO:httpx:HTTP Request: GET https://chroma-copy-copy-production.up.railway.app/api/v2/heartbeat "HTTP/1.1 200 OK"
INFO:httpx:HTTP Request: GET https://chroma-copy-copy-production.up.railway.app/api/v2/tenants/default_tenant/databases/default_database/collections/hockey_skills "HTTP/1.1 200 OK"
INFO:httpx:HTTP Request: POST https://chroma-copy-copy-production.up.railway.app/api/v2/tenants/default_tenant/databases/default_database/collections/689a1fad-d612-40de-b077-4cddc4b59524/query "HTTP/1.1 200 OK"
INFO:hockey_mcp:✅ [TOOL COMPLETE] search_hockey_skills: returned 10 skills in 0.63s
Connecting to Chroma server at https://chroma-copy-copy-production.up.railway.app:443 with token: True
✅ Connected to remote Chroma server
Connecting to Chroma server at https://chroma-copy-copy-production.up.railway.app:443 with token: True
✅ Connected to remote Chroma server
INFO:     127.0.0.1:49494 - "POST /api/mcp HTTP/1.1" 200 OK
INFO:mcp.server.lowlevel.server:Processing request of type ListToolsRequest
INFO:mcp.server.lowlevel.server:Processing request of type ListToolsRequest
INFO:     127.0.0.1:49498 - "POST /api/mcp HTTP/1.1" 200 OK
INFO:     127.0.0.1:49500 - "POST /api/mcp HTTP/1.1" 200 OK
INFO:mcp.server.lowlevel.server:Processing request of type CallToolRequest
INFO:hockey_mcp:⚖️ [TOOL CALL] search_hockey_rules: query='hockey rules penalties offsides icing basics', n_results=10
INFO:chromadb.telemetry.product.posthog:Anonymized telemetry enabled. See                     https://docs.trychroma.com/telemetry for more information.
INFO:httpx:HTTP Request: GET https://chroma-copy-copy-production.up.railway.app/api/v2/auth/identity "HTTP/1.1 200 OK"
INFO:chromadb.telemetry.product.posthog:Anonymized telemetry enabled. See                     https://docs.trychroma.com/telemetry for more information.
INFO:httpx:HTTP Request: GET https://chroma-copy-copy-production.up.railway.app/api/v2/tenants/default_tenant "HTTP/1.1 200 OK"
INFO:httpx:HTTP Request: GET https://chroma-copy-copy-production.up.railway.app/api/v2/tenants/default_tenant/databases/default_database "HTTP/1.1 200 OK"
INFO:httpx:HTTP Request: GET https://chroma-copy-copy-production.up.railway.app/api/v2/heartbeat "HTTP/1.1 200 OK"
INFO:httpx:HTTP Request: GET https://chroma-copy-copy-production.up.railway.app/api/v2/tenants/default_tenant/databases/default_database/collections/hockey_rules "HTTP/1.1 200 OK"
INFO:httpx:HTTP Request: POST https://chroma-copy-copy-production.up.railway.app/api/v2/tenants/default_tenant/databases/default_database/collections/41ea6112-cab7-46b8-bf6d-86eabd3ace04/query "HTTP/1.1 200 OK"
INFO:hockey_mcp:✅ [TOOL COMPLETE] search_hockey_rules: returned 10 rules in 0.59s
INFO:mcp.server.lowlevel.server:Processing request of type ListToolsRequest
INFO:mcp.server.lowlevel.server:Processing request of type CallToolRequest
INFO:hockey_mcp:🎯 [TOOL CALL] search_hockey_tactics: query='hockey teamwork communication support systems', types=None, positions=None, n_results=10
INFO:chromadb.telemetry.product.posthog:Anonymized telemetry enabled. See                     https://docs.trychroma.com/telemetry for more information.
INFO:httpx:HTTP Request: GET https://chroma-copy-copy-production.up.railway.app/api/v2/auth/identity "HTTP/1.1 200 OK"
INFO:chromadb.telemetry.product.posthog:Anonymized telemetry enabled. See                     https://docs.trychroma.com/telemetry for more information.
INFO:httpx:HTTP Request: GET https://chroma-copy-copy-production.up.railway.app/api/v2/tenants/default_tenant "HTTP/1.1 200 OK"
INFO:httpx:HTTP Request: GET https://chroma-copy-copy-production.up.railway.app/api/v2/tenants/default_tenant/databases/default_database "HTTP/1.1 200 OK"
INFO:httpx:HTTP Request: GET https://chroma-copy-copy-production.up.railway.app/api/v2/heartbeat "HTTP/1.1 200 OK"
INFO:httpx:HTTP Request: GET https://chroma-copy-copy-production.up.railway.app/api/v2/tenants/default_tenant/databases/default_database/collections/hockey_tactics "HTTP/1.1 200 OK"
INFO:httpx:HTTP Request: POST https://chroma-copy-copy-production.up.railway.app/api/v2/tenants/default_tenant/databases/default_database/collections/416b96b2-dc4c-4e89-adb6-2497cbc56e92/query "HTTP/1.1 200 OK"
INFO:hockey_mcp:✅ [TOOL COMPLETE] search_hockey_tactics: returned 10 tactics in 0.74s
Connecting to Chroma server at https://chroma-copy-copy-production.up.railway.app:443 with token: True
✅ Connected to remote Chroma server
Connecting to Chroma server at https://chroma-copy-copy-production.up.railway.app:443 with token: True
✅ Connected to remote Chroma server
INFO:     127.0.0.1:49532 - "POST /api/mcp HTTP/1.1" 200 OK
INFO:mcp.server.lowlevel.server:Processing request of type ListToolsRequest
INFO:mcp.server.lowlevel.server:Processing request of type CallToolRequest
INFO:hockey_mcp:⚡ [TOOL CALL] search_hockey_skills: query='hockey skating passing shooting stickhandling techniques', n_results=10
INFO:chromadb.telemetry.product.posthog:Anonymized telemetry enabled. See                     https://docs.trychroma.com/telemetry for more information.
INFO:httpx:HTTP Request: GET https://chroma-copy-copy-production.up.railway.app/api/v2/auth/identity "HTTP/1.1 200 OK"
INFO:chromadb.telemetry.product.posthog:Anonymized telemetry enabled. See                     https://docs.trychroma.com/telemetry for more information.
INFO:httpx:HTTP Request: GET https://chroma-copy-copy-production.up.railway.app/api/v2/tenants/default_tenant "HTTP/1.1 200 OK"
INFO:httpx:HTTP Request: GET https://chroma-copy-copy-production.up.railway.app/api/v2/tenants/default_tenant/databases/default_database "HTTP/1.1 200 OK"
INFO:httpx:HTTP Request: GET https://chroma-copy-copy-production.up.railway.app/api/v2/heartbeat "HTTP/1.1 200 OK"
INFO:httpx:HTTP Request: GET https://chroma-copy-copy-production.up.railway.app/api/v2/tenants/default_tenant/databases/default_database/collections/hockey_skills "HTTP/1.1 200 OK"
INFO:httpx:HTTP Request: POST https://chroma-copy-copy-production.up.railway.app/api/v2/tenants/default_tenant/databases/default_database/collections/689a1fad-d612-40de-b077-4cddc4b59524/query "HTTP/1.1 200 OK"
INFO:hockey_mcp:✅ [TOOL COMPLETE] search_hockey_skills: returned 10 skills in 0.66s
Connecting to Chroma server at https://chroma-copy-copy-production.up.railway.app:443 with token: True
✅ Connected to remote Chroma server
INFO:     127.0.0.1:49494 - "POST /api/mcp HTTP/1.1" 200 OK
INFO:mcp.server.lowlevel.server:Processing request of type ListToolsRequest
INFO:     127.0.0.1:49538 - "POST /api/mcp HTTP/1.1" 200 OK
INFO:mcp.server.lowlevel.server:Processing request of type CallToolRequest
INFO:hockey_mcp:🎯 [TOOL CALL] search_hockey_tactics: query='hockey positions defensive offensive zone coverage', types=None, positions=None, n_results=10
INFO:chromadb.telemetry.product.posthog:Anonymized telemetry enabled. See                     https://docs.trychroma.com/telemetry for more information.
INFO:httpx:HTTP Request: GET https://chroma-copy-copy-production.up.railway.app/api/v2/auth/identity "HTTP/1.1 200 OK"
INFO:chromadb.telemetry.product.posthog:Anonymized telemetry enabled. See                     https://docs.trychroma.com/telemetry for more information.
INFO:httpx:HTTP Request: GET https://chroma-copy-copy-production.up.railway.app/api/v2/tenants/default_tenant "HTTP/1.1 200 OK"
INFO:httpx:HTTP Request: GET https://chroma-copy-copy-production.up.railway.app/api/v2/tenants/default_tenant/databases/default_database "HTTP/1.1 200 OK"
INFO:httpx:HTTP Request: GET https://chroma-copy-copy-production.up.railway.app/api/v2/heartbeat "HTTP/1.1 200 OK"
INFO:httpx:HTTP Request: GET https://chroma-copy-copy-production.up.railway.app/api/v2/tenants/default_tenant/databases/default_database/collections/hockey_tactics "HTTP/1.1 200 OK"
INFO:httpx:HTTP Request: POST https://chroma-copy-copy-production.up.railway.app/api/v2/tenants/default_tenant/databases/default_database/collections/416b96b2-dc4c-4e89-adb6-2497cbc56e92/query "HTTP/1.1 200 OK"
INFO:hockey_mcp:✅ [TOOL COMPLETE] search_hockey_tactics: returned 10 tactics in 0.71s
INFO:mcp.server.lowlevel.server:Processing request of type ListToolsRequest
Connecting to Chroma server at https://chroma-copy-copy-production.up.railway.app:443 with token: True
✅ Connected to remote Chroma server
INFO:     127.0.0.1:49532 - "POST /api/mcp HTTP/1.1" 200 OK
INFO:mcp.server.lowlevel.server:Processing request of type CallToolRequest
INFO:hockey_mcp:🌟 [TOOL CALL] search_hockey_nhl_insights: query='hockey history NHL players Stanley Cup records', n_results=10
INFO:chromadb.telemetry.product.posthog:Anonymized telemetry enabled. See                     https://docs.trychroma.com/telemetry for more information.
INFO:httpx:HTTP Request: GET https://chroma-copy-copy-production.up.railway.app/api/v2/auth/identity "HTTP/1.1 200 OK"
INFO:chromadb.telemetry.product.posthog:Anonymized telemetry enabled. See                     https://docs.trychroma.com/telemetry for more information.
INFO:httpx:HTTP Request: GET https://chroma-copy-copy-production.up.railway.app/api/v2/tenants/default_tenant "HTTP/1.1 200 OK"
INFO:httpx:HTTP Request: GET https://chroma-copy-copy-production.up.railway.app/api/v2/tenants/default_tenant/databases/default_database "HTTP/1.1 200 OK"
INFO:httpx:HTTP Request: GET https://chroma-copy-copy-production.up.railway.app/api/v2/heartbeat "HTTP/1.1 200 OK"
INFO:httpx:HTTP Request: GET https://chroma-copy-copy-production.up.railway.app/api/v2/tenants/default_tenant/databases/default_database/collections/hockey_nhl_insights "HTTP/1.1 200 OK"
INFO:httpx:HTTP Request: POST https://chroma-copy-copy-production.up.railway.app/api/v2/tenants/default_tenant/databases/default_database/collections/569d9c2a-831f-4f67-a382-788c08186477/query "HTTP/1.1 200 OK"
INFO:hockey_mcp:✅ [TOOL COMPLETE] search_hockey_nhl_insights: returned 10 insights in 0.67s
INFO:mcp.server.lowlevel.server:Processing request of type ListToolsRequest
Connecting to Chroma server at https://chroma-copy-copy-production.up.railway.app:443 with token: True
✅ Connected to remote Chroma server
INFO:     127.0.0.1:49625 - "POST /api/mcp HTTP/1.1" 200 OK
INFO:mcp.server.lowlevel.server:Processing request of type CallToolRequest
INFO:hockey_mcp:⚖️ [TOOL CALL] search_hockey_rules: query='hockey rules penalties offsides icing basics', n_results=10
INFO:chromadb.telemetry.product.posthog:Anonymized telemetry enabled. See                     https://docs.trychroma.com/telemetry for more information.
INFO:httpx:HTTP Request: GET https://chroma-copy-copy-production.up.railway.app/api/v2/auth/identity "HTTP/1.1 200 OK"
INFO:chromadb.telemetry.product.posthog:Anonymized telemetry enabled. See                     https://docs.trychroma.com/telemetry for more information.
INFO:httpx:HTTP Request: GET https://chroma-copy-copy-production.up.railway.app/api/v2/tenants/default_tenant "HTTP/1.1 200 OK"
INFO:httpx:HTTP Request: GET https://chroma-copy-copy-production.up.railway.app/api/v2/tenants/default_tenant/databases/default_database "HTTP/1.1 200 OK"
INFO:httpx:HTTP Request: GET https://chroma-copy-copy-production.up.railway.app/api/v2/heartbeat "HTTP/1.1 200 OK"
INFO:httpx:HTTP Request: GET https://chroma-copy-copy-production.up.railway.app/api/v2/tenants/default_tenant/databases/default_database/collections/hockey_rules "HTTP/1.1 200 OK"
INFO:httpx:HTTP Request: POST https://chroma-copy-copy-production.up.railway.app/api/v2/tenants/default_tenant/databases/default_database/collections/41ea6112-cab7-46b8-bf6d-86eabd3ace04/query "HTTP/1.1 200 OK"
INFO:hockey_mcp:✅ [TOOL COMPLETE] search_hockey_rules: returned 10 rules in 0.59s
INFO:mcp.server.lowlevel.server:Processing request of type CallToolRequest
INFO:hockey_mcp:🎯 [TOOL CALL] search_hockey_tactics: query='hockey positions defensive offensive zone coverage', types=None, positions=None, n_results=10
INFO:chromadb.telemetry.product.posthog:Anonymized telemetry enabled. See                     https://docs.trychroma.com/telemetry for more information.
INFO:httpx:HTTP Request: GET https://chroma-copy-copy-production.up.railway.app/api/v2/auth/identity "HTTP/1.1 200 OK"
INFO:chromadb.telemetry.product.posthog:Anonymized telemetry enabled. See                     https://docs.trychroma.com/telemetry for more information.
INFO:httpx:HTTP Request: GET https://chroma-copy-copy-production.up.railway.app/api/v2/tenants/default_tenant "HTTP/1.1 200 OK"
INFO:httpx:HTTP Request: GET https://chroma-copy-copy-production.up.railway.app/api/v2/tenants/default_tenant/databases/default_database "HTTP/1.1 200 OK"
INFO:httpx:HTTP Request: GET https://chroma-copy-copy-production.up.railway.app/api/v2/heartbeat "HTTP/1.1 200 OK"
INFO:httpx:HTTP Request: GET https://chroma-copy-copy-production.up.railway.app/api/v2/tenants/default_tenant/databases/default_database/collections/hockey_tactics "HTTP/1.1 200 OK"
INFO:httpx:HTTP Request: POST https://chroma-copy-copy-production.up.railway.app/api/v2/tenants/default_tenant/databases/default_database/collections/416b96b2-dc4c-4e89-adb6-2497cbc56e92/query "HTTP/1.1 200 OK"
INFO:hockey_mcp:✅ [TOOL COMPLETE] search_hockey_tactics: returned 10 tactics in 0.67s
INFO:mcp.server.lowlevel.server:Processing request of type CallToolRequest
INFO:hockey_mcp:⚡ [TOOL CALL] search_hockey_skills: query='hockey skating passing shooting stickhandling techniques', n_results=10
INFO:chromadb.telemetry.product.posthog:Anonymized telemetry enabled. See                     https://docs.trychroma.com/telemetry for more information.
INFO:httpx:HTTP Request: GET https://chroma-copy-copy-production.up.railway.app/api/v2/auth/identity "HTTP/1.1 200 OK"
INFO:chromadb.telemetry.product.posthog:Anonymized telemetry enabled. See                     https://docs.trychroma.com/telemetry for more information.
INFO:httpx:HTTP Request: GET https://chroma-copy-copy-production.up.railway.app/api/v2/tenants/default_tenant "HTTP/1.1 200 OK"
INFO:httpx:HTTP Request: GET https://chroma-copy-copy-production.up.railway.app/api/v2/tenants/default_tenant/databases/default_database "HTTP/1.1 200 OK"
INFO:httpx:HTTP Request: GET https://chroma-copy-copy-production.up.railway.app/api/v2/heartbeat "HTTP/1.1 200 OK"
INFO:httpx:HTTP Request: GET https://chroma-copy-copy-production.up.railway.app/api/v2/tenants/default_tenant/databases/default_database/collections/hockey_skills "HTTP/1.1 200 OK"
INFO:httpx:HTTP Request: POST https://chroma-copy-copy-production.up.railway.app/api/v2/tenants/default_tenant/databases/default_database/collections/689a1fad-d612-40de-b077-4cddc4b59524/query "HTTP/1.1 200 OK"
INFO:hockey_mcp:✅ [TOOL COMPLETE] search_hockey_skills: returned 10 skills in 0.62s
INFO:mcp.server.lowlevel.server:Processing request of type CallToolRequest
INFO:hockey_mcp:🎯 [TOOL CALL] search_hockey_tactics: query='hockey teamwork communication support systems', types=None, positions=None, n_results=10
INFO:chromadb.telemetry.product.posthog:Anonymized telemetry enabled. See                     https://docs.trychroma.com/telemetry for more information.
INFO:httpx:HTTP Request: GET https://chroma-copy-copy-production.up.railway.app/api/v2/auth/identity "HTTP/1.1 200 OK"
INFO:chromadb.telemetry.product.posthog:Anonymized telemetry enabled. See                     https://docs.trychroma.com/telemetry for more information.
INFO:httpx:HTTP Request: GET https://chroma-copy-copy-production.up.railway.app/api/v2/tenants/default_tenant "HTTP/1.1 200 OK"
INFO:httpx:HTTP Request: GET https://chroma-copy-copy-production.up.railway.app/api/v2/tenants/default_tenant/databases/default_database "HTTP/1.1 200 OK"
INFO:httpx:HTTP Request: GET https://chroma-copy-copy-production.up.railway.app/api/v2/heartbeat "HTTP/1.1 200 OK"
INFO:httpx:HTTP Request: GET https://chroma-copy-copy-production.up.railway.app/api/v2/tenants/default_tenant/databases/default_database/collections/hockey_tactics "HTTP/1.1 200 OK"
INFO:httpx:HTTP Request: POST https://chroma-copy-copy-production.up.railway.app/api/v2/tenants/default_tenant/databases/default_database/collections/416b96b2-dc4c-4e89-adb6-2497cbc56e92/query "HTTP/1.1 200 OK"
INFO:hockey_mcp:✅ [TOOL COMPLETE] search_hockey_tactics: returned 10 tactics in 0.70s
INFO:mcp.server.lowlevel.server:Processing request of type ListToolsRequest
INFO:mcp.server.lowlevel.server:Processing request of type ListToolsRequest
INFO:mcp.server.lowlevel.server:Processing request of type ListToolsRequest
INFO:mcp.server.lowlevel.server:Processing request of type ListToolsRequest
INFO:mcp.server.lowlevel.server:Processing request of type CallToolRequest
INFO:hockey_mcp:🌟 [TOOL CALL] search_hockey_nhl_insights: query='hockey history NHL players Stanley Cup records', n_results=10
INFO:chromadb.telemetry.product.posthog:Anonymized telemetry enabled. See                     https://docs.trychroma.com/telemetry for more information.
INFO:httpx:HTTP Request: GET https://chroma-copy-copy-production.up.railway.app/api/v2/auth/identity "HTTP/1.1 200 OK"
INFO:chromadb.telemetry.product.posthog:Anonymized telemetry enabled. See                     https://docs.trychroma.com/telemetry for more information.
INFO:httpx:HTTP Request: GET https://chroma-copy-copy-production.up.railway.app/api/v2/tenants/default_tenant "HTTP/1.1 200 OK"
INFO:httpx:HTTP Request: GET https://chroma-copy-copy-production.up.railway.app/api/v2/tenants/default_tenant/databases/default_database "HTTP/1.1 200 OK"
INFO:httpx:HTTP Request: GET https://chroma-copy-copy-production.up.railway.app/api/v2/heartbeat "HTTP/1.1 200 OK"
INFO:httpx:HTTP Request: GET https://chroma-copy-copy-production.up.railway.app/api/v2/tenants/default_tenant/databases/default_database/collections/hockey_nhl_insights "HTTP/1.1 200 OK"
INFO:httpx:HTTP Request: POST https://chroma-copy-copy-production.up.railway.app/api/v2/tenants/default_tenant/databases/default_database/collections/569d9c2a-831f-4f67-a382-788c08186477/query "HTTP/1.1 200 OK"
INFO:hockey_mcp:✅ [TOOL COMPLETE] search_hockey_nhl_insights: returned 10 insights in 0.64s
Connecting to Chroma server at https://chroma-copy-copy-production.up.railway.app:443 with token: True
✅ Connected to remote Chroma server
Connecting to Chroma server at https://chroma-copy-copy-production.up.railway.app:443 with token: True
✅ Connected to remote Chroma server
Connecting to Chroma server at https://chroma-copy-copy-production.up.railway.app:443 with token: True
✅ Connected to remote Chroma server
Connecting to Chroma server at https://chroma-copy-copy-production.up.railway.app:443 with token: True
✅ Connected to remote Chroma server
Connecting to Chroma server at https://chroma-copy-copy-production.up.railway.app:443 with token: True
✅ Connected to remote Chroma server
INFO:     127.0.0.1:49625 - "POST /api/mcp HTTP/1.1" 200 OK
INFO:     127.0.0.1:49653 - "POST /api/mcp HTTP/1.1" 200 OK
INFO:     127.0.0.1:49654 - "POST /api/mcp HTTP/1.1" 200 OK
INFO:     127.0.0.1:49655 - "POST /api/mcp HTTP/1.1" 200 OK
INFO:mcp.server.lowlevel.server:Processing request of type ListToolsRequest
INFO:     127.0.0.1:49660 - "POST /api/mcp HTTP/1.1" 200 OK
INFO:mcp.server.lowlevel.server:Processing request of type CallToolRequest
INFO:hockey_mcp:🌟 [TOOL CALL] search_hockey_nhl_insights: query='hockey history NHL players Stanley Cup records', n_results=10
INFO:chromadb.telemetry.product.posthog:Anonymized telemetry enabled. See                     https://docs.trychroma.com/telemetry for more information.
INFO:httpx:HTTP Request: GET https://chroma-copy-copy-production.up.railway.app/api/v2/auth/identity "HTTP/1.1 200 OK"
INFO:chromadb.telemetry.product.posthog:Anonymized telemetry enabled. See                     https://docs.trychroma.com/telemetry for more information.
INFO:httpx:HTTP Request: GET https://chroma-copy-copy-production.up.railway.app/api/v2/tenants/default_tenant "HTTP/1.1 200 OK"
INFO:httpx:HTTP Request: GET https://chroma-copy-copy-production.up.railway.app/api/v2/tenants/default_tenant/databases/default_database "HTTP/1.1 200 OK"
INFO:httpx:HTTP Request: GET https://chroma-copy-copy-production.up.railway.app/api/v2/heartbeat "HTTP/1.1 200 OK"
INFO:httpx:HTTP Request: GET https://chroma-copy-copy-production.up.railway.app/api/v2/tenants/default_tenant/databases/default_database/collections/hockey_nhl_insights "HTTP/1.1 200 OK"
INFO:httpx:HTTP Request: POST https://chroma-copy-copy-production.up.railway.app/api/v2/tenants/default_tenant/databases/default_database/collections/569d9c2a-831f-4f67-a382-788c08186477/query "HTTP/1.1 200 OK"
INFO:hockey_mcp:✅ [TOOL COMPLETE] search_hockey_nhl_insights: returned 10 insights in 0.55s
INFO:mcp.server.lowlevel.server:Processing request of type ListToolsRequest
Connecting to Chroma server at https://chroma-copy-copy-production.up.railway.app:443 with token: True
✅ Connected to remote Chroma server
INFO:     127.0.0.1:49625 - "POST /api/mcp HTTP/1.1" 200 OK
INFO:mcp.server.lowlevel.server:Processing request of type CallToolRequest
INFO:hockey_mcp:⚡ [TOOL CALL] search_hockey_skills: query='hockey skating passing shooting stickhandling techniques', n_results=10
INFO:chromadb.telemetry.product.posthog:Anonymized telemetry enabled. See                     https://docs.trychroma.com/telemetry for more information.
INFO:httpx:HTTP Request: GET https://chroma-copy-copy-production.up.railway.app/api/v2/auth/identity "HTTP/1.1 200 OK"
INFO:chromadb.telemetry.product.posthog:Anonymized telemetry enabled. See                     https://docs.trychroma.com/telemetry for more information.
INFO:httpx:HTTP Request: GET https://chroma-copy-copy-production.up.railway.app/api/v2/tenants/default_tenant "HTTP/1.1 200 OK"
INFO:httpx:HTTP Request: GET https://chroma-copy-copy-production.up.railway.app/api/v2/tenants/default_tenant/databases/default_database "HTTP/1.1 200 OK"
INFO:httpx:HTTP Request: GET https://chroma-copy-copy-production.up.railway.app/api/v2/heartbeat "HTTP/1.1 200 OK"
INFO:httpx:HTTP Request: GET https://chroma-copy-copy-production.up.railway.app/api/v2/tenants/default_tenant/databases/default_database/collections/hockey_skills "HTTP/1.1 200 OK"
INFO:httpx:HTTP Request: POST https://chroma-copy-copy-production.up.railway.app/api/v2/tenants/default_tenant/databases/default_database/collections/689a1fad-d612-40de-b077-4cddc4b59524/query "HTTP/1.1 200 OK"
INFO:hockey_mcp:✅ [TOOL COMPLETE] search_hockey_skills: returned 10 skills in 0.63s
INFO:mcp.server.lowlevel.server:Processing request of type ListToolsRequest
INFO:mcp.server.lowlevel.server:Processing request of type CallToolRequest
INFO:hockey_mcp:⚖️ [TOOL CALL] search_hockey_rules: query='hockey rules penalties offsides icing basics', n_results=10
INFO:chromadb.telemetry.product.posthog:Anonymized telemetry enabled. See                     https://docs.trychroma.com/telemetry for more information.
INFO:httpx:HTTP Request: GET https://chroma-copy-copy-production.up.railway.app/api/v2/auth/identity "HTTP/1.1 200 OK"
INFO:chromadb.telemetry.product.posthog:Anonymized telemetry enabled. See                     https://docs.trychroma.com/telemetry for more information.
INFO:httpx:HTTP Request: GET https://chroma-copy-copy-production.up.railway.app/api/v2/tenants/default_tenant "HTTP/1.1 200 OK"
INFO:httpx:HTTP Request: GET https://chroma-copy-copy-production.up.railway.app/api/v2/tenants/default_tenant/databases/default_database "HTTP/1.1 200 OK"
INFO:httpx:HTTP Request: GET https://chroma-copy-copy-production.up.railway.app/api/v2/heartbeat "HTTP/1.1 200 OK"
INFO:httpx:HTTP Request: GET https://chroma-copy-copy-production.up.railway.app/api/v2/tenants/default_tenant/databases/default_database/collections/hockey_rules "HTTP/1.1 200 OK"
INFO:httpx:HTTP Request: POST https://chroma-copy-copy-production.up.railway.app/api/v2/tenants/default_tenant/databases/default_database/collections/41ea6112-cab7-46b8-bf6d-86eabd3ace04/query "HTTP/1.1 200 OK"
INFO:hockey_mcp:✅ [TOOL COMPLETE] search_hockey_rules: returned 10 rules in 0.88s
INFO:mcp.server.lowlevel.server:Processing request of type CallToolRequest
INFO:hockey_mcp:🎯 [TOOL CALL] search_hockey_tactics: query='hockey teamwork communication support systems', types=None, positions=None, n_results=10
INFO:chromadb.telemetry.product.posthog:Anonymized telemetry enabled. See                     https://docs.trychroma.com/telemetry for more information.
INFO:httpx:HTTP Request: GET https://chroma-copy-copy-production.up.railway.app/api/v2/auth/identity "HTTP/1.1 200 OK"
INFO:chromadb.telemetry.product.posthog:Anonymized telemetry enabled. See                     https://docs.trychroma.com/telemetry for more information.
INFO:httpx:HTTP Request: GET https://chroma-copy-copy-production.up.railway.app/api/v2/tenants/default_tenant "HTTP/1.1 200 OK"
INFO:httpx:HTTP Request: GET https://chroma-copy-copy-production.up.railway.app/api/v2/tenants/default_tenant/databases/default_database "HTTP/1.1 200 OK"
INFO:httpx:HTTP Request: GET https://chroma-copy-copy-production.up.railway.app/api/v2/heartbeat "HTTP/1.1 200 OK"
INFO:httpx:HTTP Request: GET https://chroma-copy-copy-production.up.railway.app/api/v2/tenants/default_tenant/databases/default_database/collections/hockey_tactics "HTTP/1.1 200 OK"
INFO:httpx:HTTP Request: POST https://chroma-copy-copy-production.up.railway.app/api/v2/tenants/default_tenant/databases/default_database/collections/416b96b2-dc4c-4e89-adb6-2497cbc56e92/query "HTTP/1.1 200 OK"
INFO:hockey_mcp:✅ [TOOL COMPLETE] search_hockey_tactics: returned 10 tactics in 0.76s
Connecting to Chroma server at https://chroma-copy-copy-production.up.railway.app:443 with token: True
✅ Connected to remote Chroma server
Connecting to Chroma server at https://chroma-copy-copy-production.up.railway.app:443 with token: True
✅ Connected to remote Chroma server
Connecting to Chroma server at https://chroma-copy-copy-production.up.railway.app:443 with token: True
✅ Connected to remote Chroma server
INFO:     127.0.0.1:49625 - "POST /api/mcp HTTP/1.1" 200 OK
INFO:mcp.server.lowlevel.server:Processing request of type ListToolsRequest
INFO:mcp.server.lowlevel.server:Processing request of type ListToolsRequest
INFO:mcp.server.lowlevel.server:Processing request of type CallToolRequest
INFO:hockey_mcp:🎯 [TOOL CALL] search_hockey_tactics: query='hockey positions defensive offensive zone coverage', types=None, positions=None, n_results=10
INFO:chromadb.telemetry.product.posthog:Anonymized telemetry enabled. See                     https://docs.trychroma.com/telemetry for more information.
INFO:httpx:HTTP Request: GET https://chroma-copy-copy-production.up.railway.app/api/v2/auth/identity "HTTP/1.1 200 OK"
INFO:chromadb.telemetry.product.posthog:Anonymized telemetry enabled. See                     https://docs.trychroma.com/telemetry for more information.
INFO:httpx:HTTP Request: GET https://chroma-copy-copy-production.up.railway.app/api/v2/tenants/default_tenant "HTTP/1.1 200 OK"
INFO:httpx:HTTP Request: GET https://chroma-copy-copy-production.up.railway.app/api/v2/tenants/default_tenant/databases/default_database "HTTP/1.1 200 OK"
INFO:httpx:HTTP Request: GET https://chroma-copy-copy-production.up.railway.app/api/v2/heartbeat "HTTP/1.1 200 OK"
INFO:httpx:HTTP Request: GET https://chroma-copy-copy-production.up.railway.app/api/v2/tenants/default_tenant/databases/default_database/collections/hockey_tactics "HTTP/1.1 200 OK"
INFO:httpx:HTTP Request: POST https://chroma-copy-copy-production.up.railway.app/api/v2/tenants/default_tenant/databases/default_database/collections/416b96b2-dc4c-4e89-adb6-2497cbc56e92/query "HTTP/1.1 200 OK"
INFO:hockey_mcp:✅ [TOOL COMPLETE] search_hockey_tactics: returned 10 tactics in 0.60s
Connecting to Chroma server at https://chroma-copy-copy-production.up.railway.app:443 with token: True
✅ Connected to remote Chroma server
INFO:     127.0.0.1:49702 - "POST /api/mcp HTTP/1.1" 200 OK
INFO:     127.0.0.1:49704 - "POST /api/mcp HTTP/1.1" 200 OK
INFO:mcp.server.lowlevel.server:Processing request of type ListToolsRequest
INFO:     127.0.0.1:49708 - "POST /api/mcp HTTP/1.1" 200 OK
INFO:mcp.server.lowlevel.server:Processing request of type CallToolRequest
INFO:hockey_mcp:🌟 [TOOL CALL] search_hockey_nhl_insights: query='hockey history NHL players Stanley Cup records', n_results=10
INFO:chromadb.telemetry.product.posthog:Anonymized telemetry enabled. See                     https://docs.trychroma.com/telemetry for more information.
INFO:httpx:HTTP Request: GET https://chroma-copy-copy-production.up.railway.app/api/v2/auth/identity "HTTP/1.1 200 OK"
INFO:chromadb.telemetry.product.posthog:Anonymized telemetry enabled. See                     https://docs.trychroma.com/telemetry for more information.
INFO:httpx:HTTP Request: GET https://chroma-copy-copy-production.up.railway.app/api/v2/tenants/default_tenant "HTTP/1.1 200 OK"
INFO:httpx:HTTP Request: GET https://chroma-copy-copy-production.up.railway.app/api/v2/tenants/default_tenant/databases/default_database "HTTP/1.1 200 OK"
INFO:httpx:HTTP Request: GET https://chroma-copy-copy-production.up.railway.app/api/v2/heartbeat "HTTP/1.1 200 OK"
INFO:httpx:HTTP Request: GET https://chroma-copy-copy-production.up.railway.app/api/v2/tenants/default_tenant/databases/default_database/collections/hockey_nhl_insights "HTTP/1.1 200 OK"
INFO:httpx:HTTP Request: POST https://chroma-copy-copy-production.up.railway.app/api/v2/tenants/default_tenant/databases/default_database/collections/569d9c2a-831f-4f67-a382-788c08186477/query "HTTP/1.1 200 OK"
INFO:hockey_mcp:✅ [TOOL COMPLETE] search_hockey_nhl_insights: returned 10 insights in 0.59s
INFO:mcp.server.lowlevel.server:Processing request of type ListToolsRequest
Connecting to Chroma server at https://chroma-copy-copy-production.up.railway.app:443 with token: True
✅ Connected to remote Chroma server
INFO:     127.0.0.1:49625 - "POST /api/mcp HTTP/1.1" 200 OK
INFO:mcp.server.lowlevel.server:Processing request of type CallToolRequest
INFO:hockey_mcp:🎯 [TOOL CALL] search_hockey_tactics: query='hockey teamwork communication support systems', types=None, positions=None, n_results=10
INFO:chromadb.telemetry.product.posthog:Anonymized telemetry enabled. See                     https://docs.trychroma.com/telemetry for more information.
INFO:httpx:HTTP Request: GET https://chroma-copy-copy-production.up.railway.app/api/v2/auth/identity "HTTP/1.1 200 OK"
INFO:chromadb.telemetry.product.posthog:Anonymized telemetry enabled. See                     https://docs.trychroma.com/telemetry for more information.
INFO:httpx:HTTP Request: GET https://chroma-copy-copy-production.up.railway.app/api/v2/tenants/default_tenant "HTTP/1.1 200 OK"
INFO:httpx:HTTP Request: GET https://chroma-copy-copy-production.up.railway.app/api/v2/tenants/default_tenant/databases/default_database "HTTP/1.1 200 OK"
INFO:httpx:HTTP Request: GET https://chroma-copy-copy-production.up.railway.app/api/v2/heartbeat "HTTP/1.1 200 OK"
INFO:httpx:HTTP Request: GET https://chroma-copy-copy-production.up.railway.app/api/v2/tenants/default_tenant/databases/default_database/collections/hockey_tactics "HTTP/1.1 200 OK"
INFO:httpx:HTTP Request: POST https://chroma-copy-copy-production.up.railway.app/api/v2/tenants/default_tenant/databases/default_database/collections/416b96b2-dc4c-4e89-adb6-2497cbc56e92/query "HTTP/1.1 200 OK"
INFO:hockey_mcp:✅ [TOOL COMPLETE] search_hockey_tactics: returned 10 tactics in 0.69s
INFO:mcp.server.lowlevel.server:Processing request of type ListToolsRequest
INFO:mcp.server.lowlevel.server:Processing request of type CallToolRequest
INFO:hockey_mcp:⚡ [TOOL CALL] search_hockey_skills: query='hockey skating passing shooting stickhandling techniques', n_results=10
INFO:chromadb.telemetry.product.posthog:Anonymized telemetry enabled. See                     https://docs.trychroma.com/telemetry for more information.
INFO:httpx:HTTP Request: GET https://chroma-copy-copy-production.up.railway.app/api/v2/auth/identity "HTTP/1.1 200 OK"
INFO:chromadb.telemetry.product.posthog:Anonymized telemetry enabled. See                     https://docs.trychroma.com/telemetry for more information.
INFO:httpx:HTTP Request: GET https://chroma-copy-copy-production.up.railway.app/api/v2/tenants/default_tenant "HTTP/1.1 200 OK"
INFO:httpx:HTTP Request: GET https://chroma-copy-copy-production.up.railway.app/api/v2/tenants/default_tenant/databases/default_database "HTTP/1.1 200 OK"
INFO:httpx:HTTP Request: GET https://chroma-copy-copy-production.up.railway.app/api/v2/heartbeat "HTTP/1.1 200 OK"
INFO:httpx:HTTP Request: GET https://chroma-copy-copy-production.up.railway.app/api/v2/tenants/default_tenant/databases/default_database/collections/hockey_skills "HTTP/1.1 200 OK"
INFO:httpx:HTTP Request: POST https://chroma-copy-copy-production.up.railway.app/api/v2/tenants/default_tenant/databases/default_database/collections/689a1fad-d612-40de-b077-4cddc4b59524/query "HTTP/1.1 200 OK"
INFO:hockey_mcp:✅ [TOOL COMPLETE] search_hockey_skills: returned 10 skills in 0.63s
Connecting to Chroma server at https://chroma-copy-copy-production.up.railway.app:443 with token: True
✅ Connected to remote Chroma server
Connecting to Chroma server at https://chroma-copy-copy-production.up.railway.app:443 with token: True
✅ Connected to remote Chroma server
INFO:     127.0.0.1:49625 - "POST /api/mcp HTTP/1.1" 200 OK
INFO:mcp.server.lowlevel.server:Processing request of type ListToolsRequest
INFO:mcp.server.lowlevel.server:Processing request of type CallToolRequest
INFO:hockey_mcp:🌟 [TOOL CALL] search_hockey_nhl_insights: query='hockey history NHL players Stanley Cup records', n_results=10
INFO:chromadb.telemetry.product.posthog:Anonymized telemetry enabled. See                     https://docs.trychroma.com/telemetry for more information.
INFO:httpx:HTTP Request: GET https://chroma-copy-copy-production.up.railway.app/api/v2/auth/identity "HTTP/1.1 200 OK"
INFO:chromadb.telemetry.product.posthog:Anonymized telemetry enabled. See                     https://docs.trychroma.com/telemetry for more information.
INFO:httpx:HTTP Request: GET https://chroma-copy-copy-production.up.railway.app/api/v2/tenants/default_tenant "HTTP/1.1 200 OK"
INFO:httpx:HTTP Request: GET https://chroma-copy-copy-production.up.railway.app/api/v2/tenants/default_tenant/databases/default_database "HTTP/1.1 200 OK"
INFO:httpx:HTTP Request: GET https://chroma-copy-copy-production.up.railway.app/api/v2/heartbeat "HTTP/1.1 200 OK"
INFO:httpx:HTTP Request: GET https://chroma-copy-copy-production.up.railway.app/api/v2/tenants/default_tenant/databases/default_database/collections/hockey_nhl_insights "HTTP/1.1 200 OK"
INFO:httpx:HTTP Request: POST https://chroma-copy-copy-production.up.railway.app/api/v2/tenants/default_tenant/databases/default_database/collections/569d9c2a-831f-4f67-a382-788c08186477/query "HTTP/1.1 200 OK"
INFO:hockey_mcp:✅ [TOOL COMPLETE] search_hockey_nhl_insights: returned 10 insights in 0.63s
Connecting to Chroma server at https://chroma-copy-copy-production.up.railway.app:443 with token: True
✅ Connected to remote Chroma server
INFO:     127.0.0.1:49723 - "POST /api/mcp HTTP/1.1" 200 OK
INFO:mcp.server.lowlevel.server:Processing request of type ListToolsRequest
INFO:     127.0.0.1:49728 - "POST /api/mcp HTTP/1.1" 200 OK
INFO:mcp.server.lowlevel.server:Processing request of type CallToolRequest
INFO:hockey_mcp:⚖️ [TOOL CALL] search_hockey_rules: query='hockey rules penalties offsides icing basics', n_results=10
INFO:chromadb.telemetry.product.posthog:Anonymized telemetry enabled. See                     https://docs.trychroma.com/telemetry for more information.
INFO:httpx:HTTP Request: GET https://chroma-copy-copy-production.up.railway.app/api/v2/auth/identity "HTTP/1.1 200 OK"
INFO:chromadb.telemetry.product.posthog:Anonymized telemetry enabled. See                     https://docs.trychroma.com/telemetry for more information.
INFO:httpx:HTTP Request: GET https://chroma-copy-copy-production.up.railway.app/api/v2/tenants/default_tenant "HTTP/1.1 200 OK"
INFO:httpx:HTTP Request: GET https://chroma-copy-copy-production.up.railway.app/api/v2/tenants/default_tenant/databases/default_database "HTTP/1.1 200 OK"
INFO:httpx:HTTP Request: GET https://chroma-copy-copy-production.up.railway.app/api/v2/heartbeat "HTTP/1.1 200 OK"
INFO:httpx:HTTP Request: GET https://chroma-copy-copy-production.up.railway.app/api/v2/tenants/default_tenant/databases/default_database/collections/hockey_rules "HTTP/1.1 200 OK"
INFO:httpx:HTTP Request: POST https://chroma-copy-copy-production.up.railway.app/api/v2/tenants/default_tenant/databases/default_database/collections/41ea6112-cab7-46b8-bf6d-86eabd3ace04/query "HTTP/1.1 200 OK"
INFO:hockey_mcp:✅ [TOOL COMPLETE] search_hockey_rules: returned 10 rules in 0.89s
INFO:mcp.server.lowlevel.server:Processing request of type ListToolsRequest
Connecting to Chroma server at https://chroma-copy-copy-production.up.railway.app:443 with token: True
✅ Connected to remote Chroma server
INFO:     127.0.0.1:49625 - "POST /api/mcp HTTP/1.1" 200 OK
INFO:mcp.server.lowlevel.server:Processing request of type CallToolRequest
INFO:hockey_mcp:🎯 [TOOL CALL] search_hockey_tactics: query='hockey positions defensive offensive zone coverage', types=None, positions=None, n_results=10
INFO:chromadb.telemetry.product.posthog:Anonymized telemetry enabled. See                     https://docs.trychroma.com/telemetry for more information.
INFO:httpx:HTTP Request: GET https://chroma-copy-copy-production.up.railway.app/api/v2/auth/identity "HTTP/1.1 200 OK"
INFO:chromadb.telemetry.product.posthog:Anonymized telemetry enabled. See                     https://docs.trychroma.com/telemetry for more information.
INFO:httpx:HTTP Request: GET https://chroma-copy-copy-production.up.railway.app/api/v2/tenants/default_tenant "HTTP/1.1 200 OK"
INFO:httpx:HTTP Request: GET https://chroma-copy-copy-production.up.railway.app/api/v2/tenants/default_tenant/databases/default_database "HTTP/1.1 200 OK"
INFO:httpx:HTTP Request: GET https://chroma-copy-copy-production.up.railway.app/api/v2/heartbeat "HTTP/1.1 200 OK"
INFO:httpx:HTTP Request: GET https://chroma-copy-copy-production.up.railway.app/api/v2/tenants/default_tenant/databases/default_database/collections/hockey_tactics "HTTP/1.1 200 OK"
INFO:httpx:HTTP Request: POST https://chroma-copy-copy-production.up.railway.app/api/v2/tenants/default_tenant/databases/default_database/collections/416b96b2-dc4c-4e89-adb6-2497cbc56e92/query "HTTP/1.1 200 OK"
INFO:hockey_mcp:✅ [TOOL COMPLETE] search_hockey_tactics: returned 10 tactics in 0.69s
INFO:mcp.server.lowlevel.server:Processing request of type ListToolsRequest
Connecting to Chroma server at https://chroma-copy-copy-production.up.railway.app:443 with token: True
✅ Connected to remote Chroma server
INFO:     127.0.0.1:49625 - "POST /api/mcp HTTP/1.1" 200 OK
INFO:mcp.server.lowlevel.server:Processing request of type CallToolRequest
INFO:hockey_mcp:🌟 [TOOL CALL] search_hockey_nhl_insights: query='hockey history NHL players Stanley Cup records', n_results=10
INFO:chromadb.telemetry.product.posthog:Anonymized telemetry enabled. See                     https://docs.trychroma.com/telemetry for more information.
INFO:httpx:HTTP Request: GET https://chroma-copy-copy-production.up.railway.app/api/v2/auth/identity "HTTP/1.1 200 OK"
INFO:chromadb.telemetry.product.posthog:Anonymized telemetry enabled. See                     https://docs.trychroma.com/telemetry for more information.
INFO:httpx:HTTP Request: GET https://chroma-copy-copy-production.up.railway.app/api/v2/tenants/default_tenant "HTTP/1.1 200 OK"
INFO:httpx:HTTP Request: GET https://chroma-copy-copy-production.up.railway.app/api/v2/tenants/default_tenant/databases/default_database "HTTP/1.1 200 OK"
INFO:httpx:HTTP Request: GET https://chroma-copy-copy-production.up.railway.app/api/v2/heartbeat "HTTP/1.1 200 OK"
INFO:httpx:HTTP Request: GET https://chroma-copy-copy-production.up.railway.app/api/v2/tenants/default_tenant/databases/default_database/collections/hockey_nhl_insights "HTTP/1.1 200 OK"
INFO:httpx:HTTP Request: POST https://chroma-copy-copy-production.up.railway.app/api/v2/tenants/default_tenant/databases/default_database/collections/569d9c2a-831f-4f67-a382-788c08186477/query "HTTP/1.1 200 OK"
INFO:hockey_mcp:✅ [TOOL COMPLETE] search_hockey_nhl_insights: returned 10 insights in 0.61s
INFO:mcp.server.lowlevel.server:Processing request of type ListToolsRequest
Connecting to Chroma server at https://chroma-copy-copy-production.up.railway.app:443 with token: True
✅ Connected to remote Chroma server
INFO:     127.0.0.1:49625 - "POST /api/mcp HTTP/1.1" 200 OK
INFO:mcp.server.lowlevel.server:Processing request of type CallToolRequest
INFO:hockey_mcp:🎯 [TOOL CALL] search_hockey_tactics: query='hockey teamwork communication support systems', types=None, positions=None, n_results=10
INFO:chromadb.telemetry.product.posthog:Anonymized telemetry enabled. See                     https://docs.trychroma.com/telemetry for more information.
INFO:httpx:HTTP Request: GET https://chroma-copy-copy-production.up.railway.app/api/v2/auth/identity "HTTP/1.1 200 OK"
INFO:chromadb.telemetry.product.posthog:Anonymized telemetry enabled. See                     https://docs.trychroma.com/telemetry for more information.
INFO:httpx:HTTP Request: GET https://chroma-copy-copy-production.up.railway.app/api/v2/tenants/default_tenant "HTTP/1.1 200 OK"
INFO:httpx:HTTP Request: GET https://chroma-copy-copy-production.up.railway.app/api/v2/tenants/default_tenant/databases/default_database "HTTP/1.1 200 OK"
INFO:httpx:HTTP Request: GET https://chroma-copy-copy-production.up.railway.app/api/v2/heartbeat "HTTP/1.1 200 OK"
INFO:httpx:HTTP Request: GET https://chroma-copy-copy-production.up.railway.app/api/v2/tenants/default_tenant/databases/default_database/collections/hockey_tactics "HTTP/1.1 200 OK"
INFO:httpx:HTTP Request: POST https://chroma-copy-copy-production.up.railway.app/api/v2/tenants/default_tenant/databases/default_database/collections/416b96b2-dc4c-4e89-adb6-2497cbc56e92/query "HTTP/1.1 200 OK"
INFO:hockey_mcp:✅ [TOOL COMPLETE] search_hockey_tactics: returned 10 tactics in 0.79s
INFO:mcp.server.lowlevel.server:Processing request of type ListToolsRequest
Connecting to Chroma server at https://chroma-copy-copy-production.up.railway.app:443 with token: True
✅ Connected to remote Chroma server
INFO:     127.0.0.1:49625 - "POST /api/mcp HTTP/1.1" 200 OK
INFO:mcp.server.lowlevel.server:Processing request of type CallToolRequest
INFO:hockey_mcp:⚡ [TOOL CALL] search_hockey_skills: query='hockey skating passing shooting stickhandling techniques', n_results=10
INFO:chromadb.telemetry.product.posthog:Anonymized telemetry enabled. See                     https://docs.trychroma.com/telemetry for more information.
INFO:httpx:HTTP Request: GET https://chroma-copy-copy-production.up.railway.app/api/v2/auth/identity "HTTP/1.1 200 OK"
INFO:chromadb.telemetry.product.posthog:Anonymized telemetry enabled. See                     https://docs.trychroma.com/telemetry for more information.
INFO:httpx:HTTP Request: GET https://chroma-copy-copy-production.up.railway.app/api/v2/tenants/default_tenant "HTTP/1.1 200 OK"
INFO:httpx:HTTP Request: GET https://chroma-copy-copy-production.up.railway.app/api/v2/tenants/default_tenant/databases/default_database "HTTP/1.1 200 OK"
INFO:httpx:HTTP Request: GET https://chroma-copy-copy-production.up.railway.app/api/v2/heartbeat "HTTP/1.1 200 OK"
INFO:httpx:HTTP Request: GET https://chroma-copy-copy-production.up.railway.app/api/v2/tenants/default_tenant/databases/default_database/collections/hockey_skills "HTTP/1.1 200 OK"
INFO:httpx:HTTP Request: POST https://chroma-copy-copy-production.up.railway.app/api/v2/tenants/default_tenant/databases/default_database/collections/689a1fad-d612-40de-b077-4cddc4b59524/query "HTTP/1.1 200 OK"
INFO:hockey_mcp:✅ [TOOL COMPLETE] search_hockey_skills: returned 10 skills in 0.73s
INFO:mcp.server.lowlevel.server:Processing request of type ListToolsRequest
Connecting to Chroma server at https://chroma-copy-copy-production.up.railway.app:443 with token: True
✅ Connected to remote Chroma server
INFO:     127.0.0.1:49625 - "POST /api/mcp HTTP/1.1" 200 OK
INFO:mcp.server.lowlevel.server:Processing request of type CallToolRequest
INFO:hockey_mcp:⚖️ [TOOL CALL] search_hockey_rules: query='hockey rules penalties offsides icing basics', n_results=10
INFO:chromadb.telemetry.product.posthog:Anonymized telemetry enabled. See                     https://docs.trychroma.com/telemetry for more information.
INFO:httpx:HTTP Request: GET https://chroma-copy-copy-production.up.railway.app/api/v2/auth/identity "HTTP/1.1 200 OK"
INFO:chromadb.telemetry.product.posthog:Anonymized telemetry enabled. See                     https://docs.trychroma.com/telemetry for more information.
INFO:httpx:HTTP Request: GET https://chroma-copy-copy-production.up.railway.app/api/v2/tenants/default_tenant "HTTP/1.1 200 OK"
INFO:httpx:HTTP Request: GET https://chroma-copy-copy-production.up.railway.app/api/v2/tenants/default_tenant/databases/default_database "HTTP/1.1 200 OK"
INFO:httpx:HTTP Request: GET https://chroma-copy-copy-production.up.railway.app/api/v2/heartbeat "HTTP/1.1 200 OK"
INFO:httpx:HTTP Request: GET https://chroma-copy-copy-production.up.railway.app/api/v2/tenants/default_tenant/databases/default_database/collections/hockey_rules "HTTP/1.1 200 OK"
INFO:httpx:HTTP Request: POST https://chroma-copy-copy-production.up.railway.app/api/v2/tenants/default_tenant/databases/default_database/collections/41ea6112-cab7-46b8-bf6d-86eabd3ace04/query "HTTP/1.1 200 OK"
INFO:hockey_mcp:✅ [TOOL COMPLETE] search_hockey_rules: returned 10 rules in 0.59s
INFO:mcp.server.lowlevel.server:Processing request of type ListToolsRequest
Connecting to Chroma server at https://chroma-copy-copy-production.up.railway.app:443 with token: True
✅ Connected to remote Chroma server
INFO:     127.0.0.1:49625 - "POST /api/mcp HTTP/1.1" 200 OK
INFO:mcp.server.lowlevel.server:Processing request of type CallToolRequest
INFO:hockey_mcp:🎯 [TOOL CALL] search_hockey_tactics: query='hockey positions defensive offensive zone coverage', types=None, positions=None, n_results=10
INFO:chromadb.telemetry.product.posthog:Anonymized telemetry enabled. See                     https://docs.trychroma.com/telemetry for more information.
INFO:httpx:HTTP Request: GET https://chroma-copy-copy-production.up.railway.app/api/v2/auth/identity "HTTP/1.1 200 OK"
INFO:chromadb.telemetry.product.posthog:Anonymized telemetry enabled. See                     https://docs.trychroma.com/telemetry for more information.
INFO:httpx:HTTP Request: GET https://chroma-copy-copy-production.up.railway.app/api/v2/tenants/default_tenant "HTTP/1.1 200 OK"
INFO:httpx:HTTP Request: GET https://chroma-copy-copy-production.up.railway.app/api/v2/tenants/default_tenant/databases/default_database "HTTP/1.1 200 OK"
INFO:httpx:HTTP Request: GET https://chroma-copy-copy-production.up.railway.app/api/v2/heartbeat "HTTP/1.1 200 OK"
INFO:httpx:HTTP Request: GET https://chroma-copy-copy-production.up.railway.app/api/v2/tenants/default_tenant/databases/default_database/collections/hockey_tactics "HTTP/1.1 200 OK"
INFO:httpx:HTTP Request: POST https://chroma-copy-copy-production.up.railway.app/api/v2/tenants/default_tenant/databases/default_database/collections/416b96b2-dc4c-4e89-adb6-2497cbc56e92/query "HTTP/1.1 200 OK"
INFO:hockey_mcp:✅ [TOOL COMPLETE] search_hockey_tactics: returned 10 tactics in 0.68s
INFO:mcp.server.lowlevel.server:Processing request of type ListToolsRequest
Connecting to Chroma server at https://chroma-copy-copy-production.up.railway.app:443 with token: True
✅ Connected to remote Chroma server
INFO:     127.0.0.1:49625 - "POST /api/mcp HTTP/1.1" 200 OK
INFO:mcp.server.lowlevel.server:Processing request of type CallToolRequest
INFO:hockey_mcp:🎯 [TOOL CALL] search_hockey_tactics: query='hockey teamwork communication support systems', types=None, positions=None, n_results=10
INFO:chromadb.telemetry.product.posthog:Anonymized telemetry enabled. See                     https://docs.trychroma.com/telemetry for more information.
INFO:httpx:HTTP Request: GET https://chroma-copy-copy-production.up.railway.app/api/v2/auth/identity "HTTP/1.1 200 OK"
INFO:chromadb.telemetry.product.posthog:Anonymized telemetry enabled. See                     https://docs.trychroma.com/telemetry for more information.
INFO:httpx:HTTP Request: GET https://chroma-copy-copy-production.up.railway.app/api/v2/tenants/default_tenant "HTTP/1.1 200 OK"
INFO:httpx:HTTP Request: GET https://chroma-copy-copy-production.up.railway.app/api/v2/tenants/default_tenant/databases/default_database "HTTP/1.1 200 OK"
INFO:httpx:HTTP Request: GET https://chroma-copy-copy-production.up.railway.app/api/v2/heartbeat "HTTP/1.1 200 OK"
INFO:httpx:HTTP Request: GET https://chroma-copy-copy-production.up.railway.app/api/v2/tenants/default_tenant/databases/default_database/collections/hockey_tactics "HTTP/1.1 200 OK"
INFO:httpx:HTTP Request: POST https://chroma-copy-copy-production.up.railway.app/api/v2/tenants/default_tenant/databases/default_database/collections/416b96b2-dc4c-4e89-adb6-2497cbc56e92/query "HTTP/1.1 200 OK"
INFO:hockey_mcp:✅ [TOOL COMPLETE] search_hockey_tactics: returned 10 tactics in 0.66s
INFO:mcp.server.lowlevel.server:Processing request of type ListToolsRequest
Connecting to Chroma server at https://chroma-copy-copy-production.up.railway.app:443 with token: True
✅ Connected to remote Chroma server
INFO:     127.0.0.1:49625 - "POST /api/mcp HTTP/1.1" 200 OK
INFO:mcp.server.lowlevel.server:Processing request of type CallToolRequest
INFO:hockey_mcp:⚡ [TOOL CALL] search_hockey_skills: query='hockey skating passing shooting stickhandling techniques', n_results=10
INFO:chromadb.telemetry.product.posthog:Anonymized telemetry enabled. See                     https://docs.trychroma.com/telemetry for more information.
INFO:httpx:HTTP Request: GET https://chroma-copy-copy-production.up.railway.app/api/v2/auth/identity "HTTP/1.1 200 OK"
INFO:chromadb.telemetry.product.posthog:Anonymized telemetry enabled. See                     https://docs.trychroma.com/telemetry for more information.
INFO:httpx:HTTP Request: GET https://chroma-copy-copy-production.up.railway.app/api/v2/tenants/default_tenant "HTTP/1.1 200 OK"
INFO:httpx:HTTP Request: GET https://chroma-copy-copy-production.up.railway.app/api/v2/tenants/default_tenant/databases/default_database "HTTP/1.1 200 OK"
INFO:httpx:HTTP Request: GET https://chroma-copy-copy-production.up.railway.app/api/v2/heartbeat "HTTP/1.1 200 OK"
INFO:httpx:HTTP Request: GET https://chroma-copy-copy-production.up.railway.app/api/v2/tenants/default_tenant/databases/default_database/collections/hockey_skills "HTTP/1.1 200 OK"
INFO:httpx:HTTP Request: POST https://chroma-copy-copy-production.up.railway.app/api/v2/tenants/default_tenant/databases/default_database/collections/689a1fad-d612-40de-b077-4cddc4b59524/query "HTTP/1.1 200 OK"
INFO:hockey_mcp:✅ [TOOL COMPLETE] search_hockey_skills: returned 10 skills in 0.59s
INFO:mcp.server.lowlevel.server:Processing request of type ListToolsRequest
Connecting to Chroma server at https://chroma-copy-copy-production.up.railway.app:443 with token: True
✅ Connected to remote Chroma server
INFO:     127.0.0.1:49625 - "POST /api/mcp HTTP/1.1" 200 OK
INFO:mcp.server.lowlevel.server:Processing request of type CallToolRequest
INFO:hockey_mcp:⚖️ [TOOL CALL] search_hockey_rules: query='hockey rules penalties offsides icing basics', n_results=10
INFO:chromadb.telemetry.product.posthog:Anonymized telemetry enabled. See                     https://docs.trychroma.com/telemetry for more information.
INFO:httpx:HTTP Request: GET https://chroma-copy-copy-production.up.railway.app/api/v2/auth/identity "HTTP/1.1 200 OK"
INFO:chromadb.telemetry.product.posthog:Anonymized telemetry enabled. See                     https://docs.trychroma.com/telemetry for more information.
INFO:httpx:HTTP Request: GET https://chroma-copy-copy-production.up.railway.app/api/v2/tenants/default_tenant "HTTP/1.1 200 OK"
INFO:httpx:HTTP Request: GET https://chroma-copy-copy-production.up.railway.app/api/v2/tenants/default_tenant/databases/default_database "HTTP/1.1 200 OK"
INFO:httpx:HTTP Request: GET https://chroma-copy-copy-production.up.railway.app/api/v2/heartbeat "HTTP/1.1 200 OK"
INFO:httpx:HTTP Request: GET https://chroma-copy-copy-production.up.railway.app/api/v2/tenants/default_tenant/databases/default_database/collections/hockey_rules "HTTP/1.1 200 OK"
INFO:httpx:HTTP Request: POST https://chroma-copy-copy-production.up.railway.app/api/v2/tenants/default_tenant/databases/default_database/collections/41ea6112-cab7-46b8-bf6d-86eabd3ace04/query "HTTP/1.1 200 OK"
INFO:hockey_mcp:✅ [TOOL COMPLETE] search_hockey_rules: returned 10 rules in 0.86s
INFO:mcp.server.lowlevel.server:Processing request of type ListToolsRequest
Connecting to Chroma server at https://chroma-copy-copy-production.up.railway.app:443 with token: True
✅ Connected to remote Chroma server
INFO:     127.0.0.1:49625 - "POST /api/mcp HTTP/1.1" 200 OK
INFO:mcp.server.lowlevel.server:Processing request of type CallToolRequest
INFO:hockey_mcp:🎯 [TOOL CALL] search_hockey_tactics: query='hockey positions defensive offensive zone coverage', types=None, positions=None, n_results=10
INFO:chromadb.telemetry.product.posthog:Anonymized telemetry enabled. See                     https://docs.trychroma.com/telemetry for more information.
INFO:httpx:HTTP Request: GET https://chroma-copy-copy-production.up.railway.app/api/v2/auth/identity "HTTP/1.1 200 OK"
INFO:chromadb.telemetry.product.posthog:Anonymized telemetry enabled. See                     https://docs.trychroma.com/telemetry for more information.
INFO:httpx:HTTP Request: GET https://chroma-copy-copy-production.up.railway.app/api/v2/tenants/default_tenant "HTTP/1.1 200 OK"
INFO:httpx:HTTP Request: GET https://chroma-copy-copy-production.up.railway.app/api/v2/tenants/default_tenant/databases/default_database "HTTP/1.1 200 OK"
INFO:httpx:HTTP Request: GET https://chroma-copy-copy-production.up.railway.app/api/v2/heartbeat "HTTP/1.1 200 OK"
INFO:httpx:HTTP Request: GET https://chroma-copy-copy-production.up.railway.app/api/v2/tenants/default_tenant/databases/default_database/collections/hockey_tactics "HTTP/1.1 200 OK"
INFO:httpx:HTTP Request: POST https://chroma-copy-copy-production.up.railway.app/api/v2/tenants/default_tenant/databases/default_database/collections/416b96b2-dc4c-4e89-adb6-2497cbc56e92/query "HTTP/1.1 200 OK"
INFO:hockey_mcp:✅ [TOOL COMPLETE] search_hockey_tactics: returned 10 tactics in 0.71s
INFO:mcp.server.lowlevel.server:Processing request of type ListToolsRequest
Connecting to Chroma server at https://chroma-copy-copy-production.up.railway.app:443 with token: True
✅ Connected to remote Chroma server
INFO:     127.0.0.1:49625 - "POST /api/mcp HTTP/1.1" 200 OK
INFO:mcp.server.lowlevel.server:Processing request of type CallToolRequest
INFO:hockey_mcp:🌟 [TOOL CALL] search_hockey_nhl_insights: query='hockey history NHL players Stanley Cup records', n_results=10
INFO:chromadb.telemetry.product.posthog:Anonymized telemetry enabled. See                     https://docs.trychroma.com/telemetry for more information.
INFO:httpx:HTTP Request: GET https://chroma-copy-copy-production.up.railway.app/api/v2/auth/identity "HTTP/1.1 200 OK"
INFO:chromadb.telemetry.product.posthog:Anonymized telemetry enabled. See                     https://docs.trychroma.com/telemetry for more information.
INFO:httpx:HTTP Request: GET https://chroma-copy-copy-production.up.railway.app/api/v2/tenants/default_tenant "HTTP/1.1 200 OK"
INFO:httpx:HTTP Request: GET https://chroma-copy-copy-production.up.railway.app/api/v2/tenants/default_tenant/databases/default_database "HTTP/1.1 200 OK"
INFO:httpx:HTTP Request: GET https://chroma-copy-copy-production.up.railway.app/api/v2/heartbeat "HTTP/1.1 200 OK"
INFO:httpx:HTTP Request: GET https://chroma-copy-copy-production.up.railway.app/api/v2/tenants/default_tenant/databases/default_database/collections/hockey_nhl_insights "HTTP/1.1 200 OK"
INFO:httpx:HTTP Request: POST https://chroma-copy-copy-production.up.railway.app/api/v2/tenants/default_tenant/databases/default_database/collections/569d9c2a-831f-4f67-a382-788c08186477/query "HTTP/1.1 200 OK"
INFO:hockey_mcp:✅ [TOOL COMPLETE] search_hockey_nhl_insights: returned 10 insights in 0.62s
INFO:mcp.server.lowlevel.server:Processing request of type ListToolsRequest
Connecting to Chroma server at https://chroma-copy-copy-production.up.railway.app:443 with token: True
✅ Connected to remote Chroma server
INFO:     127.0.0.1:49841 - "POST /api/mcp HTTP/1.1" 200 OK
INFO:mcp.server.lowlevel.server:Processing request of type CallToolRequest
INFO:hockey_mcp:⚖️ [TOOL CALL] search_hockey_rules: query='hockey rules penalties offsides icing basics', n_results=10
INFO:chromadb.telemetry.product.posthog:Anonymized telemetry enabled. See                     https://docs.trychroma.com/telemetry for more information.
INFO:httpx:HTTP Request: GET https://chroma-copy-copy-production.up.railway.app/api/v2/auth/identity "HTTP/1.1 200 OK"
INFO:chromadb.telemetry.product.posthog:Anonymized telemetry enabled. See                     https://docs.trychroma.com/telemetry for more information.
INFO:httpx:HTTP Request: GET https://chroma-copy-copy-production.up.railway.app/api/v2/tenants/default_tenant "HTTP/1.1 200 OK"
INFO:httpx:HTTP Request: GET https://chroma-copy-copy-production.up.railway.app/api/v2/tenants/default_tenant/databases/default_database "HTTP/1.1 200 OK"
INFO:httpx:HTTP Request: GET https://chroma-copy-copy-production.up.railway.app/api/v2/heartbeat "HTTP/1.1 200 OK"
INFO:httpx:HTTP Request: GET https://chroma-copy-copy-production.up.railway.app/api/v2/tenants/default_tenant/databases/default_database/collections/hockey_rules "HTTP/1.1 200 OK"
INFO:httpx:HTTP Request: POST https://chroma-copy-copy-production.up.railway.app/api/v2/tenants/default_tenant/databases/default_database/collections/41ea6112-cab7-46b8-bf6d-86eabd3ace04/query "HTTP/1.1 200 OK"
INFO:hockey_mcp:✅ [TOOL COMPLETE] search_hockey_rules: returned 10 rules in 0.58s
INFO:mcp.server.lowlevel.server:Processing request of type CallToolRequest
INFO:hockey_mcp:🎯 [TOOL CALL] search_hockey_tactics: query='hockey positions defensive offensive zone coverage', types=None, positions=None, n_results=10
INFO:chromadb.telemetry.product.posthog:Anonymized telemetry enabled. See                     https://docs.trychroma.com/telemetry for more information.
INFO:httpx:HTTP Request: GET https://chroma-copy-copy-production.up.railway.app/api/v2/auth/identity "HTTP/1.1 200 OK"
INFO:chromadb.telemetry.product.posthog:Anonymized telemetry enabled. See                     https://docs.trychroma.com/telemetry for more information.
INFO:httpx:HTTP Request: GET https://chroma-copy-copy-production.up.railway.app/api/v2/tenants/default_tenant "HTTP/1.1 200 OK"
INFO:httpx:HTTP Request: GET https://chroma-copy-copy-production.up.railway.app/api/v2/tenants/default_tenant/databases/default_database "HTTP/1.1 200 OK"
INFO:httpx:HTTP Request: GET https://chroma-copy-copy-production.up.railway.app/api/v2/heartbeat "HTTP/1.1 200 OK"
INFO:httpx:HTTP Request: GET https://chroma-copy-copy-production.up.railway.app/api/v2/tenants/default_tenant/databases/default_database/collections/hockey_tactics "HTTP/1.1 200 OK"
INFO:httpx:HTTP Request: POST https://chroma-copy-copy-production.up.railway.app/api/v2/tenants/default_tenant/databases/default_database/collections/416b96b2-dc4c-4e89-adb6-2497cbc56e92/query "HTTP/1.1 200 OK"
INFO:hockey_mcp:✅ [TOOL COMPLETE] search_hockey_tactics: returned 10 tactics in 0.70s
INFO:mcp.server.lowlevel.server:Processing request of type CallToolRequest
INFO:hockey_mcp:⚡ [TOOL CALL] search_hockey_skills: query='hockey skating passing shooting stickhandling techniques', n_results=10
INFO:chromadb.telemetry.product.posthog:Anonymized telemetry enabled. See                     https://docs.trychroma.com/telemetry for more information.
INFO:httpx:HTTP Request: GET https://chroma-copy-copy-production.up.railway.app/api/v2/auth/identity "HTTP/1.1 200 OK"
INFO:chromadb.telemetry.product.posthog:Anonymized telemetry enabled. See                     https://docs.trychroma.com/telemetry for more information.
INFO:httpx:HTTP Request: GET https://chroma-copy-copy-production.up.railway.app/api/v2/tenants/default_tenant "HTTP/1.1 200 OK"
INFO:httpx:HTTP Request: GET https://chroma-copy-copy-production.up.railway.app/api/v2/tenants/default_tenant/databases/default_database "HTTP/1.1 200 OK"
INFO:httpx:HTTP Request: GET https://chroma-copy-copy-production.up.railway.app/api/v2/heartbeat "HTTP/1.1 200 OK"
INFO:httpx:HTTP Request: GET https://chroma-copy-copy-production.up.railway.app/api/v2/tenants/default_tenant/databases/default_database/collections/hockey_skills "HTTP/1.1 200 OK"
INFO:httpx:HTTP Request: POST https://chroma-copy-copy-production.up.railway.app/api/v2/tenants/default_tenant/databases/default_database/collections/689a1fad-d612-40de-b077-4cddc4b59524/query "HTTP/1.1 200 OK"
INFO:hockey_mcp:✅ [TOOL COMPLETE] search_hockey_skills: returned 10 skills in 0.62s
INFO:mcp.server.lowlevel.server:Processing request of type CallToolRequest
INFO:hockey_mcp:🎯 [TOOL CALL] search_hockey_tactics: query='hockey teamwork communication support systems', types=None, positions=None, n_results=10
INFO:chromadb.telemetry.product.posthog:Anonymized telemetry enabled. See                     https://docs.trychroma.com/telemetry for more information.
INFO:httpx:HTTP Request: GET https://chroma-copy-copy-production.up.railway.app/api/v2/auth/identity "HTTP/1.1 200 OK"
INFO:chromadb.telemetry.product.posthog:Anonymized telemetry enabled. See                     https://docs.trychroma.com/telemetry for more information.
INFO:httpx:HTTP Request: GET https://chroma-copy-copy-production.up.railway.app/api/v2/tenants/default_tenant "HTTP/1.1 200 OK"
INFO:httpx:HTTP Request: GET https://chroma-copy-copy-production.up.railway.app/api/v2/tenants/default_tenant/databases/default_database "HTTP/1.1 200 OK"
INFO:httpx:HTTP Request: GET https://chroma-copy-copy-production.up.railway.app/api/v2/heartbeat "HTTP/1.1 200 OK"
INFO:httpx:HTTP Request: GET https://chroma-copy-copy-production.up.railway.app/api/v2/tenants/default_tenant/databases/default_database/collections/hockey_tactics "HTTP/1.1 200 OK"
INFO:httpx:HTTP Request: POST https://chroma-copy-copy-production.up.railway.app/api/v2/tenants/default_tenant/databases/default_database/collections/416b96b2-dc4c-4e89-adb6-2497cbc56e92/query "HTTP/1.1 200 OK"
INFO:hockey_mcp:✅ [TOOL COMPLETE] search_hockey_tactics: returned 10 tactics in 0.67s
INFO:mcp.server.lowlevel.server:Processing request of type ListToolsRequest
INFO:mcp.server.lowlevel.server:Processing request of type ListToolsRequest
INFO:mcp.server.lowlevel.server:Processing request of type ListToolsRequest
INFO:mcp.server.lowlevel.server:Processing request of type ListToolsRequest
INFO:mcp.server.lowlevel.server:Processing request of type CallToolRequest
INFO:hockey_mcp:🌟 [TOOL CALL] search_hockey_nhl_insights: query='hockey history NHL players Stanley Cup records', n_results=10
INFO:chromadb.telemetry.product.posthog:Anonymized telemetry enabled. See                     https://docs.trychroma.com/telemetry for more information.
INFO:httpx:HTTP Request: GET https://chroma-copy-copy-production.up.railway.app/api/v2/auth/identity "HTTP/1.1 200 OK"
INFO:chromadb.telemetry.product.posthog:Anonymized telemetry enabled. See                     https://docs.trychroma.com/telemetry for more information.
INFO:httpx:HTTP Request: GET https://chroma-copy-copy-production.up.railway.app/api/v2/tenants/default_tenant "HTTP/1.1 200 OK"
INFO:httpx:HTTP Request: GET https://chroma-copy-copy-production.up.railway.app/api/v2/tenants/default_tenant/databases/default_database "HTTP/1.1 200 OK"
INFO:httpx:HTTP Request: GET https://chroma-copy-copy-production.up.railway.app/api/v2/heartbeat "HTTP/1.1 200 OK"
INFO:httpx:HTTP Request: GET https://chroma-copy-copy-production.up.railway.app/api/v2/tenants/default_tenant/databases/default_database/collections/hockey_nhl_insights "HTTP/1.1 200 OK"
INFO:httpx:HTTP Request: POST https://chroma-copy-copy-production.up.railway.app/api/v2/tenants/default_tenant/databases/default_database/collections/569d9c2a-831f-4f67-a382-788c08186477/query "HTTP/1.1 200 OK"
INFO:hockey_mcp:✅ [TOOL COMPLETE] search_hockey_nhl_insights: returned 10 insights in 0.55s
Connecting to Chroma server at https://chroma-copy-copy-production.up.railway.app:443 with token: True
✅ Connected to remote Chroma server
Connecting to Chroma server at https://chroma-copy-copy-production.up.railway.app:443 with token: True
✅ Connected to remote Chroma server
Connecting to Chroma server at https://chroma-copy-copy-production.up.railway.app:443 with token: True
✅ Connected to remote Chroma server
Connecting to Chroma server at https://chroma-copy-copy-production.up.railway.app:443 with token: True
✅ Connected to remote Chroma server
Connecting to Chroma server at https://chroma-copy-copy-production.up.railway.app:443 with token: True
✅ Connected to remote Chroma server
INFO:     127.0.0.1:49870 - "POST /api/mcp HTTP/1.1" 200 OK
INFO:     127.0.0.1:49871 - "POST /api/mcp HTTP/1.1" 200 OK
INFO:     127.0.0.1:49872 - "POST /api/mcp HTTP/1.1" 200 OK
INFO:     127.0.0.1:49873 - "POST /api/mcp HTTP/1.1" 200 OK
INFO:mcp.server.lowlevel.server:Processing request of type ListToolsRequest
INFO:     127.0.0.1:49878 - "POST /api/mcp HTTP/1.1" 200 OK
INFO:mcp.server.lowlevel.server:Processing request of type CallToolRequest
INFO:hockey_mcp:🌟 [TOOL CALL] search_hockey_nhl_insights: query='hockey history NHL players Stanley Cup records', n_results=10
INFO:chromadb.telemetry.product.posthog:Anonymized telemetry enabled. See                     https://docs.trychroma.com/telemetry for more information.
INFO:httpx:HTTP Request: GET https://chroma-copy-copy-production.up.railway.app/api/v2/auth/identity "HTTP/1.1 200 OK"
INFO:chromadb.telemetry.product.posthog:Anonymized telemetry enabled. See                     https://docs.trychroma.com/telemetry for more information.
INFO:httpx:HTTP Request: GET https://chroma-copy-copy-production.up.railway.app/api/v2/tenants/default_tenant "HTTP/1.1 200 OK"
INFO:httpx:HTTP Request: GET https://chroma-copy-copy-production.up.railway.app/api/v2/tenants/default_tenant/databases/default_database "HTTP/1.1 200 OK"
INFO:httpx:HTTP Request: GET https://chroma-copy-copy-production.up.railway.app/api/v2/heartbeat "HTTP/1.1 200 OK"
INFO:httpx:HTTP Request: GET https://chroma-copy-copy-production.up.railway.app/api/v2/tenants/default_tenant/databases/default_database/collections/hockey_nhl_insights "HTTP/1.1 200 OK"
INFO:httpx:HTTP Request: POST https://chroma-copy-copy-production.up.railway.app/api/v2/tenants/default_tenant/databases/default_database/collections/569d9c2a-831f-4f67-a382-788c08186477/query "HTTP/1.1 200 OK"
INFO:hockey_mcp:✅ [TOOL COMPLETE] search_hockey_nhl_insights: returned 10 insights in 0.62s
INFO:mcp.server.lowlevel.server:Processing request of type ListToolsRequest
INFO:mcp.server.lowlevel.server:Processing request of type CallToolRequest
INFO:hockey_mcp:⚖️ [TOOL CALL] search_hockey_rules: query='hockey rules penalties offsides icing basics', n_results=10
INFO:chromadb.telemetry.product.posthog:Anonymized telemetry enabled. See                     https://docs.trychroma.com/telemetry for more information.
INFO:httpx:HTTP Request: GET https://chroma-copy-copy-production.up.railway.app/api/v2/auth/identity "HTTP/1.1 200 OK"
INFO:chromadb.telemetry.product.posthog:Anonymized telemetry enabled. See                     https://docs.trychroma.com/telemetry for more information.
INFO:httpx:HTTP Request: GET https://chroma-copy-copy-production.up.railway.app/api/v2/tenants/default_tenant "HTTP/1.1 200 OK"
INFO:httpx:HTTP Request: GET https://chroma-copy-copy-production.up.railway.app/api/v2/tenants/default_tenant/databases/default_database "HTTP/1.1 200 OK"
INFO:httpx:HTTP Request: GET https://chroma-copy-copy-production.up.railway.app/api/v2/heartbeat "HTTP/1.1 200 OK"
INFO:httpx:HTTP Request: GET https://chroma-copy-copy-production.up.railway.app/api/v2/tenants/default_tenant/databases/default_database/collections/hockey_rules "HTTP/1.1 200 OK"
INFO:httpx:HTTP Request: POST https://chroma-copy-copy-production.up.railway.app/api/v2/tenants/default_tenant/databases/default_database/collections/41ea6112-cab7-46b8-bf6d-86eabd3ace04/query "HTTP/1.1 200 OK"
INFO:hockey_mcp:✅ [TOOL COMPLETE] search_hockey_rules: returned 10 rules in 0.65s
Connecting to Chroma server at https://chroma-copy-copy-production.up.railway.app:443 with token: True
✅ Connected to remote Chroma server
Connecting to Chroma server at https://chroma-copy-copy-production.up.railway.app:443 with token: True
✅ Connected to remote Chroma server
INFO:     127.0.0.1:49870 - "POST /api/mcp HTTP/1.1" 200 OK
INFO:mcp.server.lowlevel.server:Processing request of type ListToolsRequest
INFO:mcp.server.lowlevel.server:Processing request of type CallToolRequest
INFO:hockey_mcp:🎯 [TOOL CALL] search_hockey_tactics: query='hockey teamwork communication support systems', types=None, positions=None, n_results=10
INFO:chromadb.telemetry.product.posthog:Anonymized telemetry enabled. See                     https://docs.trychroma.com/telemetry for more information.
INFO:httpx:HTTP Request: GET https://chroma-copy-copy-production.up.railway.app/api/v2/auth/identity "HTTP/1.1 200 OK"
INFO:chromadb.telemetry.product.posthog:Anonymized telemetry enabled. See                     https://docs.trychroma.com/telemetry for more information.
INFO:httpx:HTTP Request: GET https://chroma-copy-copy-production.up.railway.app/api/v2/tenants/default_tenant "HTTP/1.1 200 OK"
INFO:httpx:HTTP Request: GET https://chroma-copy-copy-production.up.railway.app/api/v2/tenants/default_tenant/databases/default_database "HTTP/1.1 200 OK"
INFO:httpx:HTTP Request: GET https://chroma-copy-copy-production.up.railway.app/api/v2/heartbeat "HTTP/1.1 200 OK"
INFO:httpx:HTTP Request: GET https://chroma-copy-copy-production.up.railway.app/api/v2/tenants/default_tenant/databases/default_database/collections/hockey_tactics "HTTP/1.1 200 OK"
INFO:httpx:HTTP Request: POST https://chroma-copy-copy-production.up.railway.app/api/v2/tenants/default_tenant/databases/default_database/collections/416b96b2-dc4c-4e89-adb6-2497cbc56e92/query "HTTP/1.1 200 OK"
INFO:hockey_mcp:✅ [TOOL COMPLETE] search_hockey_tactics: returned 10 tactics in 0.69s
INFO:mcp.server.lowlevel.server:Processing request of type CallToolRequest
INFO:hockey_mcp:⚡ [TOOL CALL] search_hockey_skills: query='hockey skating passing shooting stickhandling techniques', n_results=10
INFO:chromadb.telemetry.product.posthog:Anonymized telemetry enabled. See                     https://docs.trychroma.com/telemetry for more information.
INFO:httpx:HTTP Request: GET https://chroma-copy-copy-production.up.railway.app/api/v2/auth/identity "HTTP/1.1 200 OK"
INFO:chromadb.telemetry.product.posthog:Anonymized telemetry enabled. See                     https://docs.trychroma.com/telemetry for more information.
INFO:httpx:HTTP Request: GET https://chroma-copy-copy-production.up.railway.app/api/v2/tenants/default_tenant "HTTP/1.1 200 OK"
INFO:httpx:HTTP Request: GET https://chroma-copy-copy-production.up.railway.app/api/v2/tenants/default_tenant/databases/default_database "HTTP/1.1 200 OK"
INFO:httpx:HTTP Request: GET https://chroma-copy-copy-production.up.railway.app/api/v2/heartbeat "HTTP/1.1 200 OK"
INFO:httpx:HTTP Request: GET https://chroma-copy-copy-production.up.railway.app/api/v2/tenants/default_tenant/databases/default_database/collections/hockey_skills "HTTP/1.1 200 OK"
INFO:httpx:HTTP Request: POST https://chroma-copy-copy-production.up.railway.app/api/v2/tenants/default_tenant/databases/default_database/collections/689a1fad-d612-40de-b077-4cddc4b59524/query "HTTP/1.1 200 OK"
INFO:hockey_mcp:✅ [TOOL COMPLETE] search_hockey_skills: returned 10 skills in 0.60s
Connecting to Chroma server at https://chroma-copy-copy-production.up.railway.app:443 with token: True
✅ Connected to remote Chroma server
Connecting to Chroma server at https://chroma-copy-copy-production.up.railway.app:443 with token: True
✅ Connected to remote Chroma server
INFO:     127.0.0.1:49871 - "POST /api/mcp HTTP/1.1" 200 OK
INFO:mcp.server.lowlevel.server:Processing request of type ListToolsRequest
INFO:mcp.server.lowlevel.server:Processing request of type ListToolsRequest
INFO:mcp.server.lowlevel.server:Processing request of type CallToolRequest
INFO:hockey_mcp:🎯 [TOOL CALL] search_hockey_tactics: query='hockey positions defensive offensive zone coverage', types=None, positions=None, n_results=10
INFO:chromadb.telemetry.product.posthog:Anonymized telemetry enabled. See                     https://docs.trychroma.com/telemetry for more information.
INFO:httpx:HTTP Request: GET https://chroma-copy-copy-production.up.railway.app/api/v2/auth/identity "HTTP/1.1 200 OK"
INFO:chromadb.telemetry.product.posthog:Anonymized telemetry enabled. See                     https://docs.trychroma.com/telemetry for more information.
INFO:httpx:HTTP Request: GET https://chroma-copy-copy-production.up.railway.app/api/v2/tenants/default_tenant "HTTP/1.1 200 OK"
INFO:httpx:HTTP Request: GET https://chroma-copy-copy-production.up.railway.app/api/v2/tenants/default_tenant/databases/default_database "HTTP/1.1 200 OK"
INFO:httpx:HTTP Request: GET https://chroma-copy-copy-production.up.railway.app/api/v2/heartbeat "HTTP/1.1 200 OK"
INFO:httpx:HTTP Request: GET https://chroma-copy-copy-production.up.railway.app/api/v2/tenants/default_tenant/databases/default_database/collections/hockey_tactics "HTTP/1.1 200 OK"
INFO:httpx:HTTP Request: POST https://chroma-copy-copy-production.up.railway.app/api/v2/tenants/default_tenant/databases/default_database/collections/416b96b2-dc4c-4e89-adb6-2497cbc56e92/query "HTTP/1.1 200 OK"
INFO:hockey_mcp:✅ [TOOL COMPLETE] search_hockey_tactics: returned 10 tactics in 0.71s
Connecting to Chroma server at https://chroma-copy-copy-production.up.railway.app:443 with token: True
✅ Connected to remote Chroma server
INFO:     127.0.0.1:49902 - "POST /api/mcp HTTP/1.1" 200 OK
INFO:     127.0.0.1:49904 - "POST /api/mcp HTTP/1.1" 200 OK
INFO:mcp.server.lowlevel.server:Processing request of type ListToolsRequest
INFO:     127.0.0.1:49870 - "POST /api/mcp HTTP/1.1" 200 OK
INFO:mcp.server.lowlevel.server:Processing request of type CallToolRequest
INFO:hockey_mcp:🌟 [TOOL CALL] search_hockey_nhl_insights: query='hockey history NHL players Stanley Cup records', n_results=10
INFO:chromadb.telemetry.product.posthog:Anonymized telemetry enabled. See                     https://docs.trychroma.com/telemetry for more information.
INFO:httpx:HTTP Request: GET https://chroma-copy-copy-production.up.railway.app/api/v2/auth/identity "HTTP/1.1 200 OK"
INFO:chromadb.telemetry.product.posthog:Anonymized telemetry enabled. See                     https://docs.trychroma.com/telemetry for more information.
INFO:httpx:HTTP Request: GET https://chroma-copy-copy-production.up.railway.app/api/v2/tenants/default_tenant "HTTP/1.1 200 OK"
INFO:httpx:HTTP Request: GET https://chroma-copy-copy-production.up.railway.app/api/v2/tenants/default_tenant/databases/default_database "HTTP/1.1 200 OK"
INFO:httpx:HTTP Request: GET https://chroma-copy-copy-production.up.railway.app/api/v2/heartbeat "HTTP/1.1 200 OK"
INFO:httpx:HTTP Request: GET https://chroma-copy-copy-production.up.railway.app/api/v2/tenants/default_tenant/databases/default_database/collections/hockey_nhl_insights "HTTP/1.1 200 OK"
INFO:httpx:HTTP Request: POST https://chroma-copy-copy-production.up.railway.app/api/v2/tenants/default_tenant/databases/default_database/collections/569d9c2a-831f-4f67-a382-788c08186477/query "HTTP/1.1 200 OK"
INFO:hockey_mcp:✅ [TOOL COMPLETE] search_hockey_nhl_insights: returned 10 insights in 0.62s
INFO:mcp.server.lowlevel.server:Processing request of type ListToolsRequest
Connecting to Chroma server at https://chroma-copy-copy-production.up.railway.app:443 with token: True
✅ Connected to remote Chroma server
INFO:     127.0.0.1:49870 - "POST /api/mcp HTTP/1.1" 200 OK
INFO:mcp.server.lowlevel.server:Processing request of type CallToolRequest
INFO:hockey_mcp:⚖️ [TOOL CALL] search_hockey_rules: query='hockey rules penalties offsides icing basics', n_results=10
INFO:chromadb.telemetry.product.posthog:Anonymized telemetry enabled. See                     https://docs.trychroma.com/telemetry for more information.
INFO:httpx:HTTP Request: GET https://chroma-copy-copy-production.up.railway.app/api/v2/auth/identity "HTTP/1.1 200 OK"
INFO:chromadb.telemetry.product.posthog:Anonymized telemetry enabled. See                     https://docs.trychroma.com/telemetry for more information.
INFO:httpx:HTTP Request: GET https://chroma-copy-copy-production.up.railway.app/api/v2/tenants/default_tenant "HTTP/1.1 200 OK"
INFO:httpx:HTTP Request: GET https://chroma-copy-copy-production.up.railway.app/api/v2/tenants/default_tenant/databases/default_database "HTTP/1.1 200 OK"
INFO:httpx:HTTP Request: GET https://chroma-copy-copy-production.up.railway.app/api/v2/heartbeat "HTTP/1.1 200 OK"
INFO:httpx:HTTP Request: GET https://chroma-copy-copy-production.up.railway.app/api/v2/tenants/default_tenant/databases/default_database/collections/hockey_rules "HTTP/1.1 200 OK"
INFO:httpx:HTTP Request: POST https://chroma-copy-copy-production.up.railway.app/api/v2/tenants/default_tenant/databases/default_database/collections/41ea6112-cab7-46b8-bf6d-86eabd3ace04/query "HTTP/1.1 200 OK"
INFO:hockey_mcp:✅ [TOOL COMPLETE] search_hockey_rules: returned 10 rules in 0.59s
INFO:mcp.server.lowlevel.server:Processing request of type ListToolsRequest
Connecting to Chroma server at https://chroma-copy-copy-production.up.railway.app:443 with token: True
✅ Connected to remote Chroma server
INFO:     127.0.0.1:49870 - "POST /api/mcp HTTP/1.1" 200 OK
INFO:mcp.server.lowlevel.server:Processing request of type CallToolRequest
INFO:hockey_mcp:⚡ [TOOL CALL] search_hockey_skills: query='hockey skating passing shooting stickhandling techniques', n_results=10
INFO:chromadb.telemetry.product.posthog:Anonymized telemetry enabled. See                     https://docs.trychroma.com/telemetry for more information.
INFO:httpx:HTTP Request: GET https://chroma-copy-copy-production.up.railway.app/api/v2/auth/identity "HTTP/1.1 200 OK"
INFO:chromadb.telemetry.product.posthog:Anonymized telemetry enabled. See                     https://docs.trychroma.com/telemetry for more information.
INFO:httpx:HTTP Request: GET https://chroma-copy-copy-production.up.railway.app/api/v2/tenants/default_tenant "HTTP/1.1 200 OK"
INFO:httpx:HTTP Request: GET https://chroma-copy-copy-production.up.railway.app/api/v2/tenants/default_tenant/databases/default_database "HTTP/1.1 200 OK"
INFO:httpx:HTTP Request: GET https://chroma-copy-copy-production.up.railway.app/api/v2/heartbeat "HTTP/1.1 200 OK"
INFO:httpx:HTTP Request: GET https://chroma-copy-copy-production.up.railway.app/api/v2/tenants/default_tenant/databases/default_database/collections/hockey_skills "HTTP/1.1 200 OK"
INFO:httpx:HTTP Request: POST https://chroma-copy-copy-production.up.railway.app/api/v2/tenants/default_tenant/databases/default_database/collections/689a1fad-d612-40de-b077-4cddc4b59524/query "HTTP/1.1 200 OK"
INFO:hockey_mcp:✅ [TOOL COMPLETE] search_hockey_skills: returned 10 skills in 0.60s
INFO:mcp.server.lowlevel.server:Processing request of type ListToolsRequest
INFO:mcp.server.lowlevel.server:Processing request of type CallToolRequest
INFO:hockey_mcp:🎯 [TOOL CALL] search_hockey_tactics: query='hockey teamwork communication support systems', types=None, positions=None, n_results=10
INFO:chromadb.telemetry.product.posthog:Anonymized telemetry enabled. See                     https://docs.trychroma.com/telemetry for more information.
INFO:httpx:HTTP Request: GET https://chroma-copy-copy-production.up.railway.app/api/v2/auth/identity "HTTP/1.1 200 OK"
INFO:chromadb.telemetry.product.posthog:Anonymized telemetry enabled. See                     https://docs.trychroma.com/telemetry for more information.
INFO:httpx:HTTP Request: GET https://chroma-copy-copy-production.up.railway.app/api/v2/tenants/default_tenant "HTTP/1.1 200 OK"
INFO:httpx:HTTP Request: GET https://chroma-copy-copy-production.up.railway.app/api/v2/tenants/default_tenant/databases/default_database "HTTP/1.1 200 OK"
INFO:httpx:HTTP Request: GET https://chroma-copy-copy-production.up.railway.app/api/v2/heartbeat "HTTP/1.1 200 OK"
INFO:httpx:HTTP Request: GET https://chroma-copy-copy-production.up.railway.app/api/v2/tenants/default_tenant/databases/default_database/collections/hockey_tactics "HTTP/1.1 200 OK"
INFO:httpx:HTTP Request: POST https://chroma-copy-copy-production.up.railway.app/api/v2/tenants/default_tenant/databases/default_database/collections/416b96b2-dc4c-4e89-adb6-2497cbc56e92/query "HTTP/1.1 200 OK"
INFO:hockey_mcp:✅ [TOOL COMPLETE] search_hockey_tactics: returned 10 tactics in 0.65s
Connecting to Chroma server at https://chroma-copy-copy-production.up.railway.app:443 with token: True
✅ Connected to remote Chroma server
Connecting to Chroma server at https://chroma-copy-copy-production.up.railway.app:443 with token: True
✅ Connected to remote Chroma server
INFO:     127.0.0.1:49870 - "POST /api/mcp HTTP/1.1" 200 OK
INFO:mcp.server.lowlevel.server:Processing request of type ListToolsRequest
INFO:mcp.server.lowlevel.server:Processing request of type CallToolRequest
INFO:hockey_mcp:🌟 [TOOL CALL] search_hockey_nhl_insights: query='hockey history NHL players Stanley Cup records', n_results=10
INFO:chromadb.telemetry.product.posthog:Anonymized telemetry enabled. See                     https://docs.trychroma.com/telemetry for more information.
INFO:httpx:HTTP Request: GET https://chroma-copy-copy-production.up.railway.app/api/v2/auth/identity "HTTP/1.1 200 OK"
INFO:chromadb.telemetry.product.posthog:Anonymized telemetry enabled. See                     https://docs.trychroma.com/telemetry for more information.
INFO:httpx:HTTP Request: GET https://chroma-copy-copy-production.up.railway.app/api/v2/tenants/default_tenant "HTTP/1.1 200 OK"
INFO:httpx:HTTP Request: GET https://chroma-copy-copy-production.up.railway.app/api/v2/tenants/default_tenant/databases/default_database "HTTP/1.1 200 OK"
INFO:httpx:HTTP Request: GET https://chroma-copy-copy-production.up.railway.app/api/v2/heartbeat "HTTP/1.1 200 OK"
INFO:httpx:HTTP Request: GET https://chroma-copy-copy-production.up.railway.app/api/v2/tenants/default_tenant/databases/default_database/collections/hockey_nhl_insights "HTTP/1.1 200 OK"
INFO:httpx:HTTP Request: POST https://chroma-copy-copy-production.up.railway.app/api/v2/tenants/default_tenant/databases/default_database/collections/569d9c2a-831f-4f67-a382-788c08186477/query "HTTP/1.1 200 OK"
INFO:hockey_mcp:✅ [TOOL COMPLETE] search_hockey_nhl_insights: returned 10 insights in 0.62s
INFO:mcp.server.lowlevel.server:Processing request of type CallToolRequest
INFO:hockey_mcp:🎯 [TOOL CALL] search_hockey_tactics: query='hockey positions defensive offensive zone coverage', types=None, positions=None, n_results=10
INFO:chromadb.telemetry.product.posthog:Anonymized telemetry enabled. See                     https://docs.trychroma.com/telemetry for more information.
INFO:httpx:HTTP Request: GET https://chroma-copy-copy-production.up.railway.app/api/v2/auth/identity "HTTP/1.1 200 OK"
INFO:chromadb.telemetry.product.posthog:Anonymized telemetry enabled. See                     https://docs.trychroma.com/telemetry for more information.
INFO:httpx:HTTP Request: GET https://chroma-copy-copy-production.up.railway.app/api/v2/tenants/default_tenant "HTTP/1.1 200 OK"
INFO:httpx:HTTP Request: GET https://chroma-copy-copy-production.up.railway.app/api/v2/tenants/default_tenant/databases/default_database "HTTP/1.1 200 OK"
INFO:httpx:HTTP Request: GET https://chroma-copy-copy-production.up.railway.app/api/v2/heartbeat "HTTP/1.1 200 OK"
INFO:httpx:HTTP Request: GET https://chroma-copy-copy-production.up.railway.app/api/v2/tenants/default_tenant/databases/default_database/collections/hockey_tactics "HTTP/1.1 200 OK"
INFO:httpx:HTTP Request: POST https://chroma-copy-copy-production.up.railway.app/api/v2/tenants/default_tenant/databases/default_database/collections/416b96b2-dc4c-4e89-adb6-2497cbc56e92/query "HTTP/1.1 200 OK"
INFO:hockey_mcp:✅ [TOOL COMPLETE] search_hockey_tactics: returned 10 tactics in 0.68s
Connecting to Chroma server at https://chroma-copy-copy-production.up.railway.app:443 with token: True
✅ Connected to remote Chroma server
Connecting to Chroma server at https://chroma-copy-copy-production.up.railway.app:443 with token: True
✅ Connected to remote Chroma server
INFO:     127.0.0.1:49940 - "POST /api/mcp HTTP/1.1" 200 OK
INFO:mcp.server.lowlevel.server:Processing request of type ListToolsRequest
INFO:mcp.server.lowlevel.server:Processing request of type ListToolsRequest
INFO:     127.0.0.1:49944 - "POST /api/mcp HTTP/1.1" 200 OK
INFO:     127.0.0.1:49946 - "POST /api/mcp HTTP/1.1" 200 OK
INFO:mcp.server.lowlevel.server:Processing request of type CallToolRequest
INFO:hockey_mcp:⚖️ [TOOL CALL] search_hockey_rules: query='hockey rules penalties offsides icing basics', n_results=10
INFO:chromadb.telemetry.product.posthog:Anonymized telemetry enabled. See                     https://docs.trychroma.com/telemetry for more information.
INFO:httpx:HTTP Request: GET https://chroma-copy-copy-production.up.railway.app/api/v2/auth/identity "HTTP/1.1 200 OK"
INFO:chromadb.telemetry.product.posthog:Anonymized telemetry enabled. See                     https://docs.trychroma.com/telemetry for more information.
INFO:httpx:HTTP Request: GET https://chroma-copy-copy-production.up.railway.app/api/v2/tenants/default_tenant "HTTP/1.1 200 OK"
INFO:httpx:HTTP Request: GET https://chroma-copy-copy-production.up.railway.app/api/v2/tenants/default_tenant/databases/default_database "HTTP/1.1 200 OK"
INFO:httpx:HTTP Request: GET https://chroma-copy-copy-production.up.railway.app/api/v2/heartbeat "HTTP/1.1 200 OK"
INFO:httpx:HTTP Request: GET https://chroma-copy-copy-production.up.railway.app/api/v2/tenants/default_tenant/databases/default_database/collections/hockey_rules "HTTP/1.1 200 OK"
INFO:httpx:HTTP Request: POST https://chroma-copy-copy-production.up.railway.app/api/v2/tenants/default_tenant/databases/default_database/collections/41ea6112-cab7-46b8-bf6d-86eabd3ace04/query "HTTP/1.1 200 OK"
INFO:hockey_mcp:✅ [TOOL COMPLETE] search_hockey_rules: returned 10 rules in 0.58s
INFO:mcp.server.lowlevel.server:Processing request of type ListToolsRequest
Connecting to Chroma server at https://chroma-copy-copy-production.up.railway.app:443 with token: True
✅ Connected to remote Chroma server
INFO:     127.0.0.1:49870 - "POST /api/mcp HTTP/1.1" 200 OK
INFO:mcp.server.lowlevel.server:Processing request of type CallToolRequest
INFO:hockey_mcp:⚡ [TOOL CALL] search_hockey_skills: query='hockey skating passing shooting stickhandling techniques', n_results=10
INFO:chromadb.telemetry.product.posthog:Anonymized telemetry enabled. See                     https://docs.trychroma.com/telemetry for more information.
INFO:httpx:HTTP Request: GET https://chroma-copy-copy-production.up.railway.app/api/v2/auth/identity "HTTP/1.1 200 OK"
INFO:chromadb.telemetry.product.posthog:Anonymized telemetry enabled. See                     https://docs.trychroma.com/telemetry for more information.
INFO:httpx:HTTP Request: GET https://chroma-copy-copy-production.up.railway.app/api/v2/tenants/default_tenant "HTTP/1.1 200 OK"
INFO:httpx:HTTP Request: GET https://chroma-copy-copy-production.up.railway.app/api/v2/tenants/default_tenant/databases/default_database "HTTP/1.1 200 OK"
INFO:httpx:HTTP Request: GET https://chroma-copy-copy-production.up.railway.app/api/v2/heartbeat "HTTP/1.1 200 OK"
INFO:httpx:HTTP Request: GET https://chroma-copy-copy-production.up.railway.app/api/v2/tenants/default_tenant/databases/default_database/collections/hockey_skills "HTTP/1.1 200 OK"
INFO:httpx:HTTP Request: POST https://chroma-copy-copy-production.up.railway.app/api/v2/tenants/default_tenant/databases/default_database/collections/689a1fad-d612-40de-b077-4cddc4b59524/query "HTTP/1.1 200 OK"
INFO:hockey_mcp:✅ [TOOL COMPLETE] search_hockey_skills: returned 10 skills in 0.89s
INFO:mcp.server.lowlevel.server:Processing request of type ListToolsRequest
INFO:mcp.server.lowlevel.server:Processing request of type CallToolRequest
INFO:hockey_mcp:🌟 [TOOL CALL] search_hockey_nhl_insights: query='hockey history NHL players Stanley Cup records', n_results=10
INFO:chromadb.telemetry.product.posthog:Anonymized telemetry enabled. See                     https://docs.trychroma.com/telemetry for more information.
INFO:httpx:HTTP Request: GET https://chroma-copy-copy-production.up.railway.app/api/v2/auth/identity "HTTP/1.1 200 OK"
INFO:chromadb.telemetry.product.posthog:Anonymized telemetry enabled. See                     https://docs.trychroma.com/telemetry for more information.
INFO:httpx:HTTP Request: GET https://chroma-copy-copy-production.up.railway.app/api/v2/tenants/default_tenant "HTTP/1.1 200 OK"
INFO:httpx:HTTP Request: GET https://chroma-copy-copy-production.up.railway.app/api/v2/tenants/default_tenant/databases/default_database "HTTP/1.1 200 OK"
INFO:httpx:HTTP Request: GET https://chroma-copy-copy-production.up.railway.app/api/v2/heartbeat "HTTP/1.1 200 OK"
INFO:httpx:HTTP Request: GET https://chroma-copy-copy-production.up.railway.app/api/v2/tenants/default_tenant/databases/default_database/collections/hockey_nhl_insights "HTTP/1.1 200 OK"
INFO:httpx:HTTP Request: POST https://chroma-copy-copy-production.up.railway.app/api/v2/tenants/default_tenant/databases/default_database/collections/569d9c2a-831f-4f67-a382-788c08186477/query "HTTP/1.1 200 OK"
INFO:hockey_mcp:✅ [TOOL COMPLETE] search_hockey_nhl_insights: returned 10 insights in 0.62s
Connecting to Chroma server at https://chroma-copy-copy-production.up.railway.app:443 with token: True
✅ Connected to remote Chroma server
Connecting to Chroma server at https://chroma-copy-copy-production.up.railway.app:443 with token: True
✅ Connected to remote Chroma server
INFO:     127.0.0.1:49870 - "POST /api/mcp HTTP/1.1" 200 OK
INFO:mcp.server.lowlevel.server:Processing request of type ListToolsRequest
INFO:     127.0.0.1:49940 - "POST /api/mcp HTTP/1.1" 200 OK
INFO:mcp.server.lowlevel.server:Processing request of type CallToolRequest
INFO:hockey_mcp:🎯 [TOOL CALL] search_hockey_tactics: query='hockey teamwork communication support systems', types=None, positions=None, n_results=10
INFO:chromadb.telemetry.product.posthog:Anonymized telemetry enabled. See                     https://docs.trychroma.com/telemetry for more information.
INFO:httpx:HTTP Request: GET https://chroma-copy-copy-production.up.railway.app/api/v2/auth/identity "HTTP/1.1 200 OK"
INFO:chromadb.telemetry.product.posthog:Anonymized telemetry enabled. See                     https://docs.trychroma.com/telemetry for more information.
INFO:httpx:HTTP Request: GET https://chroma-copy-copy-production.up.railway.app/api/v2/tenants/default_tenant "HTTP/1.1 200 OK"
INFO:httpx:HTTP Request: GET https://chroma-copy-copy-production.up.railway.app/api/v2/tenants/default_tenant/databases/default_database "HTTP/1.1 200 OK"
INFO:httpx:HTTP Request: GET https://chroma-copy-copy-production.up.railway.app/api/v2/heartbeat "HTTP/1.1 200 OK"
INFO:httpx:HTTP Request: GET https://chroma-copy-copy-production.up.railway.app/api/v2/tenants/default_tenant/databases/default_database/collections/hockey_tactics "HTTP/1.1 200 OK"
INFO:httpx:HTTP Request: POST https://chroma-copy-copy-production.up.railway.app/api/v2/tenants/default_tenant/databases/default_database/collections/416b96b2-dc4c-4e89-adb6-2497cbc56e92/query "HTTP/1.1 200 OK"
INFO:hockey_mcp:✅ [TOOL COMPLETE] search_hockey_tactics: returned 10 tactics in 0.66s
INFO:mcp.server.lowlevel.server:Processing request of type ListToolsRequest
INFO:mcp.server.lowlevel.server:Processing request of type CallToolRequest
INFO:hockey_mcp:🎯 [TOOL CALL] search_hockey_tactics: query='hockey positions defensive offensive zone coverage', types=None, positions=None, n_results=10
INFO:chromadb.telemetry.product.posthog:Anonymized telemetry enabled. See                     https://docs.trychroma.com/telemetry for more information.
INFO:httpx:HTTP Request: GET https://chroma-copy-copy-production.up.railway.app/api/v2/auth/identity "HTTP/1.1 200 OK"
INFO:chromadb.telemetry.product.posthog:Anonymized telemetry enabled. See                     https://docs.trychroma.com/telemetry for more information.
INFO:httpx:HTTP Request: GET https://chroma-copy-copy-production.up.railway.app/api/v2/tenants/default_tenant "HTTP/1.1 200 OK"
INFO:httpx:HTTP Request: GET https://chroma-copy-copy-production.up.railway.app/api/v2/tenants/default_tenant/databases/default_database "HTTP/1.1 200 OK"
INFO:httpx:HTTP Request: GET https://chroma-copy-copy-production.up.railway.app/api/v2/heartbeat "HTTP/1.1 200 OK"
INFO:httpx:HTTP Request: GET https://chroma-copy-copy-production.up.railway.app/api/v2/tenants/default_tenant/databases/default_database/collections/hockey_tactics "HTTP/1.1 200 OK"
INFO:httpx:HTTP Request: POST https://chroma-copy-copy-production.up.railway.app/api/v2/tenants/default_tenant/databases/default_database/collections/416b96b2-dc4c-4e89-adb6-2497cbc56e92/query "HTTP/1.1 200 OK"
INFO:hockey_mcp:✅ [TOOL COMPLETE] search_hockey_tactics: returned 10 tactics in 0.64s
Connecting to Chroma server at https://chroma-copy-copy-production.up.railway.app:443 with token: True
✅ Connected to remote Chroma server
Connecting to Chroma server at https://chroma-copy-copy-production.up.railway.app:443 with token: True
✅ Connected to remote Chroma server
INFO:     127.0.0.1:49870 - "POST /api/mcp HTTP/1.1" 200 OK
INFO:mcp.server.lowlevel.server:Processing request of type ListToolsRequest
INFO:     127.0.0.1:49940 - "POST /api/mcp HTTP/1.1" 200 OK
INFO:mcp.server.lowlevel.server:Processing request of type CallToolRequest
INFO:hockey_mcp:⚖️ [TOOL CALL] search_hockey_rules: query='hockey rules penalties offsides icing basics', n_results=10
INFO:chromadb.telemetry.product.posthog:Anonymized telemetry enabled. See                     https://docs.trychroma.com/telemetry for more information.
INFO:httpx:HTTP Request: GET https://chroma-copy-copy-production.up.railway.app/api/v2/auth/identity "HTTP/1.1 200 OK"
INFO:chromadb.telemetry.product.posthog:Anonymized telemetry enabled. See                     https://docs.trychroma.com/telemetry for more information.
INFO:httpx:HTTP Request: GET https://chroma-copy-copy-production.up.railway.app/api/v2/tenants/default_tenant "HTTP/1.1 200 OK"
INFO:httpx:HTTP Request: GET https://chroma-copy-copy-production.up.railway.app/api/v2/tenants/default_tenant/databases/default_database "HTTP/1.1 200 OK"
INFO:httpx:HTTP Request: GET https://chroma-copy-copy-production.up.railway.app/api/v2/heartbeat "HTTP/1.1 200 OK"
INFO:httpx:HTTP Request: GET https://chroma-copy-copy-production.up.railway.app/api/v2/tenants/default_tenant/databases/default_database/collections/hockey_rules "HTTP/1.1 200 OK"
INFO:httpx:HTTP Request: POST https://chroma-copy-copy-production.up.railway.app/api/v2/tenants/default_tenant/databases/default_database/collections/41ea6112-cab7-46b8-bf6d-86eabd3ace04/query "HTTP/1.1 200 OK"
INFO:hockey_mcp:✅ [TOOL COMPLETE] search_hockey_rules: returned 10 rules in 0.60s
INFO:mcp.server.lowlevel.server:Processing request of type ListToolsRequest
Connecting to Chroma server at https://chroma-copy-copy-production.up.railway.app:443 with token: True
✅ Connected to remote Chroma server
INFO:     127.0.0.1:49870 - "POST /api/mcp HTTP/1.1" 200 OK
INFO:mcp.server.lowlevel.server:Processing request of type CallToolRequest
INFO:hockey_mcp:⚡ [TOOL CALL] search_hockey_skills: query='hockey skating passing shooting stickhandling techniques', n_results=10
INFO:chromadb.telemetry.product.posthog:Anonymized telemetry enabled. See                     https://docs.trychroma.com/telemetry for more information.
INFO:httpx:HTTP Request: GET https://chroma-copy-copy-production.up.railway.app/api/v2/auth/identity "HTTP/1.1 200 OK"
INFO:chromadb.telemetry.product.posthog:Anonymized telemetry enabled. See                     https://docs.trychroma.com/telemetry for more information.
INFO:httpx:HTTP Request: GET https://chroma-copy-copy-production.up.railway.app/api/v2/tenants/default_tenant "HTTP/1.1 200 OK"
INFO:httpx:HTTP Request: GET https://chroma-copy-copy-production.up.railway.app/api/v2/tenants/default_tenant/databases/default_database "HTTP/1.1 200 OK"
INFO:httpx:HTTP Request: GET https://chroma-copy-copy-production.up.railway.app/api/v2/heartbeat "HTTP/1.1 200 OK"
INFO:httpx:HTTP Request: GET https://chroma-copy-copy-production.up.railway.app/api/v2/tenants/default_tenant/databases/default_database/collections/hockey_skills "HTTP/1.1 200 OK"
INFO:httpx:HTTP Request: POST https://chroma-copy-copy-production.up.railway.app/api/v2/tenants/default_tenant/databases/default_database/collections/689a1fad-d612-40de-b077-4cddc4b59524/query "HTTP/1.1 200 OK"
INFO:hockey_mcp:✅ [TOOL COMPLETE] search_hockey_skills: returned 10 skills in 0.56s
INFO:mcp.server.lowlevel.server:Processing request of type ListToolsRequest
Connecting to Chroma server at https://chroma-copy-copy-production.up.railway.app:443 with token: True
✅ Connected to remote Chroma server
INFO:     127.0.0.1:49870 - "POST /api/mcp HTTP/1.1" 200 OK
INFO:mcp.server.lowlevel.server:Processing request of type CallToolRequest
INFO:hockey_mcp:🎯 [TOOL CALL] search_hockey_tactics: query='hockey teamwork communication support systems', types=None, positions=None, n_results=10
INFO:chromadb.telemetry.product.posthog:Anonymized telemetry enabled. See                     https://docs.trychroma.com/telemetry for more information.
INFO:httpx:HTTP Request: GET https://chroma-copy-copy-production.up.railway.app/api/v2/auth/identity "HTTP/1.1 200 OK"
INFO:chromadb.telemetry.product.posthog:Anonymized telemetry enabled. See                     https://docs.trychroma.com/telemetry for more information.
INFO:httpx:HTTP Request: GET https://chroma-copy-copy-production.up.railway.app/api/v2/tenants/default_tenant "HTTP/1.1 200 OK"
INFO:httpx:HTTP Request: GET https://chroma-copy-copy-production.up.railway.app/api/v2/tenants/default_tenant/databases/default_database "HTTP/1.1 200 OK"
INFO:httpx:HTTP Request: GET https://chroma-copy-copy-production.up.railway.app/api/v2/heartbeat "HTTP/1.1 200 OK"
INFO:httpx:HTTP Request: GET https://chroma-copy-copy-production.up.railway.app/api/v2/tenants/default_tenant/databases/default_database/collections/hockey_tactics "HTTP/1.1 200 OK"
INFO:httpx:HTTP Request: POST https://chroma-copy-copy-production.up.railway.app/api/v2/tenants/default_tenant/databases/default_database/collections/416b96b2-dc4c-4e89-adb6-2497cbc56e92/query "HTTP/1.1 200 OK"
INFO:hockey_mcp:✅ [TOOL COMPLETE] search_hockey_tactics: returned 10 tactics in 0.68s
INFO:mcp.server.lowlevel.server:Processing request of type ListToolsRequest
Connecting to Chroma server at https://chroma-copy-copy-production.up.railway.app:443 with token: True
✅ Connected to remote Chroma server
INFO:     127.0.0.1:49870 - "POST /api/mcp HTTP/1.1" 200 OK
INFO:mcp.server.lowlevel.server:Processing request of type CallToolRequest
INFO:hockey_mcp:🎯 [TOOL CALL] search_hockey_tactics: query='hockey positions defensive offensive zone coverage', types=None, positions=None, n_results=10
INFO:chromadb.telemetry.product.posthog:Anonymized telemetry enabled. See                     https://docs.trychroma.com/telemetry for more information.
INFO:httpx:HTTP Request: GET https://chroma-copy-copy-production.up.railway.app/api/v2/auth/identity "HTTP/1.1 200 OK"
INFO:chromadb.telemetry.product.posthog:Anonymized telemetry enabled. See                     https://docs.trychroma.com/telemetry for more information.
INFO:httpx:HTTP Request: GET https://chroma-copy-copy-production.up.railway.app/api/v2/tenants/default_tenant "HTTP/1.1 200 OK"
INFO:httpx:HTTP Request: GET https://chroma-copy-copy-production.up.railway.app/api/v2/tenants/default_tenant/databases/default_database "HTTP/1.1 200 OK"
INFO:httpx:HTTP Request: GET https://chroma-copy-copy-production.up.railway.app/api/v2/heartbeat "HTTP/1.1 200 OK"
INFO:httpx:HTTP Request: GET https://chroma-copy-copy-production.up.railway.app/api/v2/tenants/default_tenant/databases/default_database/collections/hockey_tactics "HTTP/1.1 200 OK"
INFO:httpx:HTTP Request: POST https://chroma-copy-copy-production.up.railway.app/api/v2/tenants/default_tenant/databases/default_database/collections/416b96b2-dc4c-4e89-adb6-2497cbc56e92/query "HTTP/1.1 200 OK"
INFO:hockey_mcp:✅ [TOOL COMPLETE] search_hockey_tactics: returned 10 tactics in 0.71s
INFO:mcp.server.lowlevel.server:Processing request of type ListToolsRequest
Connecting to Chroma server at https://chroma-copy-copy-production.up.railway.app:443 with token: True
✅ Connected to remote Chroma server
INFO:     127.0.0.1:49870 - "POST /api/mcp HTTP/1.1" 200 OK
INFO:mcp.server.lowlevel.server:Processing request of type CallToolRequest
INFO:hockey_mcp:🌟 [TOOL CALL] search_hockey_nhl_insights: query='hockey history NHL players Stanley Cup records', n_results=10
INFO:chromadb.telemetry.product.posthog:Anonymized telemetry enabled. See                     https://docs.trychroma.com/telemetry for more information.
INFO:httpx:HTTP Request: GET https://chroma-copy-copy-production.up.railway.app/api/v2/auth/identity "HTTP/1.1 200 OK"
INFO:chromadb.telemetry.product.posthog:Anonymized telemetry enabled. See                     https://docs.trychroma.com/telemetry for more information.
INFO:httpx:HTTP Request: GET https://chroma-copy-copy-production.up.railway.app/api/v2/tenants/default_tenant "HTTP/1.1 200 OK"
INFO:httpx:HTTP Request: GET https://chroma-copy-copy-production.up.railway.app/api/v2/tenants/default_tenant/databases/default_database "HTTP/1.1 200 OK"
INFO:httpx:HTTP Request: GET https://chroma-copy-copy-production.up.railway.app/api/v2/heartbeat "HTTP/1.1 200 OK"
INFO:httpx:HTTP Request: GET https://chroma-copy-copy-production.up.railway.app/api/v2/tenants/default_tenant/databases/default_database/collections/hockey_nhl_insights "HTTP/1.1 200 OK"
INFO:httpx:HTTP Request: POST https://chroma-copy-copy-production.up.railway.app/api/v2/tenants/default_tenant/databases/default_database/collections/569d9c2a-831f-4f67-a382-788c08186477/query "HTTP/1.1 200 OK"
INFO:hockey_mcp:✅ [TOOL COMPLETE] search_hockey_nhl_insights: returned 10 insights in 0.62s
INFO:mcp.server.lowlevel.server:Processing request of type ListToolsRequest
Connecting to Chroma server at https://chroma-copy-copy-production.up.railway.app:443 with token: True
✅ Connected to remote Chroma server
INFO:     127.0.0.1:50020 - "POST /api/mcp HTTP/1.1" 200 OK
INFO:mcp.server.lowlevel.server:Processing request of type CallToolRequest
INFO:hockey_mcp:⚖️ [TOOL CALL] search_hockey_rules: query='hockey rules penalties offsides icing basics', n_results=10
INFO:chromadb.telemetry.product.posthog:Anonymized telemetry enabled. See                     https://docs.trychroma.com/telemetry for more information.
INFO:httpx:HTTP Request: GET https://chroma-copy-copy-production.up.railway.app/api/v2/auth/identity "HTTP/1.1 200 OK"
INFO:chromadb.telemetry.product.posthog:Anonymized telemetry enabled. See                     https://docs.trychroma.com/telemetry for more information.
INFO:httpx:HTTP Request: GET https://chroma-copy-copy-production.up.railway.app/api/v2/tenants/default_tenant "HTTP/1.1 200 OK"
INFO:httpx:HTTP Request: GET https://chroma-copy-copy-production.up.railway.app/api/v2/tenants/default_tenant/databases/default_database "HTTP/1.1 200 OK"
INFO:httpx:HTTP Request: GET https://chroma-copy-copy-production.up.railway.app/api/v2/heartbeat "HTTP/1.1 200 OK"
INFO:httpx:HTTP Request: GET https://chroma-copy-copy-production.up.railway.app/api/v2/tenants/default_tenant/databases/default_database/collections/hockey_rules "HTTP/1.1 200 OK"
INFO:httpx:HTTP Request: POST https://chroma-copy-copy-production.up.railway.app/api/v2/tenants/default_tenant/databases/default_database/collections/41ea6112-cab7-46b8-bf6d-86eabd3ace04/query "HTTP/1.1 200 OK"
INFO:hockey_mcp:✅ [TOOL COMPLETE] search_hockey_rules: returned 10 rules in 0.54s
INFO:mcp.server.lowlevel.server:Processing request of type CallToolRequest
INFO:hockey_mcp:⚡ [TOOL CALL] search_hockey_skills: query='hockey skating passing shooting stickhandling techniques', n_results=10
INFO:chromadb.telemetry.product.posthog:Anonymized telemetry enabled. See                     https://docs.trychroma.com/telemetry for more information.
INFO:httpx:HTTP Request: GET https://chroma-copy-copy-production.up.railway.app/api/v2/auth/identity "HTTP/1.1 200 OK"
INFO:chromadb.telemetry.product.posthog:Anonymized telemetry enabled. See                     https://docs.trychroma.com/telemetry for more information.
INFO:httpx:HTTP Request: GET https://chroma-copy-copy-production.up.railway.app/api/v2/tenants/default_tenant "HTTP/1.1 200 OK"
INFO:httpx:HTTP Request: GET https://chroma-copy-copy-production.up.railway.app/api/v2/tenants/default_tenant/databases/default_database "HTTP/1.1 200 OK"
INFO:httpx:HTTP Request: GET https://chroma-copy-copy-production.up.railway.app/api/v2/heartbeat "HTTP/1.1 200 OK"
INFO:httpx:HTTP Request: GET https://chroma-copy-copy-production.up.railway.app/api/v2/tenants/default_tenant/databases/default_database/collections/hockey_skills "HTTP/1.1 200 OK"
INFO:httpx:HTTP Request: POST https://chroma-copy-copy-production.up.railway.app/api/v2/tenants/default_tenant/databases/default_database/collections/689a1fad-d612-40de-b077-4cddc4b59524/query "HTTP/1.1 200 OK"
INFO:hockey_mcp:✅ [TOOL COMPLETE] search_hockey_skills: returned 10 skills in 0.57s
INFO:mcp.server.lowlevel.server:Processing request of type CallToolRequest
INFO:hockey_mcp:🎯 [TOOL CALL] search_hockey_tactics: query='hockey positions defensive offensive zone coverage', types=None, positions=None, n_results=10
INFO:chromadb.telemetry.product.posthog:Anonymized telemetry enabled. See                     https://docs.trychroma.com/telemetry for more information.
INFO:httpx:HTTP Request: GET https://chroma-copy-copy-production.up.railway.app/api/v2/auth/identity "HTTP/1.1 200 OK"
INFO:chromadb.telemetry.product.posthog:Anonymized telemetry enabled. See                     https://docs.trychroma.com/telemetry for more information.
INFO:httpx:HTTP Request: GET https://chroma-copy-copy-production.up.railway.app/api/v2/tenants/default_tenant "HTTP/1.1 200 OK"
INFO:httpx:HTTP Request: GET https://chroma-copy-copy-production.up.railway.app/api/v2/tenants/default_tenant/databases/default_database "HTTP/1.1 200 OK"
INFO:httpx:HTTP Request: GET https://chroma-copy-copy-production.up.railway.app/api/v2/heartbeat "HTTP/1.1 200 OK"
INFO:httpx:HTTP Request: GET https://chroma-copy-copy-production.up.railway.app/api/v2/tenants/default_tenant/databases/default_database/collections/hockey_tactics "HTTP/1.1 200 OK"
INFO:httpx:HTTP Request: POST https://chroma-copy-copy-production.up.railway.app/api/v2/tenants/default_tenant/databases/default_database/collections/416b96b2-dc4c-4e89-adb6-2497cbc56e92/query "HTTP/1.1 200 OK"
INFO:hockey_mcp:✅ [TOOL COMPLETE] search_hockey_tactics: returned 10 tactics in 0.65s
INFO:mcp.server.lowlevel.server:Processing request of type CallToolRequest
INFO:hockey_mcp:🎯 [TOOL CALL] search_hockey_tactics: query='hockey teamwork communication support systems', types=None, positions=None, n_results=10
INFO:chromadb.telemetry.product.posthog:Anonymized telemetry enabled. See                     https://docs.trychroma.com/telemetry for more information.
INFO:httpx:HTTP Request: GET https://chroma-copy-copy-production.up.railway.app/api/v2/auth/identity "HTTP/1.1 200 OK"
INFO:chromadb.telemetry.product.posthog:Anonymized telemetry enabled. See                     https://docs.trychroma.com/telemetry for more information.
INFO:httpx:HTTP Request: GET https://chroma-copy-copy-production.up.railway.app/api/v2/tenants/default_tenant "HTTP/1.1 200 OK"
INFO:httpx:HTTP Request: GET https://chroma-copy-copy-production.up.railway.app/api/v2/tenants/default_tenant/databases/default_database "HTTP/1.1 200 OK"
INFO:httpx:HTTP Request: GET https://chroma-copy-copy-production.up.railway.app/api/v2/heartbeat "HTTP/1.1 200 OK"
INFO:httpx:HTTP Request: GET https://chroma-copy-copy-production.up.railway.app/api/v2/tenants/default_tenant/databases/default_database/collections/hockey_tactics "HTTP/1.1 200 OK"
INFO:httpx:HTTP Request: POST https://chroma-copy-copy-production.up.railway.app/api/v2/tenants/default_tenant/databases/default_database/collections/416b96b2-dc4c-4e89-adb6-2497cbc56e92/query "HTTP/1.1 200 OK"
INFO:hockey_mcp:✅ [TOOL COMPLETE] search_hockey_tactics: returned 10 tactics in 0.69s
INFO:mcp.server.lowlevel.server:Processing request of type ListToolsRequest
INFO:mcp.server.lowlevel.server:Processing request of type ListToolsRequest
INFO:mcp.server.lowlevel.server:Processing request of type ListToolsRequest
INFO:mcp.server.lowlevel.server:Processing request of type ListToolsRequest
INFO:mcp.server.lowlevel.server:Processing request of type CallToolRequest
INFO:hockey_mcp:🌟 [TOOL CALL] search_hockey_nhl_insights: query='hockey history NHL players Stanley Cup records', n_results=10
INFO:chromadb.telemetry.product.posthog:Anonymized telemetry enabled. See                     https://docs.trychroma.com/telemetry for more information.
INFO:httpx:HTTP Request: GET https://chroma-copy-copy-production.up.railway.app/api/v2/auth/identity "HTTP/1.1 200 OK"
INFO:chromadb.telemetry.product.posthog:Anonymized telemetry enabled. See                     https://docs.trychroma.com/telemetry for more information.
INFO:httpx:HTTP Request: GET https://chroma-copy-copy-production.up.railway.app/api/v2/tenants/default_tenant "HTTP/1.1 200 OK"
INFO:httpx:HTTP Request: GET https://chroma-copy-copy-production.up.railway.app/api/v2/tenants/default_tenant/databases/default_database "HTTP/1.1 200 OK"
INFO:httpx:HTTP Request: GET https://chroma-copy-copy-production.up.railway.app/api/v2/heartbeat "HTTP/1.1 200 OK"
INFO:httpx:HTTP Request: GET https://chroma-copy-copy-production.up.railway.app/api/v2/tenants/default_tenant/databases/default_database/collections/hockey_nhl_insights "HTTP/1.1 200 OK"
INFO:httpx:HTTP Request: POST https://chroma-copy-copy-production.up.railway.app/api/v2/tenants/default_tenant/databases/default_database/collections/569d9c2a-831f-4f67-a382-788c08186477/query "HTTP/1.1 200 OK"
INFO:hockey_mcp:✅ [TOOL COMPLETE] search_hockey_nhl_insights: returned 10 insights in 0.59s
Connecting to Chroma server at https://chroma-copy-copy-production.up.railway.app:443 with token: True
✅ Connected to remote Chroma server
Connecting to Chroma server at https://chroma-copy-copy-production.up.railway.app:443 with token: True
✅ Connected to remote Chroma server
Connecting to Chroma server at https://chroma-copy-copy-production.up.railway.app:443 with token: True
✅ Connected to remote Chroma server
Connecting to Chroma server at https://chroma-copy-copy-production.up.railway.app:443 with token: True
✅ Connected to remote Chroma server
Connecting to Chroma server at https://chroma-copy-copy-production.up.railway.app:443 with token: True
✅ Connected to remote Chroma server
INFO:     127.0.0.1:50029 - "POST /api/mcp HTTP/1.1" 200 OK
INFO:     127.0.0.1:50030 - "POST /api/mcp HTTP/1.1" 200 OK
INFO:     127.0.0.1:50031 - "POST /api/mcp HTTP/1.1" 200 OK
INFO:     127.0.0.1:50032 - "POST /api/mcp HTTP/1.1" 200 OK
INFO:mcp.server.lowlevel.server:Processing request of type ListToolsRequest
INFO:     127.0.0.1:50036 - "POST /api/mcp HTTP/1.1" 200 OK
INFO:mcp.server.lowlevel.server:Processing request of type CallToolRequest
INFO:hockey_mcp:🎯 [TOOL CALL] search_hockey_tactics: query='hockey teamwork communication support systems', types=None, positions=None, n_results=10
INFO:chromadb.telemetry.product.posthog:Anonymized telemetry enabled. See                     https://docs.trychroma.com/telemetry for more information.
INFO:httpx:HTTP Request: GET https://chroma-copy-copy-production.up.railway.app/api/v2/auth/identity "HTTP/1.1 200 OK"
INFO:chromadb.telemetry.product.posthog:Anonymized telemetry enabled. See                     https://docs.trychroma.com/telemetry for more information.
INFO:httpx:HTTP Request: GET https://chroma-copy-copy-production.up.railway.app/api/v2/tenants/default_tenant "HTTP/1.1 200 OK"
INFO:httpx:HTTP Request: GET https://chroma-copy-copy-production.up.railway.app/api/v2/tenants/default_tenant/databases/default_database "HTTP/1.1 200 OK"
INFO:httpx:HTTP Request: GET https://chroma-copy-copy-production.up.railway.app/api/v2/heartbeat "HTTP/1.1 200 OK"
INFO:httpx:HTTP Request: GET https://chroma-copy-copy-production.up.railway.app/api/v2/tenants/default_tenant/databases/default_database/collections/hockey_tactics "HTTP/1.1 200 OK"
INFO:httpx:HTTP Request: POST https://chroma-copy-copy-production.up.railway.app/api/v2/tenants/default_tenant/databases/default_database/collections/416b96b2-dc4c-4e89-adb6-2497cbc56e92/query "HTTP/1.1 200 OK"
INFO:hockey_mcp:✅ [TOOL COMPLETE] search_hockey_tactics: returned 10 tactics in 0.71s
INFO:mcp.server.lowlevel.server:Processing request of type ListToolsRequest
INFO:mcp.server.lowlevel.server:Processing request of type CallToolRequest
INFO:hockey_mcp:⚖️ [TOOL CALL] search_hockey_rules: query='hockey rules penalties offsides icing basics', n_results=10
INFO:chromadb.telemetry.product.posthog:Anonymized telemetry enabled. See                     https://docs.trychroma.com/telemetry for more information.
INFO:httpx:HTTP Request: GET https://chroma-copy-copy-production.up.railway.app/api/v2/auth/identity "HTTP/1.1 200 OK"
INFO:chromadb.telemetry.product.posthog:Anonymized telemetry enabled. See                     https://docs.trychroma.com/telemetry for more information.
INFO:httpx:HTTP Request: GET https://chroma-copy-copy-production.up.railway.app/api/v2/tenants/default_tenant "HTTP/1.1 200 OK"
INFO:httpx:HTTP Request: GET https://chroma-copy-copy-production.up.railway.app/api/v2/tenants/default_tenant/databases/default_database "HTTP/1.1 200 OK"
INFO:httpx:HTTP Request: GET https://chroma-copy-copy-production.up.railway.app/api/v2/heartbeat "HTTP/1.1 200 OK"
INFO:httpx:HTTP Request: GET https://chroma-copy-copy-production.up.railway.app/api/v2/tenants/default_tenant/databases/default_database/collections/hockey_rules "HTTP/1.1 200 OK"
INFO:httpx:HTTP Request: POST https://chroma-copy-copy-production.up.railway.app/api/v2/tenants/default_tenant/databases/default_database/collections/41ea6112-cab7-46b8-bf6d-86eabd3ace04/query "HTTP/1.1 200 OK"
INFO:hockey_mcp:✅ [TOOL COMPLETE] search_hockey_rules: returned 10 rules in 0.65s
INFO:mcp.server.lowlevel.server:Processing request of type CallToolRequest
INFO:hockey_mcp:🌟 [TOOL CALL] search_hockey_nhl_insights: query='hockey history NHL players Stanley Cup records', n_results=10
INFO:chromadb.telemetry.product.posthog:Anonymized telemetry enabled. See                     https://docs.trychroma.com/telemetry for more information.
INFO:httpx:HTTP Request: GET https://chroma-copy-copy-production.up.railway.app/api/v2/auth/identity "HTTP/1.1 200 OK"
INFO:chromadb.telemetry.product.posthog:Anonymized telemetry enabled. See                     https://docs.trychroma.com/telemetry for more information.
INFO:httpx:HTTP Request: GET https://chroma-copy-copy-production.up.railway.app/api/v2/tenants/default_tenant "HTTP/1.1 200 OK"
INFO:httpx:HTTP Request: GET https://chroma-copy-copy-production.up.railway.app/api/v2/tenants/default_tenant/databases/default_database "HTTP/1.1 200 OK"
INFO:httpx:HTTP Request: GET https://chroma-copy-copy-production.up.railway.app/api/v2/heartbeat "HTTP/1.1 200 OK"
INFO:httpx:HTTP Request: GET https://chroma-copy-copy-production.up.railway.app/api/v2/tenants/default_tenant/databases/default_database/collections/hockey_nhl_insights "HTTP/1.1 200 OK"
INFO:httpx:HTTP Request: POST https://chroma-copy-copy-production.up.railway.app/api/v2/tenants/default_tenant/databases/default_database/collections/569d9c2a-831f-4f67-a382-788c08186477/query "HTTP/1.1 200 OK"
INFO:hockey_mcp:✅ [TOOL COMPLETE] search_hockey_nhl_insights: returned 10 insights in 0.62s
INFO:mcp.server.lowlevel.server:Processing request of type CallToolRequest
INFO:hockey_mcp:⚡ [TOOL CALL] search_hockey_skills: query='hockey skating passing shooting stickhandling techniques', n_results=10
INFO:chromadb.telemetry.product.posthog:Anonymized telemetry enabled. See                     https://docs.trychroma.com/telemetry for more information.
INFO:httpx:HTTP Request: GET https://chroma-copy-copy-production.up.railway.app/api/v2/auth/identity "HTTP/1.1 200 OK"
INFO:chromadb.telemetry.product.posthog:Anonymized telemetry enabled. See                     https://docs.trychroma.com/telemetry for more information.
INFO:httpx:HTTP Request: GET https://chroma-copy-copy-production.up.railway.app/api/v2/tenants/default_tenant "HTTP/1.1 200 OK"
INFO:httpx:HTTP Request: GET https://chroma-copy-copy-production.up.railway.app/api/v2/tenants/default_tenant/databases/default_database "HTTP/1.1 200 OK"
INFO:httpx:HTTP Request: GET https://chroma-copy-copy-production.up.railway.app/api/v2/heartbeat "HTTP/1.1 200 OK"
INFO:httpx:HTTP Request: GET https://chroma-copy-copy-production.up.railway.app/api/v2/tenants/default_tenant/databases/default_database/collections/hockey_skills "HTTP/1.1 200 OK"
INFO:httpx:HTTP Request: POST https://chroma-copy-copy-production.up.railway.app/api/v2/tenants/default_tenant/databases/default_database/collections/689a1fad-d612-40de-b077-4cddc4b59524/query "HTTP/1.1 200 OK"
INFO:hockey_mcp:✅ [TOOL COMPLETE] search_hockey_skills: returned 10 skills in 0.59s
Connecting to Chroma server at https://chroma-copy-copy-production.up.railway.app:443 with token: True
✅ Connected to remote Chroma server
Connecting to Chroma server at https://chroma-copy-copy-production.up.railway.app:443 with token: True
✅ Connected to remote Chroma server
Connecting to Chroma server at https://chroma-copy-copy-production.up.railway.app:443 with token: True
✅ Connected to remote Chroma server
Connecting to Chroma server at https://chroma-copy-copy-production.up.railway.app:443 with token: True
✅ Connected to remote Chroma server
INFO:     127.0.0.1:50074 - "POST /api/mcp HTTP/1.1" 200 OK
INFO:mcp.server.lowlevel.server:Processing request of type ListToolsRequest
INFO:mcp.server.lowlevel.server:Processing request of type ListToolsRequest
INFO:mcp.server.lowlevel.server:Processing request of type ListToolsRequest
INFO:mcp.server.lowlevel.server:Processing request of type CallToolRequest
INFO:hockey_mcp:🎯 [TOOL CALL] search_hockey_tactics: query='hockey positions defensive offensive zone coverage', types=None, positions=None, n_results=10
INFO:chromadb.telemetry.product.posthog:Anonymized telemetry enabled. See                     https://docs.trychroma.com/telemetry for more information.
INFO:httpx:HTTP Request: GET https://chroma-copy-copy-production.up.railway.app/api/v2/auth/identity "HTTP/1.1 200 OK"
INFO:chromadb.telemetry.product.posthog:Anonymized telemetry enabled. See                     https://docs.trychroma.com/telemetry for more information.
INFO:httpx:HTTP Request: GET https://chroma-copy-copy-production.up.railway.app/api/v2/tenants/default_tenant "HTTP/1.1 200 OK"
INFO:httpx:HTTP Request: GET https://chroma-copy-copy-production.up.railway.app/api/v2/tenants/default_tenant/databases/default_database "HTTP/1.1 200 OK"
INFO:httpx:HTTP Request: GET https://chroma-copy-copy-production.up.railway.app/api/v2/heartbeat "HTTP/1.1 200 OK"
INFO:httpx:HTTP Request: GET https://chroma-copy-copy-production.up.railway.app/api/v2/tenants/default_tenant/databases/default_database/collections/hockey_tactics "HTTP/1.1 200 OK"
INFO:httpx:HTTP Request: POST https://chroma-copy-copy-production.up.railway.app/api/v2/tenants/default_tenant/databases/default_database/collections/416b96b2-dc4c-4e89-adb6-2497cbc56e92/query "HTTP/1.1 200 OK"
INFO:hockey_mcp:✅ [TOOL COMPLETE] search_hockey_tactics: returned 10 tactics in 0.67s
Connecting to Chroma server at https://chroma-copy-copy-production.up.railway.app:443 with token: True
✅ Connected to remote Chroma server
INFO:     127.0.0.1:50077 - "POST /api/mcp HTTP/1.1" 200 OK
INFO:     127.0.0.1:50080 - "POST /api/mcp HTTP/1.1" 200 OK
INFO:     127.0.0.1:50082 - "POST /api/mcp HTTP/1.1" 200 OK
INFO:mcp.server.lowlevel.server:Processing request of type ListToolsRequest
INFO:     127.0.0.1:50088 - "POST /api/mcp HTTP/1.1" 200 OK
INFO:mcp.server.lowlevel.server:Processing request of type CallToolRequest
INFO:hockey_mcp:🎯 [TOOL CALL] search_hockey_tactics: query='hockey teamwork communication support systems', types=None, positions=None, n_results=10
INFO:chromadb.telemetry.product.posthog:Anonymized telemetry enabled. See                     https://docs.trychroma.com/telemetry for more information.
INFO:httpx:HTTP Request: GET https://chroma-copy-copy-production.up.railway.app/api/v2/auth/identity "HTTP/1.1 200 OK"
INFO:chromadb.telemetry.product.posthog:Anonymized telemetry enabled. See                     https://docs.trychroma.com/telemetry for more information.
INFO:httpx:HTTP Request: GET https://chroma-copy-copy-production.up.railway.app/api/v2/tenants/default_tenant "HTTP/1.1 200 OK"
INFO:httpx:HTTP Request: GET https://chroma-copy-copy-production.up.railway.app/api/v2/tenants/default_tenant/databases/default_database "HTTP/1.1 200 OK"
INFO:httpx:HTTP Request: GET https://chroma-copy-copy-production.up.railway.app/api/v2/heartbeat "HTTP/1.1 200 OK"
INFO:httpx:HTTP Request: GET https://chroma-copy-copy-production.up.railway.app/api/v2/tenants/default_tenant/databases/default_database/collections/hockey_tactics "HTTP/1.1 200 OK"
INFO:httpx:HTTP Request: POST https://chroma-copy-copy-production.up.railway.app/api/v2/tenants/default_tenant/databases/default_database/collections/416b96b2-dc4c-4e89-adb6-2497cbc56e92/query "HTTP/1.1 200 OK"
INFO:hockey_mcp:✅ [TOOL COMPLETE] search_hockey_tactics: returned 10 tactics in 0.61s
INFO:mcp.server.lowlevel.server:Processing request of type ListToolsRequest
INFO:mcp.server.lowlevel.server:Processing request of type CallToolRequest
INFO:hockey_mcp:🌟 [TOOL CALL] search_hockey_nhl_insights: query='hockey history NHL players Stanley Cup records', n_results=10
INFO:chromadb.telemetry.product.posthog:Anonymized telemetry enabled. See                     https://docs.trychroma.com/telemetry for more information.
INFO:httpx:HTTP Request: GET https://chroma-copy-copy-production.up.railway.app/api/v2/auth/identity "HTTP/1.1 200 OK"
INFO:chromadb.telemetry.product.posthog:Anonymized telemetry enabled. See                     https://docs.trychroma.com/telemetry for more information.
INFO:httpx:HTTP Request: GET https://chroma-copy-copy-production.up.railway.app/api/v2/tenants/default_tenant "HTTP/1.1 200 OK"
INFO:httpx:HTTP Request: GET https://chroma-copy-copy-production.up.railway.app/api/v2/tenants/default_tenant/databases/default_database "HTTP/1.1 200 OK"
INFO:httpx:HTTP Request: GET https://chroma-copy-copy-production.up.railway.app/api/v2/heartbeat "HTTP/1.1 200 OK"
INFO:httpx:HTTP Request: GET https://chroma-copy-copy-production.up.railway.app/api/v2/tenants/default_tenant/databases/default_database/collections/hockey_nhl_insights "HTTP/1.1 200 OK"
INFO:httpx:HTTP Request: POST https://chroma-copy-copy-production.up.railway.app/api/v2/tenants/default_tenant/databases/default_database/collections/569d9c2a-831f-4f67-a382-788c08186477/query "HTTP/1.1 200 OK"
INFO:hockey_mcp:✅ [TOOL COMPLETE] search_hockey_nhl_insights: returned 10 insights in 0.59s
Connecting to Chroma server at https://chroma-copy-copy-production.up.railway.app:443 with token: True
✅ Connected to remote Chroma server
Connecting to Chroma server at https://chroma-copy-copy-production.up.railway.app:443 with token: True
✅ Connected to remote Chroma server
INFO:     127.0.0.1:50074 - "POST /api/mcp HTTP/1.1" 200 OK
INFO:mcp.server.lowlevel.server:Processing request of type ListToolsRequest
INFO:     127.0.0.1:50077 - "POST /api/mcp HTTP/1.1" 200 OK
INFO:mcp.server.lowlevel.server:Processing request of type CallToolRequest
INFO:hockey_mcp:🎯 [TOOL CALL] search_hockey_tactics: query='hockey positions defensive offensive zone coverage', types=None, positions=None, n_results=10
INFO:chromadb.telemetry.product.posthog:Anonymized telemetry enabled. See                     https://docs.trychroma.com/telemetry for more information.
INFO:httpx:HTTP Request: GET https://chroma-copy-copy-production.up.railway.app/api/v2/auth/identity "HTTP/1.1 200 OK"
INFO:chromadb.telemetry.product.posthog:Anonymized telemetry enabled. See                     https://docs.trychroma.com/telemetry for more information.
INFO:httpx:HTTP Request: GET https://chroma-copy-copy-production.up.railway.app/api/v2/tenants/default_tenant "HTTP/1.1 200 OK"
INFO:httpx:HTTP Request: GET https://chroma-copy-copy-production.up.railway.app/api/v2/tenants/default_tenant/databases/default_database "HTTP/1.1 200 OK"
INFO:httpx:HTTP Request: GET https://chroma-copy-copy-production.up.railway.app/api/v2/heartbeat "HTTP/1.1 200 OK"
INFO:httpx:HTTP Request: GET https://chroma-copy-copy-production.up.railway.app/api/v2/tenants/default_tenant/databases/default_database/collections/hockey_tactics "HTTP/1.1 200 OK"
INFO:httpx:HTTP Request: POST https://chroma-copy-copy-production.up.railway.app/api/v2/tenants/default_tenant/databases/default_database/collections/416b96b2-dc4c-4e89-adb6-2497cbc56e92/query "HTTP/1.1 200 OK"
INFO:hockey_mcp:✅ [TOOL COMPLETE] search_hockey_tactics: returned 10 tactics in 0.64s
INFO:mcp.server.lowlevel.server:Processing request of type ListToolsRequest
Connecting to Chroma server at https://chroma-copy-copy-production.up.railway.app:443 with token: True
✅ Connected to remote Chroma server
INFO:     127.0.0.1:50074 - "POST /api/mcp HTTP/1.1" 200 OK
INFO:mcp.server.lowlevel.server:Processing request of type CallToolRequest
INFO:hockey_mcp:⚡ [TOOL CALL] search_hockey_skills: query='hockey skating passing shooting stickhandling techniques', n_results=10
INFO:chromadb.telemetry.product.posthog:Anonymized telemetry enabled. See                     https://docs.trychroma.com/telemetry for more information.
INFO:httpx:HTTP Request: GET https://chroma-copy-copy-production.up.railway.app/api/v2/auth/identity "HTTP/1.1 200 OK"
INFO:chromadb.telemetry.product.posthog:Anonymized telemetry enabled. See                     https://docs.trychroma.com/telemetry for more information.
INFO:httpx:HTTP Request: GET https://chroma-copy-copy-production.up.railway.app/api/v2/tenants/default_tenant "HTTP/1.1 200 OK"
INFO:httpx:HTTP Request: GET https://chroma-copy-copy-production.up.railway.app/api/v2/tenants/default_tenant/databases/default_database "HTTP/1.1 200 OK"
INFO:httpx:HTTP Request: GET https://chroma-copy-copy-production.up.railway.app/api/v2/heartbeat "HTTP/1.1 200 OK"
INFO:httpx:HTTP Request: GET https://chroma-copy-copy-production.up.railway.app/api/v2/tenants/default_tenant/databases/default_database/collections/hockey_skills "HTTP/1.1 200 OK"
INFO:httpx:HTTP Request: POST https://chroma-copy-copy-production.up.railway.app/api/v2/tenants/default_tenant/databases/default_database/collections/689a1fad-d612-40de-b077-4cddc4b59524/query "HTTP/1.1 200 OK"
INFO:hockey_mcp:✅ [TOOL COMPLETE] search_hockey_skills: returned 10 skills in 0.60s
INFO:mcp.server.lowlevel.server:Processing request of type ListToolsRequest
Connecting to Chroma server at https://chroma-copy-copy-production.up.railway.app:443 with token: True
✅ Connected to remote Chroma server
INFO:     127.0.0.1:50074 - "POST /api/mcp HTTP/1.1" 200 OK
INFO:mcp.server.lowlevel.server:Processing request of type CallToolRequest
INFO:hockey_mcp:🎯 [TOOL CALL] search_hockey_tactics: query='hockey teamwork communication support systems', types=None, positions=None, n_results=10
INFO:chromadb.telemetry.product.posthog:Anonymized telemetry enabled. See                     https://docs.trychroma.com/telemetry for more information.
INFO:httpx:HTTP Request: GET https://chroma-copy-copy-production.up.railway.app/api/v2/auth/identity "HTTP/1.1 200 OK"
INFO:chromadb.telemetry.product.posthog:Anonymized telemetry enabled. See                     https://docs.trychroma.com/telemetry for more information.
INFO:httpx:HTTP Request: GET https://chroma-copy-copy-production.up.railway.app/api/v2/tenants/default_tenant "HTTP/1.1 200 OK"
INFO:httpx:HTTP Request: GET https://chroma-copy-copy-production.up.railway.app/api/v2/tenants/default_tenant/databases/default_database "HTTP/1.1 200 OK"
INFO:httpx:HTTP Request: GET https://chroma-copy-copy-production.up.railway.app/api/v2/heartbeat "HTTP/1.1 200 OK"
INFO:httpx:HTTP Request: GET https://chroma-copy-copy-production.up.railway.app/api/v2/tenants/default_tenant/databases/default_database/collections/hockey_tactics "HTTP/1.1 200 OK"
INFO:httpx:HTTP Request: POST https://chroma-copy-copy-production.up.railway.app/api/v2/tenants/default_tenant/databases/default_database/collections/416b96b2-dc4c-4e89-adb6-2497cbc56e92/query "HTTP/1.1 200 OK"
INFO:hockey_mcp:✅ [TOOL COMPLETE] search_hockey_tactics: returned 10 tactics in 0.66s
INFO:mcp.server.lowlevel.server:Processing request of type ListToolsRequest
INFO:mcp.server.lowlevel.server:Processing request of type CallToolRequest
INFO:hockey_mcp:🌟 [TOOL CALL] search_hockey_nhl_insights: query='hockey history NHL players Stanley Cup records', n_results=10
INFO:chromadb.telemetry.product.posthog:Anonymized telemetry enabled. See                     https://docs.trychroma.com/telemetry for more information.
INFO:httpx:HTTP Request: GET https://chroma-copy-copy-production.up.railway.app/api/v2/auth/identity "HTTP/1.1 200 OK"
INFO:chromadb.telemetry.product.posthog:Anonymized telemetry enabled. See                     https://docs.trychroma.com/telemetry for more information.
INFO:httpx:HTTP Request: GET https://chroma-copy-copy-production.up.railway.app/api/v2/tenants/default_tenant "HTTP/1.1 200 OK"
INFO:httpx:HTTP Request: GET https://chroma-copy-copy-production.up.railway.app/api/v2/tenants/default_tenant/databases/default_database "HTTP/1.1 200 OK"
INFO:httpx:HTTP Request: GET https://chroma-copy-copy-production.up.railway.app/api/v2/heartbeat "HTTP/1.1 200 OK"
INFO:httpx:HTTP Request: GET https://chroma-copy-copy-production.up.railway.app/api/v2/tenants/default_tenant/databases/default_database/collections/hockey_nhl_insights "HTTP/1.1 200 OK"
INFO:httpx:HTTP Request: POST https://chroma-copy-copy-production.up.railway.app/api/v2/tenants/default_tenant/databases/default_database/collections/569d9c2a-831f-4f67-a382-788c08186477/query "HTTP/1.1 200 OK"
INFO:hockey_mcp:✅ [TOOL COMPLETE] search_hockey_nhl_insights: returned 10 insights in 0.93s
Connecting to Chroma server at https://chroma-copy-copy-production.up.railway.app:443 with token: True
✅ Connected to remote Chroma server
Connecting to Chroma server at https://chroma-copy-copy-production.up.railway.app:443 with token: True
✅ Connected to remote Chroma server
INFO:     127.0.0.1:50074 - "POST /api/mcp HTTP/1.1" 200 OK
INFO:mcp.server.lowlevel.server:Processing request of type ListToolsRequest
INFO:     127.0.0.1:50111 - "POST /api/mcp HTTP/1.1" 200 OK
INFO:mcp.server.lowlevel.server:Processing request of type CallToolRequest
INFO:hockey_mcp:🎯 [TOOL CALL] search_hockey_tactics: query='hockey positions defensive offensive zone coverage', types=None, positions=None, n_results=10
INFO:chromadb.telemetry.product.posthog:Anonymized telemetry enabled. See                     https://docs.trychroma.com/telemetry for more information.
INFO:httpx:HTTP Request: GET https://chroma-copy-copy-production.up.railway.app/api/v2/auth/identity "HTTP/1.1 200 OK"
INFO:chromadb.telemetry.product.posthog:Anonymized telemetry enabled. See                     https://docs.trychroma.com/telemetry for more information.
INFO:httpx:HTTP Request: GET https://chroma-copy-copy-production.up.railway.app/api/v2/tenants/default_tenant "HTTP/1.1 200 OK"
INFO:httpx:HTTP Request: GET https://chroma-copy-copy-production.up.railway.app/api/v2/tenants/default_tenant/databases/default_database "HTTP/1.1 200 OK"
INFO:httpx:HTTP Request: GET https://chroma-copy-copy-production.up.railway.app/api/v2/heartbeat "HTTP/1.1 200 OK"
INFO:httpx:HTTP Request: GET https://chroma-copy-copy-production.up.railway.app/api/v2/tenants/default_tenant/databases/default_database/collections/hockey_tactics "HTTP/1.1 200 OK"
INFO:httpx:HTTP Request: POST https://chroma-copy-copy-production.up.railway.app/api/v2/tenants/default_tenant/databases/default_database/collections/416b96b2-dc4c-4e89-adb6-2497cbc56e92/query "HTTP/1.1 200 OK"
INFO:hockey_mcp:✅ [TOOL COMPLETE] search_hockey_tactics: returned 10 tactics in 2.09s
INFO:mcp.server.lowlevel.server:Processing request of type ListToolsRequest
INFO:mcp.server.lowlevel.server:Processing request of type CallToolRequest
INFO:hockey_mcp:⚖️ [TOOL CALL] search_hockey_rules: query='hockey rules penalties offsides icing basics', n_results=10
INFO:chromadb.telemetry.product.posthog:Anonymized telemetry enabled. See                     https://docs.trychroma.com/telemetry for more information.
INFO:httpx:HTTP Request: GET https://chroma-copy-copy-production.up.railway.app/api/v2/auth/identity "HTTP/1.1 200 OK"
INFO:chromadb.telemetry.product.posthog:Anonymized telemetry enabled. See                     https://docs.trychroma.com/telemetry for more information.
INFO:httpx:HTTP Request: GET https://chroma-copy-copy-production.up.railway.app/api/v2/tenants/default_tenant "HTTP/1.1 200 OK"
INFO:httpx:HTTP Request: GET https://chroma-copy-copy-production.up.railway.app/api/v2/tenants/default_tenant/databases/default_database "HTTP/1.1 200 OK"
INFO:httpx:HTTP Request: GET https://chroma-copy-copy-production.up.railway.app/api/v2/heartbeat "HTTP/1.1 200 OK"
INFO:httpx:HTTP Request: GET https://chroma-copy-copy-production.up.railway.app/api/v2/tenants/default_tenant/databases/default_database/collections/hockey_rules "HTTP/1.1 200 OK"
INFO:httpx:HTTP Request: POST https://chroma-copy-copy-production.up.railway.app/api/v2/tenants/default_tenant/databases/default_database/collections/41ea6112-cab7-46b8-bf6d-86eabd3ace04/query "HTTP/1.1 200 OK"
INFO:hockey_mcp:✅ [TOOL COMPLETE] search_hockey_rules: returned 10 rules in 2.12s
INFO:mcp.server.lowlevel.server:Processing request of type CallToolRequest
INFO:hockey_mcp:⚡ [TOOL CALL] search_hockey_skills: query='hockey skating passing shooting stickhandling techniques', n_results=10
INFO:chromadb.telemetry.product.posthog:Anonymized telemetry enabled. See                     https://docs.trychroma.com/telemetry for more information.
INFO:httpx:HTTP Request: GET https://chroma-copy-copy-production.up.railway.app/api/v2/auth/identity "HTTP/1.1 200 OK"
INFO:chromadb.telemetry.product.posthog:Anonymized telemetry enabled. See                     https://docs.trychroma.com/telemetry for more information.
INFO:httpx:HTTP Request: GET https://chroma-copy-copy-production.up.railway.app/api/v2/tenants/default_tenant "HTTP/1.1 200 OK"
INFO:httpx:HTTP Request: GET https://chroma-copy-copy-production.up.railway.app/api/v2/tenants/default_tenant/databases/default_database "HTTP/1.1 200 OK"
INFO:httpx:HTTP Request: GET https://chroma-copy-copy-production.up.railway.app/api/v2/heartbeat "HTTP/1.1 200 OK"
INFO:httpx:HTTP Request: GET https://chroma-copy-copy-production.up.railway.app/api/v2/tenants/default_tenant/databases/default_database/collections/hockey_skills "HTTP/1.1 200 OK"
INFO:httpx:HTTP Request: POST https://chroma-copy-copy-production.up.railway.app/api/v2/tenants/default_tenant/databases/default_database/collections/689a1fad-d612-40de-b077-4cddc4b59524/query "HTTP/1.1 200 OK"
INFO:hockey_mcp:✅ [TOOL COMPLETE] search_hockey_skills: returned 10 skills in 0.88s
Connecting to Chroma server at https://chroma-copy-copy-production.up.railway.app:443 with token: True
✅ Connected to remote Chroma server
Connecting to Chroma server at https://chroma-copy-copy-production.up.railway.app:443 with token: True
✅ Connected to remote Chroma server
Connecting to Chroma server at https://chroma-copy-copy-production.up.railway.app:443 with token: True
✅ Connected to remote Chroma server
INFO:     127.0.0.1:50074 - "POST /api/mcp HTTP/1.1" 200 OK
INFO:mcp.server.lowlevel.server:Processing request of type ListToolsRequest
INFO:mcp.server.lowlevel.server:Processing request of type ListToolsRequest
INFO:mcp.server.lowlevel.server:Processing request of type CallToolRequest
INFO:hockey_mcp:🌟 [TOOL CALL] search_hockey_nhl_insights: query='hockey history NHL players Stanley Cup records', n_results=10
INFO:chromadb.telemetry.product.posthog:Anonymized telemetry enabled. See                     https://docs.trychroma.com/telemetry for more information.
INFO:httpx:HTTP Request: GET https://chroma-copy-copy-production.up.railway.app/api/v2/auth/identity "HTTP/1.1 200 OK"
INFO:chromadb.telemetry.product.posthog:Anonymized telemetry enabled. See                     https://docs.trychroma.com/telemetry for more information.
INFO:httpx:HTTP Request: GET https://chroma-copy-copy-production.up.railway.app/api/v2/tenants/default_tenant "HTTP/1.1 200 OK"
INFO:httpx:HTTP Request: GET https://chroma-copy-copy-production.up.railway.app/api/v2/tenants/default_tenant/databases/default_database "HTTP/1.1 200 OK"
INFO:httpx:HTTP Request: GET https://chroma-copy-copy-production.up.railway.app/api/v2/heartbeat "HTTP/1.1 200 OK"
INFO:httpx:HTTP Request: GET https://chroma-copy-copy-production.up.railway.app/api/v2/tenants/default_tenant/databases/default_database/collections/hockey_nhl_insights "HTTP/1.1 200 OK"
INFO:httpx:HTTP Request: POST https://chroma-copy-copy-production.up.railway.app/api/v2/tenants/default_tenant/databases/default_database/collections/569d9c2a-831f-4f67-a382-788c08186477/query "HTTP/1.1 200 OK"
INFO:hockey_mcp:✅ [TOOL COMPLETE] search_hockey_nhl_insights: returned 10 insights in 0.77s
INFO:mcp.server.lowlevel.server:Processing request of type CallToolRequest
INFO:hockey_mcp:🎯 [TOOL CALL] search_hockey_tactics: query='hockey teamwork communication support systems', types=None, positions=None, n_results=10
INFO:chromadb.telemetry.product.posthog:Anonymized telemetry enabled. See                     https://docs.trychroma.com/telemetry for more information.
INFO:httpx:HTTP Request: GET https://chroma-copy-copy-production.up.railway.app/api/v2/auth/identity "HTTP/1.1 200 OK"
INFO:chromadb.telemetry.product.posthog:Anonymized telemetry enabled. See                     https://docs.trychroma.com/telemetry for more information.
INFO:httpx:HTTP Request: GET https://chroma-copy-copy-production.up.railway.app/api/v2/tenants/default_tenant "HTTP/1.1 200 OK"
INFO:httpx:HTTP Request: GET https://chroma-copy-copy-production.up.railway.app/api/v2/tenants/default_tenant/databases/default_database "HTTP/1.1 200 OK"
INFO:httpx:HTTP Request: GET https://chroma-copy-copy-production.up.railway.app/api/v2/heartbeat "HTTP/1.1 200 OK"
INFO:httpx:HTTP Request: GET https://chroma-copy-copy-production.up.railway.app/api/v2/tenants/default_tenant/databases/default_database/collections/hockey_tactics "HTTP/1.1 200 OK"
INFO:httpx:HTTP Request: POST https://chroma-copy-copy-production.up.railway.app/api/v2/tenants/default_tenant/databases/default_database/collections/416b96b2-dc4c-4e89-adb6-2497cbc56e92/query "HTTP/1.1 200 OK"
INFO:hockey_mcp:✅ [TOOL COMPLETE] search_hockey_tactics: returned 10 tactics in 0.81s
Connecting to Chroma server at https://chroma-copy-copy-production.up.railway.app:443 with token: True
✅ Connected to remote Chroma server
Connecting to Chroma server at https://chroma-copy-copy-production.up.railway.app:443 with token: True
✅ Connected to remote Chroma server
INFO:     127.0.0.1:50111 - "POST /api/mcp HTTP/1.1" 200 OK
INFO:     127.0.0.1:50121 - "POST /api/mcp HTTP/1.1" 200 OK
INFO:mcp.server.lowlevel.server:Processing request of type ListToolsRequest
INFO:mcp.server.lowlevel.server:Processing request of type ListToolsRequest
INFO:     127.0.0.1:50146 - "POST /api/mcp HTTP/1.1" 200 OK
INFO:     127.0.0.1:50148 - "POST /api/mcp HTTP/1.1" 200 OK
INFO:mcp.server.lowlevel.server:Processing request of type CallToolRequest
INFO:hockey_mcp:🎯 [TOOL CALL] search_hockey_tactics: query='hockey positions defensive offensive zone coverage', types=None, positions=None, n_results=10
INFO:chromadb.telemetry.product.posthog:Anonymized telemetry enabled. See                     https://docs.trychroma.com/telemetry for more information.
INFO:httpx:HTTP Request: GET https://chroma-copy-copy-production.up.railway.app/api/v2/auth/identity "HTTP/1.1 200 OK"
INFO:chromadb.telemetry.product.posthog:Anonymized telemetry enabled. See                     https://docs.trychroma.com/telemetry for more information.
INFO:httpx:HTTP Request: GET https://chroma-copy-copy-production.up.railway.app/api/v2/tenants/default_tenant "HTTP/1.1 200 OK"
INFO:httpx:HTTP Request: GET https://chroma-copy-copy-production.up.railway.app/api/v2/tenants/default_tenant/databases/default_database "HTTP/1.1 200 OK"
INFO:httpx:HTTP Request: GET https://chroma-copy-copy-production.up.railway.app/api/v2/heartbeat "HTTP/1.1 200 OK"
INFO:httpx:HTTP Request: GET https://chroma-copy-copy-production.up.railway.app/api/v2/tenants/default_tenant/databases/default_database/collections/hockey_tactics "HTTP/1.1 200 OK"
INFO:httpx:HTTP Request: POST https://chroma-copy-copy-production.up.railway.app/api/v2/tenants/default_tenant/databases/default_database/collections/416b96b2-dc4c-4e89-adb6-2497cbc56e92/query "HTTP/1.1 200 OK"
INFO:hockey_mcp:✅ [TOOL COMPLETE] search_hockey_tactics: returned 10 tactics in 0.86s
INFO:mcp.server.lowlevel.server:Processing request of type ListToolsRequest
Connecting to Chroma server at https://chroma-copy-copy-production.up.railway.app:443 with token: True
✅ Connected to remote Chroma server
INFO:     127.0.0.1:50164 - "POST /api/mcp HTTP/1.1" 200 OK
INFO:mcp.server.lowlevel.server:Processing request of type CallToolRequest
INFO:hockey_mcp:⚡ [TOOL CALL] search_hockey_skills: query='hockey skating passing shooting stickhandling techniques', n_results=10
INFO:chromadb.telemetry.product.posthog:Anonymized telemetry enabled. See                     https://docs.trychroma.com/telemetry for more information.
INFO:httpx:HTTP Request: GET https://chroma-copy-copy-production.up.railway.app/api/v2/auth/identity "HTTP/1.1 200 OK"
INFO:chromadb.telemetry.product.posthog:Anonymized telemetry enabled. See                     https://docs.trychroma.com/telemetry for more information.
INFO:httpx:HTTP Request: GET https://chroma-copy-copy-production.up.railway.app/api/v2/tenants/default_tenant "HTTP/1.1 200 OK"
INFO:httpx:HTTP Request: GET https://chroma-copy-copy-production.up.railway.app/api/v2/tenants/default_tenant/databases/default_database "HTTP/1.1 200 OK"
INFO:httpx:HTTP Request: GET https://chroma-copy-copy-production.up.railway.app/api/v2/heartbeat "HTTP/1.1 200 OK"
INFO:httpx:HTTP Request: GET https://chroma-copy-copy-production.up.railway.app/api/v2/tenants/default_tenant/databases/default_database/collections/hockey_skills "HTTP/1.1 200 OK"
INFO:httpx:HTTP Request: POST https://chroma-copy-copy-production.up.railway.app/api/v2/tenants/default_tenant/databases/default_database/collections/689a1fad-d612-40de-b077-4cddc4b59524/query "HTTP/1.1 200 OK"
INFO:hockey_mcp:✅ [TOOL COMPLETE] search_hockey_skills: returned 10 skills in 0.73s
INFO:mcp.server.lowlevel.server:Processing request of type ListToolsRequest
Connecting to Chroma server at https://chroma-copy-copy-production.up.railway.app:443 with token: True
✅ Connected to remote Chroma server
INFO:     127.0.0.1:50164 - "POST /api/mcp HTTP/1.1" 200 OK
INFO:mcp.server.lowlevel.server:Processing request of type CallToolRequest
INFO:hockey_mcp:⚖️ [TOOL CALL] search_hockey_rules: query='hockey rules penalties offsides icing basics', n_results=10
INFO:chromadb.telemetry.product.posthog:Anonymized telemetry enabled. See                     https://docs.trychroma.com/telemetry for more information.
INFO:httpx:HTTP Request: GET https://chroma-copy-copy-production.up.railway.app/api/v2/auth/identity "HTTP/1.1 200 OK"
INFO:chromadb.telemetry.product.posthog:Anonymized telemetry enabled. See                     https://docs.trychroma.com/telemetry for more information.
INFO:httpx:HTTP Request: GET https://chroma-copy-copy-production.up.railway.app/api/v2/tenants/default_tenant "HTTP/1.1 200 OK"
INFO:httpx:HTTP Request: GET https://chroma-copy-copy-production.up.railway.app/api/v2/tenants/default_tenant/databases/default_database "HTTP/1.1 200 OK"
INFO:httpx:HTTP Request: GET https://chroma-copy-copy-production.up.railway.app/api/v2/heartbeat "HTTP/1.1 200 OK"
INFO:httpx:HTTP Request: GET https://chroma-copy-copy-production.up.railway.app/api/v2/tenants/default_tenant/databases/default_database/collections/hockey_rules "HTTP/1.1 200 OK"
INFO:httpx:HTTP Request: POST https://chroma-copy-copy-production.up.railway.app/api/v2/tenants/default_tenant/databases/default_database/collections/41ea6112-cab7-46b8-bf6d-86eabd3ace04/query "HTTP/1.1 200 OK"
INFO:hockey_mcp:✅ [TOOL COMPLETE] search_hockey_rules: returned 10 rules in 0.98s
INFO:mcp.server.lowlevel.server:Processing request of type ListToolsRequest
Connecting to Chroma server at https://chroma-copy-copy-production.up.railway.app:443 with token: True
✅ Connected to remote Chroma server
INFO:     127.0.0.1:50164 - "POST /api/mcp HTTP/1.1" 200 OK
INFO:mcp.server.lowlevel.server:Processing request of type CallToolRequest
INFO:hockey_mcp:⚖️ [TOOL CALL] search_hockey_rules: query='hockey rules penalties offsides icing basics', n_results=10
INFO:chromadb.telemetry.product.posthog:Anonymized telemetry enabled. See                     https://docs.trychroma.com/telemetry for more information.
INFO:httpx:HTTP Request: GET https://chroma-copy-copy-production.up.railway.app/api/v2/auth/identity "HTTP/1.1 200 OK"
INFO:chromadb.telemetry.product.posthog:Anonymized telemetry enabled. See                     https://docs.trychroma.com/telemetry for more information.
INFO:httpx:HTTP Request: GET https://chroma-copy-copy-production.up.railway.app/api/v2/tenants/default_tenant "HTTP/1.1 200 OK"
INFO:httpx:HTTP Request: GET https://chroma-copy-copy-production.up.railway.app/api/v2/tenants/default_tenant/databases/default_database "HTTP/1.1 200 OK"
INFO:httpx:HTTP Request: GET https://chroma-copy-copy-production.up.railway.app/api/v2/heartbeat "HTTP/1.1 200 OK"
INFO:httpx:HTTP Request: GET https://chroma-copy-copy-production.up.railway.app/api/v2/tenants/default_tenant/databases/default_database/collections/hockey_rules "HTTP/1.1 200 OK"
INFO:httpx:HTTP Request: POST https://chroma-copy-copy-production.up.railway.app/api/v2/tenants/default_tenant/databases/default_database/collections/41ea6112-cab7-46b8-bf6d-86eabd3ace04/query "HTTP/1.1 200 OK"
INFO:hockey_mcp:✅ [TOOL COMPLETE] search_hockey_rules: returned 10 rules in 0.58s
INFO:mcp.server.lowlevel.server:Processing request of type ListToolsRequest
Connecting to Chroma server at https://chroma-copy-copy-production.up.railway.app:443 with token: True
✅ Connected to remote Chroma server
INFO:     127.0.0.1:50180 - "POST /api/mcp HTTP/1.1" 200 OK
INFO:mcp.server.lowlevel.server:Processing request of type CallToolRequest
INFO:hockey_mcp:⚖️ [TOOL CALL] search_hockey_rules: query='hockey rules penalties offsides icing basics', n_results=10
INFO:chromadb.telemetry.product.posthog:Anonymized telemetry enabled. See                     https://docs.trychroma.com/telemetry for more information.
INFO:httpx:HTTP Request: GET https://chroma-copy-copy-production.up.railway.app/api/v2/auth/identity "HTTP/1.1 200 OK"
INFO:chromadb.telemetry.product.posthog:Anonymized telemetry enabled. See                     https://docs.trychroma.com/telemetry for more information.
INFO:httpx:HTTP Request: GET https://chroma-copy-copy-production.up.railway.app/api/v2/tenants/default_tenant "HTTP/1.1 200 OK"
INFO:httpx:HTTP Request: GET https://chroma-copy-copy-production.up.railway.app/api/v2/tenants/default_tenant/databases/default_database "HTTP/1.1 200 OK"
INFO:httpx:HTTP Request: GET https://chroma-copy-copy-production.up.railway.app/api/v2/heartbeat "HTTP/1.1 200 OK"
INFO:httpx:HTTP Request: GET https://chroma-copy-copy-production.up.railway.app/api/v2/tenants/default_tenant/databases/default_database/collections/hockey_rules "HTTP/1.1 200 OK"
INFO:httpx:HTTP Request: POST https://chroma-copy-copy-production.up.railway.app/api/v2/tenants/default_tenant/databases/default_database/collections/41ea6112-cab7-46b8-bf6d-86eabd3ace04/query "HTTP/1.1 200 OK"
INFO:hockey_mcp:✅ [TOOL COMPLETE] search_hockey_rules: returned 10 rules in 1.49s
INFO:mcp.server.lowlevel.server:Processing request of type CallToolRequest
INFO:hockey_mcp:🎯 [TOOL CALL] search_hockey_tactics: query='hockey positions defensive offensive zone coverage', types=None, positions=None, n_results=10
INFO:chromadb.telemetry.product.posthog:Anonymized telemetry enabled. See                     https://docs.trychroma.com/telemetry for more information.
INFO:httpx:HTTP Request: GET https://chroma-copy-copy-production.up.railway.app/api/v2/auth/identity "HTTP/1.1 200 OK"
INFO:chromadb.telemetry.product.posthog:Anonymized telemetry enabled. See                     https://docs.trychroma.com/telemetry for more information.
INFO:httpx:HTTP Request: GET https://chroma-copy-copy-production.up.railway.app/api/v2/tenants/default_tenant "HTTP/1.1 200 OK"
INFO:httpx:HTTP Request: GET https://chroma-copy-copy-production.up.railway.app/api/v2/tenants/default_tenant/databases/default_database "HTTP/1.1 200 OK"
INFO:httpx:HTTP Request: GET https://chroma-copy-copy-production.up.railway.app/api/v2/heartbeat "HTTP/1.1 200 OK"
INFO:httpx:HTTP Request: GET https://chroma-copy-copy-production.up.railway.app/api/v2/tenants/default_tenant/databases/default_database/collections/hockey_tactics "HTTP/1.1 200 OK"
INFO:httpx:HTTP Request: POST https://chroma-copy-copy-production.up.railway.app/api/v2/tenants/default_tenant/databases/default_database/collections/416b96b2-dc4c-4e89-adb6-2497cbc56e92/query "HTTP/1.1 200 OK"
INFO:hockey_mcp:✅ [TOOL COMPLETE] search_hockey_tactics: returned 10 tactics in 0.76s
INFO:mcp.server.lowlevel.server:Processing request of type CallToolRequest
INFO:hockey_mcp:⚡ [TOOL CALL] search_hockey_skills: query='hockey skating passing shooting stickhandling techniques', n_results=10
INFO:chromadb.telemetry.product.posthog:Anonymized telemetry enabled. See                     https://docs.trychroma.com/telemetry for more information.
INFO:httpx:HTTP Request: GET https://chroma-copy-copy-production.up.railway.app/api/v2/auth/identity "HTTP/1.1 200 OK"
INFO:chromadb.telemetry.product.posthog:Anonymized telemetry enabled. See                     https://docs.trychroma.com/telemetry for more information.
INFO:httpx:HTTP Request: GET https://chroma-copy-copy-production.up.railway.app/api/v2/tenants/default_tenant "HTTP/1.1 200 OK"
INFO:httpx:HTTP Request: GET https://chroma-copy-copy-production.up.railway.app/api/v2/tenants/default_tenant/databases/default_database "HTTP/1.1 200 OK"
INFO:httpx:HTTP Request: GET https://chroma-copy-copy-production.up.railway.app/api/v2/heartbeat "HTTP/1.1 200 OK"
INFO:httpx:HTTP Request: GET https://chroma-copy-copy-production.up.railway.app/api/v2/tenants/default_tenant/databases/default_database/collections/hockey_skills "HTTP/1.1 200 OK"
INFO:httpx:HTTP Request: POST https://chroma-copy-copy-production.up.railway.app/api/v2/tenants/default_tenant/databases/default_database/collections/689a1fad-d612-40de-b077-4cddc4b59524/query "HTTP/1.1 200 OK"
INFO:hockey_mcp:✅ [TOOL COMPLETE] search_hockey_skills: returned 10 skills in 0.62s
INFO:mcp.server.lowlevel.server:Processing request of type CallToolRequest
INFO:hockey_mcp:🎯 [TOOL CALL] search_hockey_tactics: query='hockey teamwork communication support systems', types=None, positions=None, n_results=10
INFO:chromadb.telemetry.product.posthog:Anonymized telemetry enabled. See                     https://docs.trychroma.com/telemetry for more information.
INFO:httpx:HTTP Request: GET https://chroma-copy-copy-production.up.railway.app/api/v2/auth/identity "HTTP/1.1 200 OK"
INFO:chromadb.telemetry.product.posthog:Anonymized telemetry enabled. See                     https://docs.trychroma.com/telemetry for more information.
INFO:httpx:HTTP Request: GET https://chroma-copy-copy-production.up.railway.app/api/v2/tenants/default_tenant "HTTP/1.1 200 OK"
INFO:httpx:HTTP Request: GET https://chroma-copy-copy-production.up.railway.app/api/v2/tenants/default_tenant/databases/default_database "HTTP/1.1 200 OK"
INFO:httpx:HTTP Request: GET https://chroma-copy-copy-production.up.railway.app/api/v2/heartbeat "HTTP/1.1 200 OK"
INFO:httpx:HTTP Request: GET https://chroma-copy-copy-production.up.railway.app/api/v2/tenants/default_tenant/databases/default_database/collections/hockey_tactics "HTTP/1.1 200 OK"
INFO:httpx:HTTP Request: POST https://chroma-copy-copy-production.up.railway.app/api/v2/tenants/default_tenant/databases/default_database/collections/416b96b2-dc4c-4e89-adb6-2497cbc56e92/query "HTTP/1.1 200 OK"
INFO:hockey_mcp:✅ [TOOL COMPLETE] search_hockey_tactics: returned 10 tactics in 1.94s
INFO:mcp.server.lowlevel.server:Processing request of type ListToolsRequest
INFO:mcp.server.lowlevel.server:Processing request of type ListToolsRequest
INFO:mcp.server.lowlevel.server:Processing request of type ListToolsRequest
INFO:mcp.server.lowlevel.server:Processing request of type ListToolsRequest
Connecting to Chroma server at https://chroma-copy-copy-production.up.railway.app:443 with token: True
✅ Connected to remote Chroma server
Connecting to Chroma server at https://chroma-copy-copy-production.up.railway.app:443 with token: True
✅ Connected to remote Chroma server
Connecting to Chroma server at https://chroma-copy-copy-production.up.railway.app:443 with token: True
✅ Connected to remote Chroma server
Connecting to Chroma server at https://chroma-copy-copy-production.up.railway.app:443 with token: True
✅ Connected to remote Chroma server
INFO:     127.0.0.1:50180 - "POST /api/mcp HTTP/1.1" 200 OK
INFO:     127.0.0.1:50186 - "POST /api/mcp HTTP/1.1" 200 OK
INFO:     127.0.0.1:50187 - "POST /api/mcp HTTP/1.1" 200 OK
INFO:     127.0.0.1:50188 - "POST /api/mcp HTTP/1.1" 200 OK
INFO:mcp.server.lowlevel.server:Processing request of type CallToolRequest
INFO:hockey_mcp:⚖️ [TOOL CALL] search_hockey_rules: query='hockey rules penalties offsides icing basics', n_results=10
INFO:chromadb.telemetry.product.posthog:Anonymized telemetry enabled. See                     https://docs.trychroma.com/telemetry for more information.
INFO:httpx:HTTP Request: GET https://chroma-copy-copy-production.up.railway.app/api/v2/auth/identity "HTTP/1.1 200 OK"
INFO:chromadb.telemetry.product.posthog:Anonymized telemetry enabled. See                     https://docs.trychroma.com/telemetry for more information.
INFO:httpx:HTTP Request: GET https://chroma-copy-copy-production.up.railway.app/api/v2/tenants/default_tenant "HTTP/1.1 200 OK"
INFO:httpx:HTTP Request: GET https://chroma-copy-copy-production.up.railway.app/api/v2/tenants/default_tenant/databases/default_database "HTTP/1.1 200 OK"
INFO:httpx:HTTP Request: GET https://chroma-copy-copy-production.up.railway.app/api/v2/heartbeat "HTTP/1.1 200 OK"
INFO:httpx:HTTP Request: GET https://chroma-copy-copy-production.up.railway.app/api/v2/tenants/default_tenant/databases/default_database/collections/hockey_rules "HTTP/1.1 200 OK"
INFO:httpx:HTTP Request: POST https://chroma-copy-copy-production.up.railway.app/api/v2/tenants/default_tenant/databases/default_database/collections/41ea6112-cab7-46b8-bf6d-86eabd3ace04/query "HTTP/1.1 200 OK"
INFO:hockey_mcp:✅ [TOOL COMPLETE] search_hockey_rules: returned 10 rules in 0.93s
INFO:mcp.server.lowlevel.server:Processing request of type ListToolsRequest
INFO:mcp.server.lowlevel.server:Processing request of type CallToolRequest
INFO:hockey_mcp:🎯 [TOOL CALL] search_hockey_tactics: query='hockey teamwork communication support systems', types=None, positions=None, n_results=10
INFO:chromadb.telemetry.product.posthog:Anonymized telemetry enabled. See                     https://docs.trychroma.com/telemetry for more information.
INFO:httpx:HTTP Request: GET https://chroma-copy-copy-production.up.railway.app/api/v2/auth/identity "HTTP/1.1 200 OK"
INFO:chromadb.telemetry.product.posthog:Anonymized telemetry enabled. See                     https://docs.trychroma.com/telemetry for more information.
INFO:httpx:HTTP Request: GET https://chroma-copy-copy-production.up.railway.app/api/v2/tenants/default_tenant "HTTP/1.1 200 OK"
INFO:httpx:HTTP Request: GET https://chroma-copy-copy-production.up.railway.app/api/v2/tenants/default_tenant/databases/default_database "HTTP/1.1 200 OK"
INFO:httpx:HTTP Request: GET https://chroma-copy-copy-production.up.railway.app/api/v2/heartbeat "HTTP/1.1 200 OK"
INFO:httpx:HTTP Request: GET https://chroma-copy-copy-production.up.railway.app/api/v2/tenants/default_tenant/databases/default_database/collections/hockey_tactics "HTTP/1.1 200 OK"
INFO:httpx:HTTP Request: POST https://chroma-copy-copy-production.up.railway.app/api/v2/tenants/default_tenant/databases/default_database/collections/416b96b2-dc4c-4e89-adb6-2497cbc56e92/query "HTTP/1.1 200 OK"
INFO:hockey_mcp:✅ [TOOL COMPLETE] search_hockey_tactics: returned 10 tactics in 0.78s
INFO:mcp.server.lowlevel.server:Processing request of type CallToolRequest
INFO:hockey_mcp:🎯 [TOOL CALL] search_hockey_tactics: query='hockey positions defensive offensive zone coverage', types=None, positions=None, n_results=10
INFO:chromadb.telemetry.product.posthog:Anonymized telemetry enabled. See                     https://docs.trychroma.com/telemetry for more information.
INFO:httpx:HTTP Request: GET https://chroma-copy-copy-production.up.railway.app/api/v2/auth/identity "HTTP/1.1 200 OK"
INFO:chromadb.telemetry.product.posthog:Anonymized telemetry enabled. See                     https://docs.trychroma.com/telemetry for more information.
INFO:httpx:HTTP Request: GET https://chroma-copy-copy-production.up.railway.app/api/v2/tenants/default_tenant "HTTP/1.1 200 OK"
INFO:httpx:HTTP Request: GET https://chroma-copy-copy-production.up.railway.app/api/v2/tenants/default_tenant/databases/default_database "HTTP/1.1 200 OK"
INFO:httpx:HTTP Request: GET https://chroma-copy-copy-production.up.railway.app/api/v2/heartbeat "HTTP/1.1 200 OK"
INFO:httpx:HTTP Request: GET https://chroma-copy-copy-production.up.railway.app/api/v2/tenants/default_tenant/databases/default_database/collections/hockey_tactics "HTTP/1.1 200 OK"
INFO:httpx:HTTP Request: POST https://chroma-copy-copy-production.up.railway.app/api/v2/tenants/default_tenant/databases/default_database/collections/416b96b2-dc4c-4e89-adb6-2497cbc56e92/query "HTTP/1.1 200 OK"
INFO:hockey_mcp:✅ [TOOL COMPLETE] search_hockey_tactics: returned 10 tactics in 0.68s
Connecting to Chroma server at https://chroma-copy-copy-production.up.railway.app:443 with token: True
✅ Connected to remote Chroma server
Connecting to Chroma server at https://chroma-copy-copy-production.up.railway.app:443 with token: True
✅ Connected to remote Chroma server
Connecting to Chroma server at https://chroma-copy-copy-production.up.railway.app:443 with token: True
✅ Connected to remote Chroma server
INFO:     127.0.0.1:50228 - "POST /api/mcp HTTP/1.1" 200 OK
INFO:mcp.server.lowlevel.server:Processing request of type ListToolsRequest
INFO:mcp.server.lowlevel.server:Processing request of type ListToolsRequest
INFO:mcp.server.lowlevel.server:Processing request of type CallToolRequest
INFO:hockey_mcp:⚡ [TOOL CALL] search_hockey_skills: query='hockey skating passing shooting stickhandling techniques', n_results=10
INFO:chromadb.telemetry.product.posthog:Anonymized telemetry enabled. See                     https://docs.trychroma.com/telemetry for more information.
INFO:httpx:HTTP Request: GET https://chroma-copy-copy-production.up.railway.app/api/v2/auth/identity "HTTP/1.1 200 OK"
INFO:chromadb.telemetry.product.posthog:Anonymized telemetry enabled. See                     https://docs.trychroma.com/telemetry for more information.
INFO:httpx:HTTP Request: GET https://chroma-copy-copy-production.up.railway.app/api/v2/tenants/default_tenant "HTTP/1.1 200 OK"
INFO:httpx:HTTP Request: GET https://chroma-copy-copy-production.up.railway.app/api/v2/tenants/default_tenant/databases/default_database "HTTP/1.1 200 OK"
INFO:httpx:HTTP Request: GET https://chroma-copy-copy-production.up.railway.app/api/v2/heartbeat "HTTP/1.1 200 OK"
INFO:httpx:HTTP Request: GET https://chroma-copy-copy-production.up.railway.app/api/v2/tenants/default_tenant/databases/default_database/collections/hockey_skills "HTTP/1.1 200 OK"
INFO:httpx:HTTP Request: POST https://chroma-copy-copy-production.up.railway.app/api/v2/tenants/default_tenant/databases/default_database/collections/689a1fad-d612-40de-b077-4cddc4b59524/query "HTTP/1.1 200 OK"
INFO:hockey_mcp:✅ [TOOL COMPLETE] search_hockey_skills: returned 10 skills in 0.63s
Connecting to Chroma server at https://chroma-copy-copy-production.up.railway.app:443 with token: True
✅ Connected to remote Chroma server
INFO:     127.0.0.1:50256 - "POST /api/mcp HTTP/1.1" 200 OK
INFO:     127.0.0.1:50259 - "POST /api/mcp HTTP/1.1" 200 OK
INFO:mcp.server.lowlevel.server:Processing request of type ListToolsRequest
INFO:     127.0.0.1:50262 - "POST /api/mcp HTTP/1.1" 200 OK
INFO:mcp.server.lowlevel.server:Processing request of type CallToolRequest
INFO:hockey_mcp:⚖️ [TOOL CALL] search_hockey_rules: query='hockey rules penalties offsides icing basics', n_results=10
INFO:chromadb.telemetry.product.posthog:Anonymized telemetry enabled. See                     https://docs.trychroma.com/telemetry for more information.
INFO:httpx:HTTP Request: GET https://chroma-copy-copy-production.up.railway.app/api/v2/auth/identity "HTTP/1.1 200 OK"
INFO:chromadb.telemetry.product.posthog:Anonymized telemetry enabled. See                     https://docs.trychroma.com/telemetry for more information.
INFO:httpx:HTTP Request: GET https://chroma-copy-copy-production.up.railway.app/api/v2/tenants/default_tenant "HTTP/1.1 200 OK"
INFO:httpx:HTTP Request: GET https://chroma-copy-copy-production.up.railway.app/api/v2/tenants/default_tenant/databases/default_database "HTTP/1.1 200 OK"
INFO:httpx:HTTP Request: GET https://chroma-copy-copy-production.up.railway.app/api/v2/heartbeat "HTTP/1.1 200 OK"
INFO:httpx:HTTP Request: GET https://chroma-copy-copy-production.up.railway.app/api/v2/tenants/default_tenant/databases/default_database/collections/hockey_rules "HTTP/1.1 200 OK"
INFO:httpx:HTTP Request: POST https://chroma-copy-copy-production.up.railway.app/api/v2/tenants/default_tenant/databases/default_database/collections/41ea6112-cab7-46b8-bf6d-86eabd3ace04/query "HTTP/1.1 200 OK"
INFO:hockey_mcp:✅ [TOOL COMPLETE] search_hockey_rules: returned 10 rules in 0.69s
INFO:mcp.server.lowlevel.server:Processing request of type ListToolsRequest
INFO:mcp.server.lowlevel.server:Processing request of type CallToolRequest
INFO:hockey_mcp:🎯 [TOOL CALL] search_hockey_tactics: query='hockey teamwork communication support systems', types=None, positions=None, n_results=10
INFO:chromadb.telemetry.product.posthog:Anonymized telemetry enabled. See                     https://docs.trychroma.com/telemetry for more information.
INFO:httpx:HTTP Request: GET https://chroma-copy-copy-production.up.railway.app/api/v2/auth/identity "HTTP/1.1 200 OK"
INFO:chromadb.telemetry.product.posthog:Anonymized telemetry enabled. See                     https://docs.trychroma.com/telemetry for more information.
INFO:httpx:HTTP Request: GET https://chroma-copy-copy-production.up.railway.app/api/v2/tenants/default_tenant "HTTP/1.1 200 OK"
INFO:httpx:HTTP Request: GET https://chroma-copy-copy-production.up.railway.app/api/v2/tenants/default_tenant/databases/default_database "HTTP/1.1 200 OK"
INFO:httpx:HTTP Request: GET https://chroma-copy-copy-production.up.railway.app/api/v2/heartbeat "HTTP/1.1 200 OK"
INFO:httpx:HTTP Request: GET https://chroma-copy-copy-production.up.railway.app/api/v2/tenants/default_tenant/databases/default_database/collections/hockey_tactics "HTTP/1.1 200 OK"
INFO:httpx:HTTP Request: POST https://chroma-copy-copy-production.up.railway.app/api/v2/tenants/default_tenant/databases/default_database/collections/416b96b2-dc4c-4e89-adb6-2497cbc56e92/query "HTTP/1.1 200 OK"
INFO:hockey_mcp:✅ [TOOL COMPLETE] search_hockey_tactics: returned 10 tactics in 0.74s
Connecting to Chroma server at https://chroma-copy-copy-production.up.railway.app:443 with token: True
✅ Connected to remote Chroma server
Connecting to Chroma server at https://chroma-copy-copy-production.up.railway.app:443 with token: True
✅ Connected to remote Chroma server
INFO:     127.0.0.1:50228 - "POST /api/mcp HTTP/1.1" 200 OK
INFO:mcp.server.lowlevel.server:Processing request of type ListToolsRequest
INFO:mcp.server.lowlevel.server:Processing request of type CallToolRequest
INFO:hockey_mcp:🎯 [TOOL CALL] search_hockey_tactics: query='hockey positions defensive offensive zone coverage', types=None, positions=None, n_results=10
INFO:chromadb.telemetry.product.posthog:Anonymized telemetry enabled. See                     https://docs.trychroma.com/telemetry for more information.
INFO:httpx:HTTP Request: GET https://chroma-copy-copy-production.up.railway.app/api/v2/auth/identity "HTTP/1.1 200 OK"
INFO:chromadb.telemetry.product.posthog:Anonymized telemetry enabled. See                     https://docs.trychroma.com/telemetry for more information.
INFO:httpx:HTTP Request: GET https://chroma-copy-copy-production.up.railway.app/api/v2/tenants/default_tenant "HTTP/1.1 200 OK"
INFO:httpx:HTTP Request: GET https://chroma-copy-copy-production.up.railway.app/api/v2/tenants/default_tenant/databases/default_database "HTTP/1.1 200 OK"
INFO:httpx:HTTP Request: GET https://chroma-copy-copy-production.up.railway.app/api/v2/heartbeat "HTTP/1.1 200 OK"
INFO:httpx:HTTP Request: GET https://chroma-copy-copy-production.up.railway.app/api/v2/tenants/default_tenant/databases/default_database/collections/hockey_tactics "HTTP/1.1 200 OK"
INFO:httpx:HTTP Request: POST https://chroma-copy-copy-production.up.railway.app/api/v2/tenants/default_tenant/databases/default_database/collections/416b96b2-dc4c-4e89-adb6-2497cbc56e92/query "HTTP/1.1 200 OK"
INFO:hockey_mcp:✅ [TOOL COMPLETE] search_hockey_tactics: returned 10 tactics in 0.80s
Connecting to Chroma server at https://chroma-copy-copy-production.up.railway.app:443 with token: True
✅ Connected to remote Chroma server
INFO:     127.0.0.1:50256 - "POST /api/mcp HTTP/1.1" 200 OK
INFO:mcp.server.lowlevel.server:Processing request of type ListToolsRequest
INFO:mcp.server.lowlevel.server:Processing request of type CallToolRequest
INFO:hockey_mcp:⚡ [TOOL CALL] search_hockey_skills: query='hockey skating passing shooting stickhandling techniques', n_results=10
INFO:chromadb.telemetry.product.posthog:Anonymized telemetry enabled. See                     https://docs.trychroma.com/telemetry for more information.
INFO:httpx:HTTP Request: GET https://chroma-copy-copy-production.up.railway.app/api/v2/auth/identity "HTTP/1.1 200 OK"
INFO:chromadb.telemetry.product.posthog:Anonymized telemetry enabled. See                     https://docs.trychroma.com/telemetry for more information.
INFO:httpx:HTTP Request: GET https://chroma-copy-copy-production.up.railway.app/api/v2/tenants/default_tenant "HTTP/1.1 200 OK"
INFO:httpx:HTTP Request: GET https://chroma-copy-copy-production.up.railway.app/api/v2/tenants/default_tenant/databases/default_database "HTTP/1.1 200 OK"
INFO:httpx:HTTP Request: GET https://chroma-copy-copy-production.up.railway.app/api/v2/heartbeat "HTTP/1.1 200 OK"
INFO:httpx:HTTP Request: GET https://chroma-copy-copy-production.up.railway.app/api/v2/tenants/default_tenant/databases/default_database/collections/hockey_skills "HTTP/1.1 200 OK"
INFO:httpx:HTTP Request: POST https://chroma-copy-copy-production.up.railway.app/api/v2/tenants/default_tenant/databases/default_database/collections/689a1fad-d612-40de-b077-4cddc4b59524/query "HTTP/1.1 200 OK"
INFO:hockey_mcp:✅ [TOOL COMPLETE] search_hockey_skills: returned 10 skills in 0.63s
Connecting to Chroma server at https://chroma-copy-copy-production.up.railway.app:443 with token: True
✅ Connected to remote Chroma server
INFO:     127.0.0.1:50275 - "POST /api/mcp HTTP/1.1" 200 OK
INFO:mcp.server.lowlevel.server:Processing request of type ListToolsRequest
INFO:     127.0.0.1:50228 - "POST /api/mcp HTTP/1.1" 200 OK
INFO:mcp.server.lowlevel.server:Processing request of type CallToolRequest
INFO:hockey_mcp:⚖️ [TOOL CALL] search_hockey_rules: query='hockey rules penalties offsides icing basics', n_results=10
INFO:chromadb.telemetry.product.posthog:Anonymized telemetry enabled. See                     https://docs.trychroma.com/telemetry for more information.
INFO:httpx:HTTP Request: GET https://chroma-copy-copy-production.up.railway.app/api/v2/auth/identity "HTTP/1.1 200 OK"
INFO:chromadb.telemetry.product.posthog:Anonymized telemetry enabled. See                     https://docs.trychroma.com/telemetry for more information.
INFO:httpx:HTTP Request: GET https://chroma-copy-copy-production.up.railway.app/api/v2/tenants/default_tenant "HTTP/1.1 200 OK"
INFO:httpx:HTTP Request: GET https://chroma-copy-copy-production.up.railway.app/api/v2/tenants/default_tenant/databases/default_database "HTTP/1.1 200 OK"
INFO:httpx:HTTP Request: GET https://chroma-copy-copy-production.up.railway.app/api/v2/heartbeat "HTTP/1.1 200 OK"
INFO:httpx:HTTP Request: GET https://chroma-copy-copy-production.up.railway.app/api/v2/tenants/default_tenant/databases/default_database/collections/hockey_rules "HTTP/1.1 200 OK"
INFO:httpx:HTTP Request: POST https://chroma-copy-copy-production.up.railway.app/api/v2/tenants/default_tenant/databases/default_database/collections/41ea6112-cab7-46b8-bf6d-86eabd3ace04/query "HTTP/1.1 200 OK"
INFO:hockey_mcp:✅ [TOOL COMPLETE] search_hockey_rules: returned 10 rules in 0.56s
INFO:mcp.server.lowlevel.server:Processing request of type ListToolsRequest
INFO:mcp.server.lowlevel.server:Processing request of type CallToolRequest
INFO:hockey_mcp:🎯 [TOOL CALL] search_hockey_tactics: query='hockey teamwork communication support systems', types=None, positions=None, n_results=10
INFO:chromadb.telemetry.product.posthog:Anonymized telemetry enabled. See                     https://docs.trychroma.com/telemetry for more information.
INFO:httpx:HTTP Request: GET https://chroma-copy-copy-production.up.railway.app/api/v2/auth/identity "HTTP/1.1 200 OK"
INFO:chromadb.telemetry.product.posthog:Anonymized telemetry enabled. See                     https://docs.trychroma.com/telemetry for more information.
INFO:httpx:HTTP Request: GET https://chroma-copy-copy-production.up.railway.app/api/v2/tenants/default_tenant "HTTP/1.1 200 OK"
INFO:httpx:HTTP Request: GET https://chroma-copy-copy-production.up.railway.app/api/v2/tenants/default_tenant/databases/default_database "HTTP/1.1 200 OK"
INFO:httpx:HTTP Request: GET https://chroma-copy-copy-production.up.railway.app/api/v2/heartbeat "HTTP/1.1 200 OK"
INFO:httpx:HTTP Request: GET https://chroma-copy-copy-production.up.railway.app/api/v2/tenants/default_tenant/databases/default_database/collections/hockey_tactics "HTTP/1.1 200 OK"
INFO:httpx:HTTP Request: POST https://chroma-copy-copy-production.up.railway.app/api/v2/tenants/default_tenant/databases/default_database/collections/416b96b2-dc4c-4e89-adb6-2497cbc56e92/query "HTTP/1.1 200 OK"
INFO:hockey_mcp:✅ [TOOL COMPLETE] search_hockey_tactics: returned 10 tactics in 0.71s
Connecting to Chroma server at https://chroma-copy-copy-production.up.railway.app:443 with token: True
✅ Connected to remote Chroma server
Connecting to Chroma server at https://chroma-copy-copy-production.up.railway.app:443 with token: True
✅ Connected to remote Chroma server
INFO:     127.0.0.1:50228 - "POST /api/mcp HTTP/1.1" 200 OK
INFO:mcp.server.lowlevel.server:Processing request of type ListToolsRequest
INFO:     127.0.0.1:50283 - "POST /api/mcp HTTP/1.1" 200 OK
INFO:mcp.server.lowlevel.server:Processing request of type CallToolRequest
INFO:hockey_mcp:🎯 [TOOL CALL] search_hockey_tactics: query='hockey positions defensive offensive zone coverage', types=None, positions=None, n_results=10
INFO:chromadb.telemetry.product.posthog:Anonymized telemetry enabled. See                     https://docs.trychroma.com/telemetry for more information.
INFO:httpx:HTTP Request: GET https://chroma-copy-copy-production.up.railway.app/api/v2/auth/identity "HTTP/1.1 200 OK"
INFO:chromadb.telemetry.product.posthog:Anonymized telemetry enabled. See                     https://docs.trychroma.com/telemetry for more information.
INFO:httpx:HTTP Request: GET https://chroma-copy-copy-production.up.railway.app/api/v2/tenants/default_tenant "HTTP/1.1 200 OK"
INFO:httpx:HTTP Request: GET https://chroma-copy-copy-production.up.railway.app/api/v2/tenants/default_tenant/databases/default_database "HTTP/1.1 200 OK"
INFO:httpx:HTTP Request: GET https://chroma-copy-copy-production.up.railway.app/api/v2/heartbeat "HTTP/1.1 200 OK"
INFO:httpx:HTTP Request: GET https://chroma-copy-copy-production.up.railway.app/api/v2/tenants/default_tenant/databases/default_database/collections/hockey_tactics "HTTP/1.1 200 OK"
INFO:httpx:HTTP Request: POST https://chroma-copy-copy-production.up.railway.app/api/v2/tenants/default_tenant/databases/default_database/collections/416b96b2-dc4c-4e89-adb6-2497cbc56e92/query "HTTP/1.1 200 OK"
INFO:hockey_mcp:✅ [TOOL COMPLETE] search_hockey_tactics: returned 10 tactics in 0.84s
INFO:mcp.server.lowlevel.server:Processing request of type ListToolsRequest
INFO:mcp.server.lowlevel.server:Processing request of type CallToolRequest
INFO:hockey_mcp:⚡ [TOOL CALL] search_hockey_skills: query='hockey skating passing shooting stickhandling techniques', n_results=10
INFO:chromadb.telemetry.product.posthog:Anonymized telemetry enabled. See                     https://docs.trychroma.com/telemetry for more information.
INFO:httpx:HTTP Request: GET https://chroma-copy-copy-production.up.railway.app/api/v2/auth/identity "HTTP/1.1 200 OK"
INFO:chromadb.telemetry.product.posthog:Anonymized telemetry enabled. See                     https://docs.trychroma.com/telemetry for more information.
INFO:httpx:HTTP Request: GET https://chroma-copy-copy-production.up.railway.app/api/v2/tenants/default_tenant "HTTP/1.1 200 OK"
INFO:httpx:HTTP Request: GET https://chroma-copy-copy-production.up.railway.app/api/v2/tenants/default_tenant/databases/default_database "HTTP/1.1 200 OK"
INFO:httpx:HTTP Request: GET https://chroma-copy-copy-production.up.railway.app/api/v2/heartbeat "HTTP/1.1 200 OK"
INFO:httpx:HTTP Request: GET https://chroma-copy-copy-production.up.railway.app/api/v2/tenants/default_tenant/databases/default_database/collections/hockey_skills "HTTP/1.1 200 OK"
INFO:httpx:HTTP Request: POST https://chroma-copy-copy-production.up.railway.app/api/v2/tenants/default_tenant/databases/default_database/collections/689a1fad-d612-40de-b077-4cddc4b59524/query "HTTP/1.1 200 OK"
INFO:hockey_mcp:✅ [TOOL COMPLETE] search_hockey_skills: returned 10 skills in 0.71s
Connecting to Chroma server at https://chroma-copy-copy-production.up.railway.app:443 with token: True
✅ Connected to remote Chroma server
Connecting to Chroma server at https://chroma-copy-copy-production.up.railway.app:443 with token: True
✅ Connected to remote Chroma server
INFO:     127.0.0.1:50228 - "POST /api/mcp HTTP/1.1" 200 OK
INFO:mcp.server.lowlevel.server:Processing request of type ListToolsRequest
INFO:     127.0.0.1:50283 - "POST /api/mcp HTTP/1.1" 200 OK
INFO:mcp.server.lowlevel.server:Processing request of type CallToolRequest
INFO:hockey_mcp:⚖️ [TOOL CALL] search_hockey_rules: query='hockey rules penalties offsides icing basics', n_results=10
INFO:chromadb.telemetry.product.posthog:Anonymized telemetry enabled. See                     https://docs.trychroma.com/telemetry for more information.
INFO:httpx:HTTP Request: GET https://chroma-copy-copy-production.up.railway.app/api/v2/auth/identity "HTTP/1.1 200 OK"
INFO:chromadb.telemetry.product.posthog:Anonymized telemetry enabled. See                     https://docs.trychroma.com/telemetry for more information.
INFO:httpx:HTTP Request: GET https://chroma-copy-copy-production.up.railway.app/api/v2/tenants/default_tenant "HTTP/1.1 200 OK"
INFO:httpx:HTTP Request: GET https://chroma-copy-copy-production.up.railway.app/api/v2/tenants/default_tenant/databases/default_database "HTTP/1.1 200 OK"
INFO:httpx:HTTP Request: GET https://chroma-copy-copy-production.up.railway.app/api/v2/heartbeat "HTTP/1.1 200 OK"
INFO:httpx:HTTP Request: GET https://chroma-copy-copy-production.up.railway.app/api/v2/tenants/default_tenant/databases/default_database/collections/hockey_rules "HTTP/1.1 200 OK"
INFO:httpx:HTTP Request: POST https://chroma-copy-copy-production.up.railway.app/api/v2/tenants/default_tenant/databases/default_database/collections/41ea6112-cab7-46b8-bf6d-86eabd3ace04/query "HTTP/1.1 200 OK"
INFO:hockey_mcp:✅ [TOOL COMPLETE] search_hockey_rules: returned 10 rules in 0.69s
INFO:mcp.server.lowlevel.server:Processing request of type ListToolsRequest
INFO:mcp.server.lowlevel.server:Processing request of type CallToolRequest
INFO:hockey_mcp:🎯 [TOOL CALL] search_hockey_tactics: query='hockey teamwork communication support systems', types=None, positions=None, n_results=10
INFO:chromadb.telemetry.product.posthog:Anonymized telemetry enabled. See                     https://docs.trychroma.com/telemetry for more information.
INFO:httpx:HTTP Request: GET https://chroma-copy-copy-production.up.railway.app/api/v2/auth/identity "HTTP/1.1 200 OK"
INFO:chromadb.telemetry.product.posthog:Anonymized telemetry enabled. See                     https://docs.trychroma.com/telemetry for more information.
INFO:httpx:HTTP Request: GET https://chroma-copy-copy-production.up.railway.app/api/v2/tenants/default_tenant "HTTP/1.1 200 OK"
INFO:httpx:HTTP Request: GET https://chroma-copy-copy-production.up.railway.app/api/v2/tenants/default_tenant/databases/default_database "HTTP/1.1 200 OK"
INFO:httpx:HTTP Request: GET https://chroma-copy-copy-production.up.railway.app/api/v2/heartbeat "HTTP/1.1 200 OK"
INFO:httpx:HTTP Request: GET https://chroma-copy-copy-production.up.railway.app/api/v2/tenants/default_tenant/databases/default_database/collections/hockey_tactics "HTTP/1.1 200 OK"
INFO:httpx:HTTP Request: POST https://chroma-copy-copy-production.up.railway.app/api/v2/tenants/default_tenant/databases/default_database/collections/416b96b2-dc4c-4e89-adb6-2497cbc56e92/query "HTTP/1.1 200 OK"
INFO:hockey_mcp:✅ [TOOL COMPLETE] search_hockey_tactics: returned 10 tactics in 0.62s
Connecting to Chroma server at https://chroma-copy-copy-production.up.railway.app:443 with token: True
✅ Connected to remote Chroma server
Connecting to Chroma server at https://chroma-copy-copy-production.up.railway.app:443 with token: True
✅ Connected to remote Chroma server
INFO:     127.0.0.1:50228 - "POST /api/mcp HTTP/1.1" 200 OK
INFO:mcp.server.lowlevel.server:Processing request of type ListToolsRequest
INFO:     127.0.0.1:50283 - "POST /api/mcp HTTP/1.1" 200 OK
INFO:mcp.server.lowlevel.server:Processing request of type CallToolRequest
INFO:hockey_mcp:⚡ [TOOL CALL] search_hockey_skills: query='hockey skating passing shooting stickhandling techniques', n_results=10
INFO:chromadb.telemetry.product.posthog:Anonymized telemetry enabled. See                     https://docs.trychroma.com/telemetry for more information.
INFO:httpx:HTTP Request: GET https://chroma-copy-copy-production.up.railway.app/api/v2/auth/identity "HTTP/1.1 200 OK"
INFO:chromadb.telemetry.product.posthog:Anonymized telemetry enabled. See                     https://docs.trychroma.com/telemetry for more information.
INFO:httpx:HTTP Request: GET https://chroma-copy-copy-production.up.railway.app/api/v2/tenants/default_tenant "HTTP/1.1 200 OK"
INFO:httpx:HTTP Request: GET https://chroma-copy-copy-production.up.railway.app/api/v2/tenants/default_tenant/databases/default_database "HTTP/1.1 200 OK"
INFO:httpx:HTTP Request: GET https://chroma-copy-copy-production.up.railway.app/api/v2/heartbeat "HTTP/1.1 200 OK"
INFO:httpx:HTTP Request: GET https://chroma-copy-copy-production.up.railway.app/api/v2/tenants/default_tenant/databases/default_database/collections/hockey_skills "HTTP/1.1 200 OK"
INFO:httpx:HTTP Request: POST https://chroma-copy-copy-production.up.railway.app/api/v2/tenants/default_tenant/databases/default_database/collections/689a1fad-d612-40de-b077-4cddc4b59524/query "HTTP/1.1 200 OK"
INFO:hockey_mcp:✅ [TOOL COMPLETE] search_hockey_skills: returned 10 skills in 0.64s
INFO:mcp.server.lowlevel.server:Processing request of type ListToolsRequest
Connecting to Chroma server at https://chroma-copy-copy-production.up.railway.app:443 with token: True
✅ Connected to remote Chroma server
INFO:     127.0.0.1:50228 - "POST /api/mcp HTTP/1.1" 200 OK
INFO:mcp.server.lowlevel.server:Processing request of type CallToolRequest
INFO:hockey_mcp:🎯 [TOOL CALL] search_hockey_tactics: query='hockey positions defensive offensive zone coverage', types=None, positions=None, n_results=10
INFO:chromadb.telemetry.product.posthog:Anonymized telemetry enabled. See                     https://docs.trychroma.com/telemetry for more information.
INFO:httpx:HTTP Request: GET https://chroma-copy-copy-production.up.railway.app/api/v2/auth/identity "HTTP/1.1 200 OK"
INFO:chromadb.telemetry.product.posthog:Anonymized telemetry enabled. See                     https://docs.trychroma.com/telemetry for more information.
INFO:httpx:HTTP Request: GET https://chroma-copy-copy-production.up.railway.app/api/v2/tenants/default_tenant "HTTP/1.1 200 OK"
INFO:httpx:HTTP Request: GET https://chroma-copy-copy-production.up.railway.app/api/v2/tenants/default_tenant/databases/default_database "HTTP/1.1 200 OK"
INFO:httpx:HTTP Request: GET https://chroma-copy-copy-production.up.railway.app/api/v2/heartbeat "HTTP/1.1 200 OK"
INFO:httpx:HTTP Request: GET https://chroma-copy-copy-production.up.railway.app/api/v2/tenants/default_tenant/databases/default_database/collections/hockey_tactics "HTTP/1.1 200 OK"
INFO:httpx:HTTP Request: POST https://chroma-copy-copy-production.up.railway.app/api/v2/tenants/default_tenant/databases/default_database/collections/416b96b2-dc4c-4e89-adb6-2497cbc56e92/query "HTTP/1.1 200 OK"
INFO:hockey_mcp:✅ [TOOL COMPLETE] search_hockey_tactics: returned 10 tactics in 0.68s
INFO:mcp.server.lowlevel.server:Processing request of type ListToolsRequest
Connecting to Chroma server at https://chroma-copy-copy-production.up.railway.app:443 with token: True
✅ Connected to remote Chroma server
INFO:     127.0.0.1:50228 - "POST /api/mcp HTTP/1.1" 200 OK
INFO:mcp.server.lowlevel.server:Processing request of type CallToolRequest
INFO:hockey_mcp:⚖️ [TOOL CALL] search_hockey_rules: query='hockey rules penalties offsides icing basics', n_results=10
INFO:chromadb.telemetry.product.posthog:Anonymized telemetry enabled. See                     https://docs.trychroma.com/telemetry for more information.
INFO:httpx:HTTP Request: GET https://chroma-copy-copy-production.up.railway.app/api/v2/auth/identity "HTTP/1.1 200 OK"
INFO:chromadb.telemetry.product.posthog:Anonymized telemetry enabled. See                     https://docs.trychroma.com/telemetry for more information.
INFO:httpx:HTTP Request: GET https://chroma-copy-copy-production.up.railway.app/api/v2/tenants/default_tenant "HTTP/1.1 200 OK"
INFO:httpx:HTTP Request: GET https://chroma-copy-copy-production.up.railway.app/api/v2/tenants/default_tenant/databases/default_database "HTTP/1.1 200 OK"
INFO:httpx:HTTP Request: GET https://chroma-copy-copy-production.up.railway.app/api/v2/heartbeat "HTTP/1.1 200 OK"
INFO:httpx:HTTP Request: GET https://chroma-copy-copy-production.up.railway.app/api/v2/tenants/default_tenant/databases/default_database/collections/hockey_rules "HTTP/1.1 200 OK"
INFO:httpx:HTTP Request: POST https://chroma-copy-copy-production.up.railway.app/api/v2/tenants/default_tenant/databases/default_database/collections/41ea6112-cab7-46b8-bf6d-86eabd3ace04/query "HTTP/1.1 200 OK"
INFO:hockey_mcp:✅ [TOOL COMPLETE] search_hockey_rules: returned 10 rules in 0.60s
INFO:mcp.server.lowlevel.server:Processing request of type ListToolsRequest
Connecting to Chroma server at https://chroma-copy-copy-production.up.railway.app:443 with token: True
✅ Connected to remote Chroma server
INFO:     127.0.0.1:50451 - "POST /api/mcp HTTP/1.1" 200 OK
INFO:mcp.server.lowlevel.server:Processing request of type CallToolRequest
INFO:hockey_mcp:⚖️ [TOOL CALL] search_hockey_rules: query='hockey rules penalties offsides icing basics', n_results=10
INFO:chromadb.telemetry.product.posthog:Anonymized telemetry enabled. See                     https://docs.trychroma.com/telemetry for more information.
INFO:httpx:HTTP Request: GET https://chroma-copy-copy-production.up.railway.app/api/v2/auth/identity "HTTP/1.1 200 OK"
INFO:chromadb.telemetry.product.posthog:Anonymized telemetry enabled. See                     https://docs.trychroma.com/telemetry for more information.
INFO:httpx:HTTP Request: GET https://chroma-copy-copy-production.up.railway.app/api/v2/tenants/default_tenant "HTTP/1.1 200 OK"
INFO:httpx:HTTP Request: GET https://chroma-copy-copy-production.up.railway.app/api/v2/tenants/default_tenant/databases/default_database "HTTP/1.1 200 OK"
INFO:httpx:HTTP Request: GET https://chroma-copy-copy-production.up.railway.app/api/v2/heartbeat "HTTP/1.1 200 OK"
INFO:httpx:HTTP Request: GET https://chroma-copy-copy-production.up.railway.app/api/v2/tenants/default_tenant/databases/default_database/collections/hockey_rules "HTTP/1.1 200 OK"
INFO:httpx:HTTP Request: POST https://chroma-copy-copy-production.up.railway.app/api/v2/tenants/default_tenant/databases/default_database/collections/41ea6112-cab7-46b8-bf6d-86eabd3ace04/query "HTTP/1.1 200 OK"
INFO:hockey_mcp:✅ [TOOL COMPLETE] search_hockey_rules: returned 10 rules in 0.64s
INFO:mcp.server.lowlevel.server:Processing request of type CallToolRequest
INFO:hockey_mcp:🎯 [TOOL CALL] search_hockey_tactics: query='hockey positions defensive offensive zone coverage', types=None, positions=None, n_results=10
INFO:chromadb.telemetry.product.posthog:Anonymized telemetry enabled. See                     https://docs.trychroma.com/telemetry for more information.
INFO:httpx:HTTP Request: GET https://chroma-copy-copy-production.up.railway.app/api/v2/auth/identity "HTTP/1.1 200 OK"
INFO:chromadb.telemetry.product.posthog:Anonymized telemetry enabled. See                     https://docs.trychroma.com/telemetry for more information.
INFO:httpx:HTTP Request: GET https://chroma-copy-copy-production.up.railway.app/api/v2/tenants/default_tenant "HTTP/1.1 200 OK"
INFO:httpx:HTTP Request: GET https://chroma-copy-copy-production.up.railway.app/api/v2/tenants/default_tenant/databases/default_database "HTTP/1.1 200 OK"
INFO:httpx:HTTP Request: GET https://chroma-copy-copy-production.up.railway.app/api/v2/heartbeat "HTTP/1.1 200 OK"
INFO:httpx:HTTP Request: GET https://chroma-copy-copy-production.up.railway.app/api/v2/tenants/default_tenant/databases/default_database/collections/hockey_tactics "HTTP/1.1 200 OK"
INFO:httpx:HTTP Request: POST https://chroma-copy-copy-production.up.railway.app/api/v2/tenants/default_tenant/databases/default_database/collections/416b96b2-dc4c-4e89-adb6-2497cbc56e92/query "HTTP/1.1 200 OK"
INFO:hockey_mcp:✅ [TOOL COMPLETE] search_hockey_tactics: returned 10 tactics in 0.65s
INFO:mcp.server.lowlevel.server:Processing request of type CallToolRequest
INFO:hockey_mcp:⚡ [TOOL CALL] search_hockey_skills: query='hockey skating passing shooting stickhandling techniques', n_results=10
INFO:chromadb.telemetry.product.posthog:Anonymized telemetry enabled. See                     https://docs.trychroma.com/telemetry for more information.
INFO:httpx:HTTP Request: GET https://chroma-copy-copy-production.up.railway.app/api/v2/auth/identity "HTTP/1.1 200 OK"
INFO:chromadb.telemetry.product.posthog:Anonymized telemetry enabled. See                     https://docs.trychroma.com/telemetry for more information.
INFO:httpx:HTTP Request: GET https://chroma-copy-copy-production.up.railway.app/api/v2/tenants/default_tenant "HTTP/1.1 200 OK"
INFO:httpx:HTTP Request: GET https://chroma-copy-copy-production.up.railway.app/api/v2/tenants/default_tenant/databases/default_database "HTTP/1.1 200 OK"
INFO:httpx:HTTP Request: GET https://chroma-copy-copy-production.up.railway.app/api/v2/heartbeat "HTTP/1.1 200 OK"
INFO:httpx:HTTP Request: GET https://chroma-copy-copy-production.up.railway.app/api/v2/tenants/default_tenant/databases/default_database/collections/hockey_skills "HTTP/1.1 200 OK"
INFO:httpx:HTTP Request: POST https://chroma-copy-copy-production.up.railway.app/api/v2/tenants/default_tenant/databases/default_database/collections/689a1fad-d612-40de-b077-4cddc4b59524/query "HTTP/1.1 200 OK"
INFO:hockey_mcp:✅ [TOOL COMPLETE] search_hockey_skills: returned 10 skills in 0.88s
INFO:mcp.server.lowlevel.server:Processing request of type CallToolRequest
INFO:hockey_mcp:🎯 [TOOL CALL] search_hockey_tactics: query='hockey teamwork communication support systems', types=None, positions=None, n_results=10
INFO:chromadb.telemetry.product.posthog:Anonymized telemetry enabled. See                     https://docs.trychroma.com/telemetry for more information.
INFO:httpx:HTTP Request: GET https://chroma-copy-copy-production.up.railway.app/api/v2/auth/identity "HTTP/1.1 200 OK"
INFO:chromadb.telemetry.product.posthog:Anonymized telemetry enabled. See                     https://docs.trychroma.com/telemetry for more information.
INFO:httpx:HTTP Request: GET https://chroma-copy-copy-production.up.railway.app/api/v2/tenants/default_tenant "HTTP/1.1 200 OK"
INFO:httpx:HTTP Request: GET https://chroma-copy-copy-production.up.railway.app/api/v2/tenants/default_tenant/databases/default_database "HTTP/1.1 200 OK"
INFO:httpx:HTTP Request: GET https://chroma-copy-copy-production.up.railway.app/api/v2/heartbeat "HTTP/1.1 200 OK"
INFO:httpx:HTTP Request: GET https://chroma-copy-copy-production.up.railway.app/api/v2/tenants/default_tenant/databases/default_database/collections/hockey_tactics "HTTP/1.1 200 OK"
INFO:httpx:HTTP Request: POST https://chroma-copy-copy-production.up.railway.app/api/v2/tenants/default_tenant/databases/default_database/collections/416b96b2-dc4c-4e89-adb6-2497cbc56e92/query "HTTP/1.1 200 OK"
INFO:hockey_mcp:✅ [TOOL COMPLETE] search_hockey_tactics: returned 10 tactics in 0.68s
INFO:mcp.server.lowlevel.server:Processing request of type ListToolsRequest
INFO:mcp.server.lowlevel.server:Processing request of type ListToolsRequest
INFO:mcp.server.lowlevel.server:Processing request of type ListToolsRequest
INFO:mcp.server.lowlevel.server:Processing request of type ListToolsRequest
Connecting to Chroma server at https://chroma-copy-copy-production.up.railway.app:443 with token: True
✅ Connected to remote Chroma server
Connecting to Chroma server at https://chroma-copy-copy-production.up.railway.app:443 with token: True
✅ Connected to remote Chroma server
Connecting to Chroma server at https://chroma-copy-copy-production.up.railway.app:443 with token: True
✅ Connected to remote Chroma server
Connecting to Chroma server at https://chroma-copy-copy-production.up.railway.app:443 with token: True
✅ Connected to remote Chroma server
INFO:     127.0.0.1:50461 - "POST /api/mcp HTTP/1.1" 200 OK
INFO:     127.0.0.1:50462 - "POST /api/mcp HTTP/1.1" 200 OK
INFO:     127.0.0.1:50463 - "POST /api/mcp HTTP/1.1" 200 OK
INFO:     127.0.0.1:50464 - "POST /api/mcp HTTP/1.1" 200 OK
INFO:mcp.server.lowlevel.server:Processing request of type CallToolRequest
INFO:hockey_mcp:🎯 [TOOL CALL] search_hockey_tactics: query='hockey teamwork communication support systems', types=None, positions=None, n_results=10
INFO:chromadb.telemetry.product.posthog:Anonymized telemetry enabled. See                     https://docs.trychroma.com/telemetry for more information.
INFO:httpx:HTTP Request: GET https://chroma-copy-copy-production.up.railway.app/api/v2/auth/identity "HTTP/1.1 200 OK"
INFO:chromadb.telemetry.product.posthog:Anonymized telemetry enabled. See                     https://docs.trychroma.com/telemetry for more information.
INFO:httpx:HTTP Request: GET https://chroma-copy-copy-production.up.railway.app/api/v2/tenants/default_tenant "HTTP/1.1 200 OK"
INFO:httpx:HTTP Request: GET https://chroma-copy-copy-production.up.railway.app/api/v2/tenants/default_tenant/databases/default_database "HTTP/1.1 200 OK"
INFO:httpx:HTTP Request: GET https://chroma-copy-copy-production.up.railway.app/api/v2/heartbeat "HTTP/1.1 200 OK"
INFO:httpx:HTTP Request: GET https://chroma-copy-copy-production.up.railway.app/api/v2/tenants/default_tenant/databases/default_database/collections/hockey_tactics "HTTP/1.1 200 OK"
INFO:httpx:HTTP Request: POST https://chroma-copy-copy-production.up.railway.app/api/v2/tenants/default_tenant/databases/default_database/collections/416b96b2-dc4c-4e89-adb6-2497cbc56e92/query "HTTP/1.1 200 OK"
INFO:hockey_mcp:✅ [TOOL COMPLETE] search_hockey_tactics: returned 10 tactics in 0.69s
INFO:mcp.server.lowlevel.server:Processing request of type ListToolsRequest
INFO:mcp.server.lowlevel.server:Processing request of type CallToolRequest
INFO:hockey_mcp:⚖️ [TOOL CALL] search_hockey_rules: query='hockey rules penalties offsides icing basics', n_results=10
INFO:chromadb.telemetry.product.posthog:Anonymized telemetry enabled. See                     https://docs.trychroma.com/telemetry for more information.
INFO:httpx:HTTP Request: GET https://chroma-copy-copy-production.up.railway.app/api/v2/auth/identity "HTTP/1.1 200 OK"
INFO:chromadb.telemetry.product.posthog:Anonymized telemetry enabled. See                     https://docs.trychroma.com/telemetry for more information.
INFO:httpx:HTTP Request: GET https://chroma-copy-copy-production.up.railway.app/api/v2/tenants/default_tenant "HTTP/1.1 200 OK"
INFO:httpx:HTTP Request: GET https://chroma-copy-copy-production.up.railway.app/api/v2/tenants/default_tenant/databases/default_database "HTTP/1.1 200 OK"
INFO:httpx:HTTP Request: GET https://chroma-copy-copy-production.up.railway.app/api/v2/heartbeat "HTTP/1.1 200 OK"
INFO:httpx:HTTP Request: GET https://chroma-copy-copy-production.up.railway.app/api/v2/tenants/default_tenant/databases/default_database/collections/hockey_rules "HTTP/1.1 200 OK"
INFO:httpx:HTTP Request: POST https://chroma-copy-copy-production.up.railway.app/api/v2/tenants/default_tenant/databases/default_database/collections/41ea6112-cab7-46b8-bf6d-86eabd3ace04/query "HTTP/1.1 200 OK"
INFO:hockey_mcp:✅ [TOOL COMPLETE] search_hockey_rules: returned 10 rules in 0.54s
INFO:mcp.server.lowlevel.server:Processing request of type CallToolRequest
INFO:hockey_mcp:🎯 [TOOL CALL] search_hockey_tactics: query='hockey positions defensive offensive zone coverage', types=None, positions=None, n_results=10
INFO:chromadb.telemetry.product.posthog:Anonymized telemetry enabled. See                     https://docs.trychroma.com/telemetry for more information.
INFO:httpx:HTTP Request: GET https://chroma-copy-copy-production.up.railway.app/api/v2/auth/identity "HTTP/1.1 200 OK"
INFO:chromadb.telemetry.product.posthog:Anonymized telemetry enabled. See                     https://docs.trychroma.com/telemetry for more information.
INFO:httpx:HTTP Request: GET https://chroma-copy-copy-production.up.railway.app/api/v2/tenants/default_tenant "HTTP/1.1 200 OK"
INFO:httpx:HTTP Request: GET https://chroma-copy-copy-production.up.railway.app/api/v2/tenants/default_tenant/databases/default_database "HTTP/1.1 200 OK"
INFO:httpx:HTTP Request: GET https://chroma-copy-copy-production.up.railway.app/api/v2/heartbeat "HTTP/1.1 200 OK"
INFO:httpx:HTTP Request: GET https://chroma-copy-copy-production.up.railway.app/api/v2/tenants/default_tenant/databases/default_database/collections/hockey_tactics "HTTP/1.1 200 OK"
INFO:httpx:HTTP Request: POST https://chroma-copy-copy-production.up.railway.app/api/v2/tenants/default_tenant/databases/default_database/collections/416b96b2-dc4c-4e89-adb6-2497cbc56e92/query "HTTP/1.1 200 OK"
INFO:hockey_mcp:✅ [TOOL COMPLETE] search_hockey_tactics: returned 10 tactics in 0.72s
INFO:mcp.server.lowlevel.server:Processing request of type CallToolRequest
INFO:hockey_mcp:⚡ [TOOL CALL] search_hockey_skills: query='hockey skating passing shooting stickhandling techniques', n_results=10
INFO:chromadb.telemetry.product.posthog:Anonymized telemetry enabled. See                     https://docs.trychroma.com/telemetry for more information.
INFO:httpx:HTTP Request: GET https://chroma-copy-copy-production.up.railway.app/api/v2/auth/identity "HTTP/1.1 200 OK"
INFO:chromadb.telemetry.product.posthog:Anonymized telemetry enabled. See                     https://docs.trychroma.com/telemetry for more information.
INFO:httpx:HTTP Request: GET https://chroma-copy-copy-production.up.railway.app/api/v2/tenants/default_tenant "HTTP/1.1 200 OK"
INFO:httpx:HTTP Request: GET https://chroma-copy-copy-production.up.railway.app/api/v2/tenants/default_tenant/databases/default_database "HTTP/1.1 200 OK"
INFO:httpx:HTTP Request: GET https://chroma-copy-copy-production.up.railway.app/api/v2/heartbeat "HTTP/1.1 200 OK"
INFO:httpx:HTTP Request: GET https://chroma-copy-copy-production.up.railway.app/api/v2/tenants/default_tenant/databases/default_database/collections/hockey_skills "HTTP/1.1 200 OK"
INFO:httpx:HTTP Request: POST https://chroma-copy-copy-production.up.railway.app/api/v2/tenants/default_tenant/databases/default_database/collections/689a1fad-d612-40de-b077-4cddc4b59524/query "HTTP/1.1 200 OK"
INFO:hockey_mcp:✅ [TOOL COMPLETE] search_hockey_skills: returned 10 skills in 0.64s
Connecting to Chroma server at https://chroma-copy-copy-production.up.railway.app:443 with token: True
✅ Connected to remote Chroma server
Connecting to Chroma server at https://chroma-copy-copy-production.up.railway.app:443 with token: True
✅ Connected to remote Chroma server
Connecting to Chroma server at https://chroma-copy-copy-production.up.railway.app:443 with token: True
✅ Connected to remote Chroma server
Connecting to Chroma server at https://chroma-copy-copy-production.up.railway.app:443 with token: True
✅ Connected to remote Chroma server
INFO:     127.0.0.1:50507 - "POST /api/mcp HTTP/1.1" 200 OK
INFO:mcp.server.lowlevel.server:Processing request of type ListToolsRequest
INFO:mcp.server.lowlevel.server:Processing request of type ListToolsRequest
INFO:mcp.server.lowlevel.server:Processing request of type ListToolsRequest
INFO:     127.0.0.1:50509 - "POST /api/mcp HTTP/1.1" 200 OK
INFO:     127.0.0.1:50512 - "POST /api/mcp HTTP/1.1" 200 OK
INFO:     127.0.0.1:50515 - "POST /api/mcp HTTP/1.1" 200 OK
INFO:mcp.server.lowlevel.server:Processing request of type CallToolRequest
INFO:hockey_mcp:⚡ [TOOL CALL] search_hockey_skills: query='hockey skating passing shooting stickhandling techniques', n_results=10
INFO:chromadb.telemetry.product.posthog:Anonymized telemetry enabled. See                     https://docs.trychroma.com/telemetry for more information.
INFO:httpx:HTTP Request: GET https://chroma-copy-copy-production.up.railway.app/api/v2/auth/identity "HTTP/1.1 200 OK"
INFO:chromadb.telemetry.product.posthog:Anonymized telemetry enabled. See                     https://docs.trychroma.com/telemetry for more information.
INFO:httpx:HTTP Request: GET https://chroma-copy-copy-production.up.railway.app/api/v2/tenants/default_tenant "HTTP/1.1 200 OK"
INFO:httpx:HTTP Request: GET https://chroma-copy-copy-production.up.railway.app/api/v2/tenants/default_tenant/databases/default_database "HTTP/1.1 200 OK"
INFO:httpx:HTTP Request: GET https://chroma-copy-copy-production.up.railway.app/api/v2/heartbeat "HTTP/1.1 200 OK"
INFO:httpx:HTTP Request: GET https://chroma-copy-copy-production.up.railway.app/api/v2/tenants/default_tenant/databases/default_database/collections/hockey_skills "HTTP/1.1 200 OK"
INFO:httpx:HTTP Request: POST https://chroma-copy-copy-production.up.railway.app/api/v2/tenants/default_tenant/databases/default_database/collections/689a1fad-d612-40de-b077-4cddc4b59524/query "HTTP/1.1 200 OK"
INFO:hockey_mcp:✅ [TOOL COMPLETE] search_hockey_skills: returned 10 skills in 0.60s
INFO:mcp.server.lowlevel.server:Processing request of type ListToolsRequest
INFO:mcp.server.lowlevel.server:Processing request of type CallToolRequest
INFO:hockey_mcp:🎯 [TOOL CALL] search_hockey_tactics: query='hockey teamwork communication support systems', types=None, positions=None, n_results=10
INFO:chromadb.telemetry.product.posthog:Anonymized telemetry enabled. See                     https://docs.trychroma.com/telemetry for more information.
INFO:httpx:HTTP Request: GET https://chroma-copy-copy-production.up.railway.app/api/v2/auth/identity "HTTP/1.1 200 OK"
INFO:chromadb.telemetry.product.posthog:Anonymized telemetry enabled. See                     https://docs.trychroma.com/telemetry for more information.
INFO:httpx:HTTP Request: GET https://chroma-copy-copy-production.up.railway.app/api/v2/tenants/default_tenant "HTTP/1.1 200 OK"
INFO:httpx:HTTP Request: GET https://chroma-copy-copy-production.up.railway.app/api/v2/tenants/default_tenant/databases/default_database "HTTP/1.1 200 OK"
INFO:httpx:HTTP Request: GET https://chroma-copy-copy-production.up.railway.app/api/v2/heartbeat "HTTP/1.1 200 OK"
INFO:httpx:HTTP Request: GET https://chroma-copy-copy-production.up.railway.app/api/v2/tenants/default_tenant/databases/default_database/collections/hockey_tactics "HTTP/1.1 200 OK"
INFO:httpx:HTTP Request: POST https://chroma-copy-copy-production.up.railway.app/api/v2/tenants/default_tenant/databases/default_database/collections/416b96b2-dc4c-4e89-adb6-2497cbc56e92/query "HTTP/1.1 200 OK"
INFO:hockey_mcp:✅ [TOOL COMPLETE] search_hockey_tactics: returned 10 tactics in 0.60s
INFO:mcp.server.lowlevel.server:Processing request of type CallToolRequest
INFO:hockey_mcp:⚖️ [TOOL CALL] search_hockey_rules: query='hockey rules penalties offsides icing basics', n_results=10
INFO:chromadb.telemetry.product.posthog:Anonymized telemetry enabled. See                     https://docs.trychroma.com/telemetry for more information.
INFO:httpx:HTTP Request: GET https://chroma-copy-copy-production.up.railway.app/api/v2/auth/identity "HTTP/1.1 200 OK"
INFO:chromadb.telemetry.product.posthog:Anonymized telemetry enabled. See                     https://docs.trychroma.com/telemetry for more information.
INFO:httpx:HTTP Request: GET https://chroma-copy-copy-production.up.railway.app/api/v2/tenants/default_tenant "HTTP/1.1 200 OK"
INFO:httpx:HTTP Request: GET https://chroma-copy-copy-production.up.railway.app/api/v2/tenants/default_tenant/databases/default_database "HTTP/1.1 200 OK"
INFO:httpx:HTTP Request: GET https://chroma-copy-copy-production.up.railway.app/api/v2/heartbeat "HTTP/1.1 200 OK"
INFO:httpx:HTTP Request: GET https://chroma-copy-copy-production.up.railway.app/api/v2/tenants/default_tenant/databases/default_database/collections/hockey_rules "HTTP/1.1 200 OK"
INFO:httpx:HTTP Request: POST https://chroma-copy-copy-production.up.railway.app/api/v2/tenants/default_tenant/databases/default_database/collections/41ea6112-cab7-46b8-bf6d-86eabd3ace04/query "HTTP/1.1 200 OK"
INFO:hockey_mcp:✅ [TOOL COMPLETE] search_hockey_rules: returned 10 rules in 0.62s
Connecting to Chroma server at https://chroma-copy-copy-production.up.railway.app:443 with token: True
✅ Connected to remote Chroma server
Connecting to Chroma server at https://chroma-copy-copy-production.up.railway.app:443 with token: True
✅ Connected to remote Chroma server
Connecting to Chroma server at https://chroma-copy-copy-production.up.railway.app:443 with token: True
✅ Connected to remote Chroma server
INFO:     127.0.0.1:50507 - "POST /api/mcp HTTP/1.1" 200 OK
INFO:mcp.server.lowlevel.server:Processing request of type ListToolsRequest
INFO:mcp.server.lowlevel.server:Processing request of type ListToolsRequest
INFO:mcp.server.lowlevel.server:Processing request of type CallToolRequest
INFO:hockey_mcp:🎯 [TOOL CALL] search_hockey_tactics: query='hockey positions defensive offensive zone coverage', types=None, positions=None, n_results=10
INFO:chromadb.telemetry.product.posthog:Anonymized telemetry enabled. See                     https://docs.trychroma.com/telemetry for more information.
INFO:httpx:HTTP Request: GET https://chroma-copy-copy-production.up.railway.app/api/v2/auth/identity "HTTP/1.1 200 OK"
INFO:chromadb.telemetry.product.posthog:Anonymized telemetry enabled. See                     https://docs.trychroma.com/telemetry for more information.
INFO:httpx:HTTP Request: GET https://chroma-copy-copy-production.up.railway.app/api/v2/tenants/default_tenant "HTTP/1.1 200 OK"
INFO:httpx:HTTP Request: GET https://chroma-copy-copy-production.up.railway.app/api/v2/tenants/default_tenant/databases/default_database "HTTP/1.1 200 OK"
INFO:httpx:HTTP Request: GET https://chroma-copy-copy-production.up.railway.app/api/v2/heartbeat "HTTP/1.1 200 OK"
INFO:httpx:HTTP Request: GET https://chroma-copy-copy-production.up.railway.app/api/v2/tenants/default_tenant/databases/default_database/collections/hockey_tactics "HTTP/1.1 200 OK"
INFO:httpx:HTTP Request: POST https://chroma-copy-copy-production.up.railway.app/api/v2/tenants/default_tenant/databases/default_database/collections/416b96b2-dc4c-4e89-adb6-2497cbc56e92/query "HTTP/1.1 200 OK"
INFO:hockey_mcp:✅ [TOOL COMPLETE] search_hockey_tactics: returned 10 tactics in 0.78s
Connecting to Chroma server at https://chroma-copy-copy-production.up.railway.app:443 with token: True
✅ Connected to remote Chroma server
INFO:     127.0.0.1:50509 - "POST /api/mcp HTTP/1.1" 200 OK
INFO:     127.0.0.1:50561 - "POST /api/mcp HTTP/1.1" 200 OK
INFO:mcp.server.lowlevel.server:Processing request of type ListToolsRequest
INFO:     127.0.0.1:50567 - "POST /api/mcp HTTP/1.1" 200 OK
INFO:mcp.server.lowlevel.server:Processing request of type CallToolRequest
INFO:hockey_mcp:🎯 [TOOL CALL] search_hockey_tactics: query='hockey teamwork communication support systems', types=None, positions=None, n_results=10
INFO:chromadb.telemetry.product.posthog:Anonymized telemetry enabled. See                     https://docs.trychroma.com/telemetry for more information.
INFO:httpx:HTTP Request: GET https://chroma-copy-copy-production.up.railway.app/api/v2/auth/identity "HTTP/1.1 200 OK"
INFO:chromadb.telemetry.product.posthog:Anonymized telemetry enabled. See                     https://docs.trychroma.com/telemetry for more information.
INFO:httpx:HTTP Request: GET https://chroma-copy-copy-production.up.railway.app/api/v2/tenants/default_tenant "HTTP/1.1 200 OK"
INFO:httpx:HTTP Request: GET https://chroma-copy-copy-production.up.railway.app/api/v2/tenants/default_tenant/databases/default_database "HTTP/1.1 200 OK"
INFO:httpx:HTTP Request: GET https://chroma-copy-copy-production.up.railway.app/api/v2/heartbeat "HTTP/1.1 200 OK"
INFO:httpx:HTTP Request: GET https://chroma-copy-copy-production.up.railway.app/api/v2/tenants/default_tenant/databases/default_database/collections/hockey_tactics "HTTP/1.1 200 OK"
INFO:httpx:HTTP Request: POST https://chroma-copy-copy-production.up.railway.app/api/v2/tenants/default_tenant/databases/default_database/collections/416b96b2-dc4c-4e89-adb6-2497cbc56e92/query "HTTP/1.1 200 OK"
INFO:hockey_mcp:✅ [TOOL COMPLETE] search_hockey_tactics: returned 10 tactics in 0.74s
INFO:mcp.server.lowlevel.server:Processing request of type ListToolsRequest
INFO:mcp.server.lowlevel.server:Processing request of type CallToolRequest
INFO:hockey_mcp:⚡ [TOOL CALL] search_hockey_skills: query='hockey skating passing shooting stickhandling techniques', n_results=10
INFO:chromadb.telemetry.product.posthog:Anonymized telemetry enabled. See                     https://docs.trychroma.com/telemetry for more information.
INFO:httpx:HTTP Request: GET https://chroma-copy-copy-production.up.railway.app/api/v2/auth/identity "HTTP/1.1 200 OK"
INFO:chromadb.telemetry.product.posthog:Anonymized telemetry enabled. See                     https://docs.trychroma.com/telemetry for more information.
INFO:httpx:HTTP Request: GET https://chroma-copy-copy-production.up.railway.app/api/v2/tenants/default_tenant "HTTP/1.1 200 OK"
INFO:httpx:HTTP Request: GET https://chroma-copy-copy-production.up.railway.app/api/v2/tenants/default_tenant/databases/default_database "HTTP/1.1 200 OK"
INFO:httpx:HTTP Request: GET https://chroma-copy-copy-production.up.railway.app/api/v2/heartbeat "HTTP/1.1 200 OK"
INFO:httpx:HTTP Request: GET https://chroma-copy-copy-production.up.railway.app/api/v2/tenants/default_tenant/databases/default_database/collections/hockey_skills "HTTP/1.1 200 OK"
INFO:httpx:HTTP Request: POST https://chroma-copy-copy-production.up.railway.app/api/v2/tenants/default_tenant/databases/default_database/collections/689a1fad-d612-40de-b077-4cddc4b59524/query "HTTP/1.1 200 OK"
INFO:hockey_mcp:✅ [TOOL COMPLETE] search_hockey_skills: returned 10 skills in 0.58s
Connecting to Chroma server at https://chroma-copy-copy-production.up.railway.app:443 with token: True
✅ Connected to remote Chroma server
Connecting to Chroma server at https://chroma-copy-copy-production.up.railway.app:443 with token: True
✅ Connected to remote Chroma server
INFO:     127.0.0.1:50593 - "POST /api/mcp HTTP/1.1" 200 OK
INFO:mcp.server.lowlevel.server:Processing request of type ListToolsRequest
INFO:mcp.server.lowlevel.server:Processing request of type CallToolRequest
INFO:hockey_mcp:⚖️ [TOOL CALL] search_hockey_rules: query='hockey rules penalties offsides icing basics', n_results=10
INFO:chromadb.telemetry.product.posthog:Anonymized telemetry enabled. See                     https://docs.trychroma.com/telemetry for more information.
INFO:httpx:HTTP Request: GET https://chroma-copy-copy-production.up.railway.app/api/v2/auth/identity "HTTP/1.1 200 OK"
INFO:chromadb.telemetry.product.posthog:Anonymized telemetry enabled. See                     https://docs.trychroma.com/telemetry for more information.
INFO:httpx:HTTP Request: GET https://chroma-copy-copy-production.up.railway.app/api/v2/tenants/default_tenant "HTTP/1.1 200 OK"
INFO:httpx:HTTP Request: GET https://chroma-copy-copy-production.up.railway.app/api/v2/tenants/default_tenant/databases/default_database "HTTP/1.1 200 OK"
INFO:httpx:HTTP Request: GET https://chroma-copy-copy-production.up.railway.app/api/v2/heartbeat "HTTP/1.1 200 OK"
INFO:httpx:HTTP Request: GET https://chroma-copy-copy-production.up.railway.app/api/v2/tenants/default_tenant/databases/default_database/collections/hockey_rules "HTTP/1.1 200 OK"
INFO:httpx:HTTP Request: POST https://chroma-copy-copy-production.up.railway.app/api/v2/tenants/default_tenant/databases/default_database/collections/41ea6112-cab7-46b8-bf6d-86eabd3ace04/query "HTTP/1.1 200 OK"
INFO:hockey_mcp:✅ [TOOL COMPLETE] search_hockey_rules: returned 10 rules in 0.54s
Connecting to Chroma server at https://chroma-copy-copy-production.up.railway.app:443 with token: True
✅ Connected to remote Chroma server
INFO:     127.0.0.1:50597 - "POST /api/mcp HTTP/1.1" 200 OK
INFO:mcp.server.lowlevel.server:Processing request of type ListToolsRequest
INFO:     127.0.0.1:50602 - "POST /api/mcp HTTP/1.1" 200 OK
INFO:mcp.server.lowlevel.server:Processing request of type CallToolRequest
INFO:hockey_mcp:🎯 [TOOL CALL] search_hockey_tactics: query='hockey positions defensive offensive zone coverage', types=None, positions=None, n_results=10
INFO:chromadb.telemetry.product.posthog:Anonymized telemetry enabled. See                     https://docs.trychroma.com/telemetry for more information.
INFO:httpx:HTTP Request: GET https://chroma-copy-copy-production.up.railway.app/api/v2/auth/identity "HTTP/1.1 200 OK"
INFO:chromadb.telemetry.product.posthog:Anonymized telemetry enabled. See                     https://docs.trychroma.com/telemetry for more information.
INFO:httpx:HTTP Request: GET https://chroma-copy-copy-production.up.railway.app/api/v2/tenants/default_tenant "HTTP/1.1 200 OK"
INFO:httpx:HTTP Request: GET https://chroma-copy-copy-production.up.railway.app/api/v2/tenants/default_tenant/databases/default_database "HTTP/1.1 200 OK"
INFO:httpx:HTTP Request: GET https://chroma-copy-copy-production.up.railway.app/api/v2/heartbeat "HTTP/1.1 200 OK"
INFO:httpx:HTTP Request: GET https://chroma-copy-copy-production.up.railway.app/api/v2/tenants/default_tenant/databases/default_database/collections/hockey_tactics "HTTP/1.1 200 OK"
INFO:httpx:HTTP Request: POST https://chroma-copy-copy-production.up.railway.app/api/v2/tenants/default_tenant/databases/default_database/collections/416b96b2-dc4c-4e89-adb6-2497cbc56e92/query "HTTP/1.1 200 OK"
INFO:hockey_mcp:✅ [TOOL COMPLETE] search_hockey_tactics: returned 10 tactics in 0.69s
INFO:mcp.server.lowlevel.server:Processing request of type ListToolsRequest
Connecting to Chroma server at https://chroma-copy-copy-production.up.railway.app:443 with token: True
✅ Connected to remote Chroma server
INFO:     127.0.0.1:50593 - "POST /api/mcp HTTP/1.1" 200 OK
INFO:mcp.server.lowlevel.server:Processing request of type CallToolRequest
INFO:hockey_mcp:🎯 [TOOL CALL] search_hockey_tactics: query='hockey teamwork communication support systems', types=None, positions=None, n_results=10
INFO:chromadb.telemetry.product.posthog:Anonymized telemetry enabled. See                     https://docs.trychroma.com/telemetry for more information.
INFO:httpx:HTTP Request: GET https://chroma-copy-copy-production.up.railway.app/api/v2/auth/identity "HTTP/1.1 200 OK"
INFO:chromadb.telemetry.product.posthog:Anonymized telemetry enabled. See                     https://docs.trychroma.com/telemetry for more information.
INFO:httpx:HTTP Request: GET https://chroma-copy-copy-production.up.railway.app/api/v2/tenants/default_tenant "HTTP/1.1 200 OK"
INFO:httpx:HTTP Request: GET https://chroma-copy-copy-production.up.railway.app/api/v2/tenants/default_tenant/databases/default_database "HTTP/1.1 200 OK"
INFO:httpx:HTTP Request: GET https://chroma-copy-copy-production.up.railway.app/api/v2/heartbeat "HTTP/1.1 200 OK"
INFO:httpx:HTTP Request: GET https://chroma-copy-copy-production.up.railway.app/api/v2/tenants/default_tenant/databases/default_database/collections/hockey_tactics "HTTP/1.1 200 OK"
INFO:httpx:HTTP Request: POST https://chroma-copy-copy-production.up.railway.app/api/v2/tenants/default_tenant/databases/default_database/collections/416b96b2-dc4c-4e89-adb6-2497cbc56e92/query "HTTP/1.1 200 OK"
INFO:hockey_mcp:✅ [TOOL COMPLETE] search_hockey_tactics: returned 10 tactics in 0.66s
INFO:mcp.server.lowlevel.server:Processing request of type ListToolsRequest
Connecting to Chroma server at https://chroma-copy-copy-production.up.railway.app:443 with token: True
✅ Connected to remote Chroma server
INFO:     127.0.0.1:50593 - "POST /api/mcp HTTP/1.1" 200 OK
INFO:mcp.server.lowlevel.server:Processing request of type CallToolRequest
INFO:hockey_mcp:⚡ [TOOL CALL] search_hockey_skills: query='hockey skating passing shooting stickhandling techniques', n_results=10
INFO:chromadb.telemetry.product.posthog:Anonymized telemetry enabled. See                     https://docs.trychroma.com/telemetry for more information.
INFO:httpx:HTTP Request: GET https://chroma-copy-copy-production.up.railway.app/api/v2/auth/identity "HTTP/1.1 200 OK"
INFO:chromadb.telemetry.product.posthog:Anonymized telemetry enabled. See                     https://docs.trychroma.com/telemetry for more information.
INFO:httpx:HTTP Request: GET https://chroma-copy-copy-production.up.railway.app/api/v2/tenants/default_tenant "HTTP/1.1 200 OK"
INFO:httpx:HTTP Request: GET https://chroma-copy-copy-production.up.railway.app/api/v2/tenants/default_tenant/databases/default_database "HTTP/1.1 200 OK"
INFO:httpx:HTTP Request: GET https://chroma-copy-copy-production.up.railway.app/api/v2/heartbeat "HTTP/1.1 200 OK"
INFO:httpx:HTTP Request: GET https://chroma-copy-copy-production.up.railway.app/api/v2/tenants/default_tenant/databases/default_database/collections/hockey_skills "HTTP/1.1 200 OK"
INFO:httpx:HTTP Request: POST https://chroma-copy-copy-production.up.railway.app/api/v2/tenants/default_tenant/databases/default_database/collections/689a1fad-d612-40de-b077-4cddc4b59524/query "HTTP/1.1 200 OK"
INFO:hockey_mcp:✅ [TOOL COMPLETE] search_hockey_skills: returned 10 skills in 0.93s
INFO:mcp.server.lowlevel.server:Processing request of type ListToolsRequest
INFO:mcp.server.lowlevel.server:Processing request of type CallToolRequest
INFO:hockey_mcp:⚖️ [TOOL CALL] search_hockey_rules: query='hockey rules penalties offsides icing basics', n_results=10
INFO:chromadb.telemetry.product.posthog:Anonymized telemetry enabled. See                     https://docs.trychroma.com/telemetry for more information.
INFO:httpx:HTTP Request: GET https://chroma-copy-copy-production.up.railway.app/api/v2/auth/identity "HTTP/1.1 200 OK"
INFO:chromadb.telemetry.product.posthog:Anonymized telemetry enabled. See                     https://docs.trychroma.com/telemetry for more information.
INFO:httpx:HTTP Request: GET https://chroma-copy-copy-production.up.railway.app/api/v2/tenants/default_tenant "HTTP/1.1 200 OK"
INFO:httpx:HTTP Request: GET https://chroma-copy-copy-production.up.railway.app/api/v2/tenants/default_tenant/databases/default_database "HTTP/1.1 200 OK"
INFO:httpx:HTTP Request: GET https://chroma-copy-copy-production.up.railway.app/api/v2/heartbeat "HTTP/1.1 200 OK"
INFO:httpx:HTTP Request: GET https://chroma-copy-copy-production.up.railway.app/api/v2/tenants/default_tenant/databases/default_database/collections/hockey_rules "HTTP/1.1 200 OK"
INFO:httpx:HTTP Request: POST https://chroma-copy-copy-production.up.railway.app/api/v2/tenants/default_tenant/databases/default_database/collections/41ea6112-cab7-46b8-bf6d-86eabd3ace04/query "HTTP/1.1 200 OK"
INFO:hockey_mcp:✅ [TOOL COMPLETE] search_hockey_rules: returned 10 rules in 0.59s
INFO:mcp.server.lowlevel.server:Processing request of type CallToolRequest
INFO:hockey_mcp:🎯 [TOOL CALL] search_hockey_tactics: query='hockey positions defensive offensive zone coverage', types=None, positions=None, n_results=10
INFO:chromadb.telemetry.product.posthog:Anonymized telemetry enabled. See                     https://docs.trychroma.com/telemetry for more information.
INFO:httpx:HTTP Request: GET https://chroma-copy-copy-production.up.railway.app/api/v2/auth/identity "HTTP/1.1 200 OK"
INFO:chromadb.telemetry.product.posthog:Anonymized telemetry enabled. See                     https://docs.trychroma.com/telemetry for more information.
INFO:httpx:HTTP Request: GET https://chroma-copy-copy-production.up.railway.app/api/v2/tenants/default_tenant "HTTP/1.1 200 OK"
INFO:httpx:HTTP Request: GET https://chroma-copy-copy-production.up.railway.app/api/v2/tenants/default_tenant/databases/default_database "HTTP/1.1 200 OK"
INFO:httpx:HTTP Request: GET https://chroma-copy-copy-production.up.railway.app/api/v2/heartbeat "HTTP/1.1 200 OK"
INFO:httpx:HTTP Request: GET https://chroma-copy-copy-production.up.railway.app/api/v2/tenants/default_tenant/databases/default_database/collections/hockey_tactics "HTTP/1.1 200 OK"
INFO:httpx:HTTP Request: POST https://chroma-copy-copy-production.up.railway.app/api/v2/tenants/default_tenant/databases/default_database/collections/416b96b2-dc4c-4e89-adb6-2497cbc56e92/query "HTTP/1.1 200 OK"
INFO:hockey_mcp:✅ [TOOL COMPLETE] search_hockey_tactics: returned 10 tactics in 0.62s
Connecting to Chroma server at https://chroma-copy-copy-production.up.railway.app:443 with token: True
✅ Connected to remote Chroma server
Connecting to Chroma server at https://chroma-copy-copy-production.up.railway.app:443 with token: True
✅ Connected to remote Chroma server
Connecting to Chroma server at https://chroma-copy-copy-production.up.railway.app:443 with token: True
✅ Connected to remote Chroma server
INFO:     127.0.0.1:50593 - "POST /api/mcp HTTP/1.1" 200 OK
INFO:mcp.server.lowlevel.server:Processing request of type ListToolsRequest
INFO:mcp.server.lowlevel.server:Processing request of type ListToolsRequest
INFO:     127.0.0.1:50657 - "POST /api/mcp HTTP/1.1" 200 OK
INFO:     127.0.0.1:50660 - "POST /api/mcp HTTP/1.1" 200 OK
INFO:mcp.server.lowlevel.server:Processing request of type CallToolRequest
INFO:hockey_mcp:⚖️ [TOOL CALL] search_hockey_rules: query='hockey rules penalties offsides icing basics', n_results=10
INFO:chromadb.telemetry.product.posthog:Anonymized telemetry enabled. See                     https://docs.trychroma.com/telemetry for more information.
INFO:httpx:HTTP Request: GET https://chroma-copy-copy-production.up.railway.app/api/v2/auth/identity "HTTP/1.1 200 OK"
INFO:chromadb.telemetry.product.posthog:Anonymized telemetry enabled. See                     https://docs.trychroma.com/telemetry for more information.
INFO:httpx:HTTP Request: GET https://chroma-copy-copy-production.up.railway.app/api/v2/tenants/default_tenant "HTTP/1.1 200 OK"
INFO:httpx:HTTP Request: GET https://chroma-copy-copy-production.up.railway.app/api/v2/tenants/default_tenant/databases/default_database "HTTP/1.1 200 OK"
INFO:httpx:HTTP Request: GET https://chroma-copy-copy-production.up.railway.app/api/v2/heartbeat "HTTP/1.1 200 OK"
INFO:httpx:HTTP Request: GET https://chroma-copy-copy-production.up.railway.app/api/v2/tenants/default_tenant/databases/default_database/collections/hockey_rules "HTTP/1.1 200 OK"
INFO:httpx:HTTP Request: POST https://chroma-copy-copy-production.up.railway.app/api/v2/tenants/default_tenant/databases/default_database/collections/41ea6112-cab7-46b8-bf6d-86eabd3ace04/query "HTTP/1.1 200 OK"
INFO:hockey_mcp:✅ [TOOL COMPLETE] search_hockey_rules: returned 10 rules in 0.65s
INFO:mcp.server.lowlevel.server:Processing request of type CallToolRequest
INFO:hockey_mcp:⚡ [TOOL CALL] search_hockey_skills: query='hockey skating passing shooting stickhandling techniques', n_results=10
INFO:chromadb.telemetry.product.posthog:Anonymized telemetry enabled. See                     https://docs.trychroma.com/telemetry for more information.
INFO:httpx:HTTP Request: GET https://chroma-copy-copy-production.up.railway.app/api/v2/auth/identity "HTTP/1.1 200 OK"
INFO:chromadb.telemetry.product.posthog:Anonymized telemetry enabled. See                     https://docs.trychroma.com/telemetry for more information.
INFO:httpx:HTTP Request: GET https://chroma-copy-copy-production.up.railway.app/api/v2/tenants/default_tenant "HTTP/1.1 200 OK"
INFO:httpx:HTTP Request: GET https://chroma-copy-copy-production.up.railway.app/api/v2/tenants/default_tenant/databases/default_database "HTTP/1.1 200 OK"
INFO:httpx:HTTP Request: GET https://chroma-copy-copy-production.up.railway.app/api/v2/heartbeat "HTTP/1.1 200 OK"
INFO:httpx:HTTP Request: GET https://chroma-copy-copy-production.up.railway.app/api/v2/tenants/default_tenant/databases/default_database/collections/hockey_skills "HTTP/1.1 200 OK"
INFO:httpx:HTTP Request: POST https://chroma-copy-copy-production.up.railway.app/api/v2/tenants/default_tenant/databases/default_database/collections/689a1fad-d612-40de-b077-4cddc4b59524/query "HTTP/1.1 200 OK"
INFO:hockey_mcp:✅ [TOOL COMPLETE] search_hockey_skills: returned 10 skills in 0.98s
INFO:mcp.server.lowlevel.server:Processing request of type CallToolRequest
INFO:hockey_mcp:🎯 [TOOL CALL] search_hockey_tactics: query='hockey positions defensive offensive zone coverage', types=None, positions=None, n_results=10
INFO:chromadb.telemetry.product.posthog:Anonymized telemetry enabled. See                     https://docs.trychroma.com/telemetry for more information.
INFO:httpx:HTTP Request: GET https://chroma-copy-copy-production.up.railway.app/api/v2/auth/identity "HTTP/1.1 200 OK"
INFO:chromadb.telemetry.product.posthog:Anonymized telemetry enabled. See                     https://docs.trychroma.com/telemetry for more information.
INFO:httpx:HTTP Request: GET https://chroma-copy-copy-production.up.railway.app/api/v2/tenants/default_tenant "HTTP/1.1 200 OK"
INFO:httpx:HTTP Request: GET https://chroma-copy-copy-production.up.railway.app/api/v2/tenants/default_tenant/databases/default_database "HTTP/1.1 200 OK"
INFO:httpx:HTTP Request: GET https://chroma-copy-copy-production.up.railway.app/api/v2/heartbeat "HTTP/1.1 200 OK"
INFO:httpx:HTTP Request: GET https://chroma-copy-copy-production.up.railway.app/api/v2/tenants/default_tenant/databases/default_database/collections/hockey_tactics "HTTP/1.1 200 OK"
INFO:httpx:HTTP Request: POST https://chroma-copy-copy-production.up.railway.app/api/v2/tenants/default_tenant/databases/default_database/collections/416b96b2-dc4c-4e89-adb6-2497cbc56e92/query "HTTP/1.1 200 OK"
INFO:hockey_mcp:✅ [TOOL COMPLETE] search_hockey_tactics: returned 10 tactics in 0.66s
INFO:mcp.server.lowlevel.server:Processing request of type CallToolRequest
INFO:hockey_mcp:🎯 [TOOL CALL] search_hockey_tactics: query='hockey teamwork communication support systems', types=None, positions=None, n_results=10
INFO:chromadb.telemetry.product.posthog:Anonymized telemetry enabled. See                     https://docs.trychroma.com/telemetry for more information.
INFO:httpx:HTTP Request: GET https://chroma-copy-copy-production.up.railway.app/api/v2/auth/identity "HTTP/1.1 200 OK"
INFO:chromadb.telemetry.product.posthog:Anonymized telemetry enabled. See                     https://docs.trychroma.com/telemetry for more information.
INFO:httpx:HTTP Request: GET https://chroma-copy-copy-production.up.railway.app/api/v2/tenants/default_tenant "HTTP/1.1 200 OK"
INFO:httpx:HTTP Request: GET https://chroma-copy-copy-production.up.railway.app/api/v2/tenants/default_tenant/databases/default_database "HTTP/1.1 200 OK"
INFO:httpx:HTTP Request: GET https://chroma-copy-copy-production.up.railway.app/api/v2/heartbeat "HTTP/1.1 200 OK"
INFO:httpx:HTTP Request: GET https://chroma-copy-copy-production.up.railway.app/api/v2/tenants/default_tenant/databases/default_database/collections/hockey_tactics "HTTP/1.1 200 OK"
INFO:httpx:HTTP Request: POST https://chroma-copy-copy-production.up.railway.app/api/v2/tenants/default_tenant/databases/default_database/collections/416b96b2-dc4c-4e89-adb6-2497cbc56e92/query "HTTP/1.1 200 OK"
INFO:hockey_mcp:✅ [TOOL COMPLETE] search_hockey_tactics: returned 10 tactics in 0.66s
INFO:mcp.server.lowlevel.server:Processing request of type ListToolsRequest
INFO:mcp.server.lowlevel.server:Processing request of type ListToolsRequest
INFO:mcp.server.lowlevel.server:Processing request of type ListToolsRequest
INFO:mcp.server.lowlevel.server:Processing request of type ListToolsRequest
Connecting to Chroma server at https://chroma-copy-copy-production.up.railway.app:443 with token: True
✅ Connected to remote Chroma server
Connecting to Chroma server at https://chroma-copy-copy-production.up.railway.app:443 with token: True
✅ Connected to remote Chroma server
Connecting to Chroma server at https://chroma-copy-copy-production.up.railway.app:443 with token: True
✅ Connected to remote Chroma server
Connecting to Chroma server at https://chroma-copy-copy-production.up.railway.app:443 with token: True
✅ Connected to remote Chroma server
INFO:     127.0.0.1:51031 - "POST /api/mcp HTTP/1.1" 200 OK
INFO:     127.0.0.1:51032 - "POST /api/mcp HTTP/1.1" 200 OK
INFO:     127.0.0.1:51033 - "POST /api/mcp HTTP/1.1" 200 OK
INFO:     127.0.0.1:51034 - "POST /api/mcp HTTP/1.1" 200 OK
INFO:mcp.server.lowlevel.server:Processing request of type CallToolRequest
INFO:hockey_mcp:🎯 [TOOL CALL] search_hockey_tactics: query='hockey positions defensive offensive zone coverage', types=None, positions=None, n_results=10
INFO:chromadb.telemetry.product.posthog:Anonymized telemetry enabled. See                     https://docs.trychroma.com/telemetry for more information.
INFO:httpx:HTTP Request: GET https://chroma-copy-copy-production.up.railway.app/api/v2/auth/identity "HTTP/1.1 200 OK"
INFO:chromadb.telemetry.product.posthog:Anonymized telemetry enabled. See                     https://docs.trychroma.com/telemetry for more information.
INFO:httpx:HTTP Request: GET https://chroma-copy-copy-production.up.railway.app/api/v2/tenants/default_tenant "HTTP/1.1 200 OK"
INFO:httpx:HTTP Request: GET https://chroma-copy-copy-production.up.railway.app/api/v2/tenants/default_tenant/databases/default_database "HTTP/1.1 200 OK"
INFO:httpx:HTTP Request: GET https://chroma-copy-copy-production.up.railway.app/api/v2/heartbeat "HTTP/1.1 200 OK"
INFO:httpx:HTTP Request: GET https://chroma-copy-copy-production.up.railway.app/api/v2/tenants/default_tenant/databases/default_database/collections/hockey_tactics "HTTP/1.1 200 OK"
INFO:httpx:HTTP Request: POST https://chroma-copy-copy-production.up.railway.app/api/v2/tenants/default_tenant/databases/default_database/collections/416b96b2-dc4c-4e89-adb6-2497cbc56e92/query "HTTP/1.1 200 OK"
INFO:hockey_mcp:✅ [TOOL COMPLETE] search_hockey_tactics: returned 10 tactics in 0.69s
INFO:mcp.server.lowlevel.server:Processing request of type ListToolsRequest
INFO:mcp.server.lowlevel.server:Processing request of type CallToolRequest
INFO:hockey_mcp:⚡ [TOOL CALL] search_hockey_skills: query='hockey skating passing shooting stickhandling techniques', n_results=10
INFO:chromadb.telemetry.product.posthog:Anonymized telemetry enabled. See                     https://docs.trychroma.com/telemetry for more information.
INFO:httpx:HTTP Request: GET https://chroma-copy-copy-production.up.railway.app/api/v2/auth/identity "HTTP/1.1 200 OK"
INFO:chromadb.telemetry.product.posthog:Anonymized telemetry enabled. See                     https://docs.trychroma.com/telemetry for more information.
INFO:httpx:HTTP Request: GET https://chroma-copy-copy-production.up.railway.app/api/v2/tenants/default_tenant "HTTP/1.1 200 OK"
INFO:httpx:HTTP Request: GET https://chroma-copy-copy-production.up.railway.app/api/v2/tenants/default_tenant/databases/default_database "HTTP/1.1 200 OK"
INFO:httpx:HTTP Request: GET https://chroma-copy-copy-production.up.railway.app/api/v2/heartbeat "HTTP/1.1 200 OK"
INFO:httpx:HTTP Request: GET https://chroma-copy-copy-production.up.railway.app/api/v2/tenants/default_tenant/databases/default_database/collections/hockey_skills "HTTP/1.1 200 OK"
INFO:httpx:HTTP Request: POST https://chroma-copy-copy-production.up.railway.app/api/v2/tenants/default_tenant/databases/default_database/collections/689a1fad-d612-40de-b077-4cddc4b59524/query "HTTP/1.1 200 OK"
INFO:hockey_mcp:✅ [TOOL COMPLETE] search_hockey_skills: returned 10 skills in 0.59s
Connecting to Chroma server at https://chroma-copy-copy-production.up.railway.app:443 with token: True
✅ Connected to remote Chroma server
Connecting to Chroma server at https://chroma-copy-copy-production.up.railway.app:443 with token: True
✅ Connected to remote Chroma server
INFO:     127.0.0.1:51072 - "POST /api/mcp HTTP/1.1" 200 OK
INFO:mcp.server.lowlevel.server:Processing request of type ListToolsRequest
INFO:mcp.server.lowlevel.server:Processing request of type CallToolRequest
INFO:hockey_mcp:🎯 [TOOL CALL] search_hockey_tactics: query='hockey teamwork communication support systems', types=None, positions=None, n_results=10
INFO:chromadb.telemetry.product.posthog:Anonymized telemetry enabled. See                     https://docs.trychroma.com/telemetry for more information.
INFO:httpx:HTTP Request: GET https://chroma-copy-copy-production.up.railway.app/api/v2/auth/identity "HTTP/1.1 200 OK"
INFO:chromadb.telemetry.product.posthog:Anonymized telemetry enabled. See                     https://docs.trychroma.com/telemetry for more information.
INFO:httpx:HTTP Request: GET https://chroma-copy-copy-production.up.railway.app/api/v2/tenants/default_tenant "HTTP/1.1 200 OK"
INFO:httpx:HTTP Request: GET https://chroma-copy-copy-production.up.railway.app/api/v2/tenants/default_tenant/databases/default_database "HTTP/1.1 200 OK"
INFO:httpx:HTTP Request: GET https://chroma-copy-copy-production.up.railway.app/api/v2/heartbeat "HTTP/1.1 200 OK"
INFO:httpx:HTTP Request: GET https://chroma-copy-copy-production.up.railway.app/api/v2/tenants/default_tenant/databases/default_database/collections/hockey_tactics "HTTP/1.1 200 OK"
INFO:httpx:HTTP Request: POST https://chroma-copy-copy-production.up.railway.app/api/v2/tenants/default_tenant/databases/default_database/collections/416b96b2-dc4c-4e89-adb6-2497cbc56e92/query "HTTP/1.1 200 OK"
INFO:hockey_mcp:✅ [TOOL COMPLETE] search_hockey_tactics: returned 10 tactics in 0.66s
Connecting to Chroma server at https://chroma-copy-copy-production.up.railway.app:443 with token: True
✅ Connected to remote Chroma server
INFO:     127.0.0.1:51077 - "POST /api/mcp HTTP/1.1" 200 OK
INFO:mcp.server.lowlevel.server:Processing request of type ListToolsRequest
INFO:     127.0.0.1:51084 - "POST /api/mcp HTTP/1.1" 200 OK
INFO:mcp.server.lowlevel.server:Processing request of type CallToolRequest
INFO:hockey_mcp:⚖️ [TOOL CALL] search_hockey_rules: query='hockey rules penalties offsides icing basics', n_results=10
INFO:chromadb.telemetry.product.posthog:Anonymized telemetry enabled. See                     https://docs.trychroma.com/telemetry for more information.
INFO:httpx:HTTP Request: GET https://chroma-copy-copy-production.up.railway.app/api/v2/auth/identity "HTTP/1.1 200 OK"
INFO:chromadb.telemetry.product.posthog:Anonymized telemetry enabled. See                     https://docs.trychroma.com/telemetry for more information.
INFO:httpx:HTTP Request: GET https://chroma-copy-copy-production.up.railway.app/api/v2/tenants/default_tenant "HTTP/1.1 200 OK"
INFO:httpx:HTTP Request: GET https://chroma-copy-copy-production.up.railway.app/api/v2/tenants/default_tenant/databases/default_database "HTTP/1.1 200 OK"
INFO:httpx:HTTP Request: GET https://chroma-copy-copy-production.up.railway.app/api/v2/heartbeat "HTTP/1.1 200 OK"
INFO:httpx:HTTP Request: GET https://chroma-copy-copy-production.up.railway.app/api/v2/tenants/default_tenant/databases/default_database/collections/hockey_rules "HTTP/1.1 200 OK"
INFO:httpx:HTTP Request: POST https://chroma-copy-copy-production.up.railway.app/api/v2/tenants/default_tenant/databases/default_database/collections/41ea6112-cab7-46b8-bf6d-86eabd3ace04/query "HTTP/1.1 200 OK"
INFO:hockey_mcp:✅ [TOOL COMPLETE] search_hockey_rules: returned 10 rules in 0.67s
INFO:mcp.server.lowlevel.server:Processing request of type ListToolsRequest
Connecting to Chroma server at https://chroma-copy-copy-production.up.railway.app:443 with token: True
✅ Connected to remote Chroma server
INFO:     127.0.0.1:51072 - "POST /api/mcp HTTP/1.1" 200 OK
INFO:mcp.server.lowlevel.server:Processing request of type CallToolRequest
INFO:hockey_mcp:⚡ [TOOL CALL] search_hockey_skills: query='hockey skating passing shooting stickhandling techniques', n_results=10
INFO:chromadb.telemetry.product.posthog:Anonymized telemetry enabled. See                     https://docs.trychroma.com/telemetry for more information.
INFO:httpx:HTTP Request: GET https://chroma-copy-copy-production.up.railway.app/api/v2/auth/identity "HTTP/1.1 200 OK"
INFO:chromadb.telemetry.product.posthog:Anonymized telemetry enabled. See                     https://docs.trychroma.com/telemetry for more information.
INFO:httpx:HTTP Request: GET https://chroma-copy-copy-production.up.railway.app/api/v2/tenants/default_tenant "HTTP/1.1 200 OK"
INFO:httpx:HTTP Request: GET https://chroma-copy-copy-production.up.railway.app/api/v2/tenants/default_tenant/databases/default_database "HTTP/1.1 200 OK"
INFO:httpx:HTTP Request: GET https://chroma-copy-copy-production.up.railway.app/api/v2/heartbeat "HTTP/1.1 200 OK"
INFO:httpx:HTTP Request: GET https://chroma-copy-copy-production.up.railway.app/api/v2/tenants/default_tenant/databases/default_database/collections/hockey_skills "HTTP/1.1 200 OK"
INFO:httpx:HTTP Request: POST https://chroma-copy-copy-production.up.railway.app/api/v2/tenants/default_tenant/databases/default_database/collections/689a1fad-d612-40de-b077-4cddc4b59524/query "HTTP/1.1 200 OK"
INFO:hockey_mcp:✅ [TOOL COMPLETE] search_hockey_skills: returned 10 skills in 0.74s
INFO:mcp.server.lowlevel.server:Processing request of type ListToolsRequest
INFO:mcp.server.lowlevel.server:Processing request of type CallToolRequest
INFO:hockey_mcp:🎯 [TOOL CALL] search_hockey_tactics: query='hockey teamwork communication support systems', types=None, positions=None, n_results=10
INFO:chromadb.telemetry.product.posthog:Anonymized telemetry enabled. See                     https://docs.trychroma.com/telemetry for more information.
INFO:httpx:HTTP Request: GET https://chroma-copy-copy-production.up.railway.app/api/v2/auth/identity "HTTP/1.1 200 OK"
INFO:chromadb.telemetry.product.posthog:Anonymized telemetry enabled. See                     https://docs.trychroma.com/telemetry for more information.
INFO:httpx:HTTP Request: GET https://chroma-copy-copy-production.up.railway.app/api/v2/tenants/default_tenant "HTTP/1.1 200 OK"
INFO:httpx:HTTP Request: GET https://chroma-copy-copy-production.up.railway.app/api/v2/tenants/default_tenant/databases/default_database "HTTP/1.1 200 OK"
INFO:httpx:HTTP Request: GET https://chroma-copy-copy-production.up.railway.app/api/v2/heartbeat "HTTP/1.1 200 OK"
INFO:httpx:HTTP Request: GET https://chroma-copy-copy-production.up.railway.app/api/v2/tenants/default_tenant/databases/default_database/collections/hockey_tactics "HTTP/1.1 200 OK"
INFO:httpx:HTTP Request: POST https://chroma-copy-copy-production.up.railway.app/api/v2/tenants/default_tenant/databases/default_database/collections/416b96b2-dc4c-4e89-adb6-2497cbc56e92/query "HTTP/1.1 200 OK"
INFO:hockey_mcp:✅ [TOOL COMPLETE] search_hockey_tactics: returned 10 tactics in 0.68s
Connecting to Chroma server at https://chroma-copy-copy-production.up.railway.app:443 with token: True
✅ Connected to remote Chroma server
Connecting to Chroma server at https://chroma-copy-copy-production.up.railway.app:443 with token: True
✅ Connected to remote Chroma server
INFO:     127.0.0.1:51072 - "POST /api/mcp HTTP/1.1" 200 OK
INFO:mcp.server.lowlevel.server:Processing request of type ListToolsRequest
INFO:     127.0.0.1:51092 - "POST /api/mcp HTTP/1.1" 200 OK
INFO:mcp.server.lowlevel.server:Processing request of type CallToolRequest
INFO:hockey_mcp:🎯 [TOOL CALL] search_hockey_tactics: query='hockey positions defensive offensive zone coverage', types=None, positions=None, n_results=10
INFO:chromadb.telemetry.product.posthog:Anonymized telemetry enabled. See                     https://docs.trychroma.com/telemetry for more information.
INFO:httpx:HTTP Request: GET https://chroma-copy-copy-production.up.railway.app/api/v2/auth/identity "HTTP/1.1 200 OK"
INFO:chromadb.telemetry.product.posthog:Anonymized telemetry enabled. See                     https://docs.trychroma.com/telemetry for more information.
INFO:httpx:HTTP Request: GET https://chroma-copy-copy-production.up.railway.app/api/v2/tenants/default_tenant "HTTP/1.1 200 OK"
INFO:httpx:HTTP Request: GET https://chroma-copy-copy-production.up.railway.app/api/v2/tenants/default_tenant/databases/default_database "HTTP/1.1 200 OK"
INFO:httpx:HTTP Request: GET https://chroma-copy-copy-production.up.railway.app/api/v2/heartbeat "HTTP/1.1 200 OK"
INFO:httpx:HTTP Request: GET https://chroma-copy-copy-production.up.railway.app/api/v2/tenants/default_tenant/databases/default_database/collections/hockey_tactics "HTTP/1.1 200 OK"
INFO:httpx:HTTP Request: POST https://chroma-copy-copy-production.up.railway.app/api/v2/tenants/default_tenant/databases/default_database/collections/416b96b2-dc4c-4e89-adb6-2497cbc56e92/query "HTTP/1.1 200 OK"
INFO:hockey_mcp:✅ [TOOL COMPLETE] search_hockey_tactics: returned 10 tactics in 0.61s
INFO:mcp.server.lowlevel.server:Processing request of type ListToolsRequest
Connecting to Chroma server at https://chroma-copy-copy-production.up.railway.app:443 with token: True
✅ Connected to remote Chroma server
INFO:     127.0.0.1:51072 - "POST /api/mcp HTTP/1.1" 200 OK
INFO:mcp.server.lowlevel.server:Processing request of type CallToolRequest
INFO:hockey_mcp:⚖️ [TOOL CALL] search_hockey_rules: query='hockey rules penalties offsides icing basics', n_results=10
INFO:chromadb.telemetry.product.posthog:Anonymized telemetry enabled. See                     https://docs.trychroma.com/telemetry for more information.
INFO:httpx:HTTP Request: GET https://chroma-copy-copy-production.up.railway.app/api/v2/auth/identity "HTTP/1.1 200 OK"
INFO:chromadb.telemetry.product.posthog:Anonymized telemetry enabled. See                     https://docs.trychroma.com/telemetry for more information.
INFO:httpx:HTTP Request: GET https://chroma-copy-copy-production.up.railway.app/api/v2/tenants/default_tenant "HTTP/1.1 200 OK"
INFO:httpx:HTTP Request: GET https://chroma-copy-copy-production.up.railway.app/api/v2/tenants/default_tenant/databases/default_database "HTTP/1.1 200 OK"
INFO:httpx:HTTP Request: GET https://chroma-copy-copy-production.up.railway.app/api/v2/heartbeat "HTTP/1.1 200 OK"
INFO:httpx:HTTP Request: GET https://chroma-copy-copy-production.up.railway.app/api/v2/tenants/default_tenant/databases/default_database/collections/hockey_rules "HTTP/1.1 200 OK"
INFO:httpx:HTTP Request: POST https://chroma-copy-copy-production.up.railway.app/api/v2/tenants/default_tenant/databases/default_database/collections/41ea6112-cab7-46b8-bf6d-86eabd3ace04/query "HTTP/1.1 200 OK"
INFO:hockey_mcp:✅ [TOOL COMPLETE] search_hockey_rules: returned 10 rules in 0.62s
INFO:mcp.server.lowlevel.server:Processing request of type ListToolsRequest
Connecting to Chroma server at https://chroma-copy-copy-production.up.railway.app:443 with token: True
✅ Connected to remote Chroma server
INFO:     127.0.0.1:51072 - "POST /api/mcp HTTP/1.1" 200 OK
INFO:mcp.server.lowlevel.server:Processing request of type CallToolRequest
INFO:hockey_mcp:⚡ [TOOL CALL] search_hockey_skills: query='hockey skating passing shooting stickhandling techniques', n_results=10
INFO:chromadb.telemetry.product.posthog:Anonymized telemetry enabled. See                     https://docs.trychroma.com/telemetry for more information.
INFO:httpx:HTTP Request: GET https://chroma-copy-copy-production.up.railway.app/api/v2/auth/identity "HTTP/1.1 200 OK"
INFO:chromadb.telemetry.product.posthog:Anonymized telemetry enabled. See                     https://docs.trychroma.com/telemetry for more information.
INFO:httpx:HTTP Request: GET https://chroma-copy-copy-production.up.railway.app/api/v2/tenants/default_tenant "HTTP/1.1 200 OK"
INFO:httpx:HTTP Request: GET https://chroma-copy-copy-production.up.railway.app/api/v2/tenants/default_tenant/databases/default_database "HTTP/1.1 200 OK"
INFO:httpx:HTTP Request: GET https://chroma-copy-copy-production.up.railway.app/api/v2/heartbeat "HTTP/1.1 200 OK"
INFO:httpx:HTTP Request: GET https://chroma-copy-copy-production.up.railway.app/api/v2/tenants/default_tenant/databases/default_database/collections/hockey_skills "HTTP/1.1 200 OK"
INFO:httpx:HTTP Request: POST https://chroma-copy-copy-production.up.railway.app/api/v2/tenants/default_tenant/databases/default_database/collections/689a1fad-d612-40de-b077-4cddc4b59524/query "HTTP/1.1 200 OK"
INFO:hockey_mcp:✅ [TOOL COMPLETE] search_hockey_skills: returned 10 skills in 0.61s
INFO:mcp.server.lowlevel.server:Processing request of type ListToolsRequest
Connecting to Chroma server at https://chroma-copy-copy-production.up.railway.app:443 with token: True
✅ Connected to remote Chroma server
INFO:     127.0.0.1:51072 - "POST /api/mcp HTTP/1.1" 200 OK
INFO:mcp.server.lowlevel.server:Processing request of type CallToolRequest
INFO:hockey_mcp:🎯 [TOOL CALL] search_hockey_tactics: query='hockey teamwork communication support systems', types=None, positions=None, n_results=10
INFO:chromadb.telemetry.product.posthog:Anonymized telemetry enabled. See                     https://docs.trychroma.com/telemetry for more information.
INFO:httpx:HTTP Request: GET https://chroma-copy-copy-production.up.railway.app/api/v2/auth/identity "HTTP/1.1 200 OK"
INFO:chromadb.telemetry.product.posthog:Anonymized telemetry enabled. See                     https://docs.trychroma.com/telemetry for more information.
INFO:httpx:HTTP Request: GET https://chroma-copy-copy-production.up.railway.app/api/v2/tenants/default_tenant "HTTP/1.1 200 OK"
INFO:httpx:HTTP Request: GET https://chroma-copy-copy-production.up.railway.app/api/v2/tenants/default_tenant/databases/default_database "HTTP/1.1 200 OK"
INFO:httpx:HTTP Request: GET https://chroma-copy-copy-production.up.railway.app/api/v2/heartbeat "HTTP/1.1 200 OK"
INFO:httpx:HTTP Request: GET https://chroma-copy-copy-production.up.railway.app/api/v2/tenants/default_tenant/databases/default_database/collections/hockey_tactics "HTTP/1.1 200 OK"
INFO:httpx:HTTP Request: POST https://chroma-copy-copy-production.up.railway.app/api/v2/tenants/default_tenant/databases/default_database/collections/416b96b2-dc4c-4e89-adb6-2497cbc56e92/query "HTTP/1.1 200 OK"
INFO:hockey_mcp:✅ [TOOL COMPLETE] search_hockey_tactics: returned 10 tactics in 0.69s
INFO:mcp.server.lowlevel.server:Processing request of type ListToolsRequest
Connecting to Chroma server at https://chroma-copy-copy-production.up.railway.app:443 with token: True
✅ Connected to remote Chroma server
INFO:     127.0.0.1:51072 - "POST /api/mcp HTTP/1.1" 200 OK
INFO:mcp.server.lowlevel.server:Processing request of type CallToolRequest
INFO:hockey_mcp:⚖️ [TOOL CALL] search_hockey_rules: query='hockey rules penalties offsides icing basics', n_results=10
INFO:chromadb.telemetry.product.posthog:Anonymized telemetry enabled. See                     https://docs.trychroma.com/telemetry for more information.
INFO:httpx:HTTP Request: GET https://chroma-copy-copy-production.up.railway.app/api/v2/auth/identity "HTTP/1.1 200 OK"
INFO:chromadb.telemetry.product.posthog:Anonymized telemetry enabled. See                     https://docs.trychroma.com/telemetry for more information.
INFO:httpx:HTTP Request: GET https://chroma-copy-copy-production.up.railway.app/api/v2/tenants/default_tenant "HTTP/1.1 200 OK"
INFO:httpx:HTTP Request: GET https://chroma-copy-copy-production.up.railway.app/api/v2/tenants/default_tenant/databases/default_database "HTTP/1.1 200 OK"
INFO:httpx:HTTP Request: GET https://chroma-copy-copy-production.up.railway.app/api/v2/heartbeat "HTTP/1.1 200 OK"
INFO:httpx:HTTP Request: GET https://chroma-copy-copy-production.up.railway.app/api/v2/tenants/default_tenant/databases/default_database/collections/hockey_rules "HTTP/1.1 200 OK"
INFO:httpx:HTTP Request: POST https://chroma-copy-copy-production.up.railway.app/api/v2/tenants/default_tenant/databases/default_database/collections/41ea6112-cab7-46b8-bf6d-86eabd3ace04/query "HTTP/1.1 200 OK"
INFO:hockey_mcp:✅ [TOOL COMPLETE] search_hockey_rules: returned 10 rules in 0.61s
INFO:mcp.server.lowlevel.server:Processing request of type ListToolsRequest
INFO:mcp.server.lowlevel.server:Processing request of type CallToolRequest
INFO:hockey_mcp:🎯 [TOOL CALL] search_hockey_tactics: query='hockey positions defensive offensive zone coverage', types=None, positions=None, n_results=10
INFO:chromadb.telemetry.product.posthog:Anonymized telemetry enabled. See                     https://docs.trychroma.com/telemetry for more information.
INFO:httpx:HTTP Request: GET https://chroma-copy-copy-production.up.railway.app/api/v2/auth/identity "HTTP/1.1 200 OK"
INFO:chromadb.telemetry.product.posthog:Anonymized telemetry enabled. See                     https://docs.trychroma.com/telemetry for more information.
INFO:httpx:HTTP Request: GET https://chroma-copy-copy-production.up.railway.app/api/v2/tenants/default_tenant "HTTP/1.1 200 OK"
INFO:httpx:HTTP Request: GET https://chroma-copy-copy-production.up.railway.app/api/v2/tenants/default_tenant/databases/default_database "HTTP/1.1 200 OK"
INFO:httpx:HTTP Request: GET https://chroma-copy-copy-production.up.railway.app/api/v2/heartbeat "HTTP/1.1 200 OK"
INFO:httpx:HTTP Request: GET https://chroma-copy-copy-production.up.railway.app/api/v2/tenants/default_tenant/databases/default_database/collections/hockey_tactics "HTTP/1.1 200 OK"
INFO:httpx:HTTP Request: POST https://chroma-copy-copy-production.up.railway.app/api/v2/tenants/default_tenant/databases/default_database/collections/416b96b2-dc4c-4e89-adb6-2497cbc56e92/query "HTTP/1.1 200 OK"
INFO:hockey_mcp:✅ [TOOL COMPLETE] search_hockey_tactics: returned 10 tactics in 0.73s
Connecting to Chroma server at https://chroma-copy-copy-production.up.railway.app:443 with token: True
✅ Connected to remote Chroma server
Connecting to Chroma server at https://chroma-copy-copy-production.up.railway.app:443 with token: True
✅ Connected to remote Chroma server
INFO:     127.0.0.1:51072 - "POST /api/mcp HTTP/1.1" 200 OK
INFO:mcp.server.lowlevel.server:Processing request of type ListToolsRequest
INFO:     127.0.0.1:51107 - "POST /api/mcp HTTP/1.1" 200 OK
INFO:mcp.server.lowlevel.server:Processing request of type CallToolRequest
INFO:hockey_mcp:⚡ [TOOL CALL] search_hockey_skills: query='hockey skating passing shooting stickhandling techniques', n_results=10
INFO:chromadb.telemetry.product.posthog:Anonymized telemetry enabled. See                     https://docs.trychroma.com/telemetry for more information.
INFO:httpx:HTTP Request: GET https://chroma-copy-copy-production.up.railway.app/api/v2/auth/identity "HTTP/1.1 200 OK"
INFO:chromadb.telemetry.product.posthog:Anonymized telemetry enabled. See                     https://docs.trychroma.com/telemetry for more information.
INFO:httpx:HTTP Request: GET https://chroma-copy-copy-production.up.railway.app/api/v2/tenants/default_tenant "HTTP/1.1 200 OK"
INFO:httpx:HTTP Request: GET https://chroma-copy-copy-production.up.railway.app/api/v2/tenants/default_tenant/databases/default_database "HTTP/1.1 200 OK"
INFO:httpx:HTTP Request: GET https://chroma-copy-copy-production.up.railway.app/api/v2/heartbeat "HTTP/1.1 200 OK"
INFO:httpx:HTTP Request: GET https://chroma-copy-copy-production.up.railway.app/api/v2/tenants/default_tenant/databases/default_database/collections/hockey_skills "HTTP/1.1 200 OK"
INFO:httpx:HTTP Request: POST https://chroma-copy-copy-production.up.railway.app/api/v2/tenants/default_tenant/databases/default_database/collections/689a1fad-d612-40de-b077-4cddc4b59524/query "HTTP/1.1 200 OK"
INFO:hockey_mcp:✅ [TOOL COMPLETE] search_hockey_skills: returned 10 skills in 0.62s
INFO:mcp.server.lowlevel.server:Processing request of type ListToolsRequest
Connecting to Chroma server at https://chroma-copy-copy-production.up.railway.app:443 with token: True
✅ Connected to remote Chroma server
INFO:     127.0.0.1:51072 - "POST /api/mcp HTTP/1.1" 200 OK
INFO:mcp.server.lowlevel.server:Processing request of type CallToolRequest
INFO:hockey_mcp:⚖️ [TOOL CALL] search_hockey_rules: query='hockey rules penalties offsides icing basics', n_results=10
INFO:chromadb.telemetry.product.posthog:Anonymized telemetry enabled. See                     https://docs.trychroma.com/telemetry for more information.
INFO:httpx:HTTP Request: GET https://chroma-copy-copy-production.up.railway.app/api/v2/auth/identity "HTTP/1.1 200 OK"
INFO:chromadb.telemetry.product.posthog:Anonymized telemetry enabled. See                     https://docs.trychroma.com/telemetry for more information.
INFO:httpx:HTTP Request: GET https://chroma-copy-copy-production.up.railway.app/api/v2/tenants/default_tenant "HTTP/1.1 200 OK"
INFO:httpx:HTTP Request: GET https://chroma-copy-copy-production.up.railway.app/api/v2/tenants/default_tenant/databases/default_database "HTTP/1.1 200 OK"
INFO:httpx:HTTP Request: GET https://chroma-copy-copy-production.up.railway.app/api/v2/heartbeat "HTTP/1.1 200 OK"
INFO:httpx:HTTP Request: GET https://chroma-copy-copy-production.up.railway.app/api/v2/tenants/default_tenant/databases/default_database/collections/hockey_rules "HTTP/1.1 200 OK"
INFO:httpx:HTTP Request: POST https://chroma-copy-copy-production.up.railway.app/api/v2/tenants/default_tenant/databases/default_database/collections/41ea6112-cab7-46b8-bf6d-86eabd3ace04/query "HTTP/1.1 200 OK"
INFO:hockey_mcp:✅ [TOOL COMPLETE] search_hockey_rules: returned 10 rules in 0.57s
INFO:mcp.server.lowlevel.server:Processing request of type ListToolsRequest
INFO:mcp.server.lowlevel.server:Processing request of type CallToolRequest
INFO:hockey_mcp:🎯 [TOOL CALL] search_hockey_tactics: query='hockey positions defensive offensive zone coverage', types=None, positions=None, n_results=10
INFO:chromadb.telemetry.product.posthog:Anonymized telemetry enabled. See                     https://docs.trychroma.com/telemetry for more information.
INFO:httpx:HTTP Request: GET https://chroma-copy-copy-production.up.railway.app/api/v2/auth/identity "HTTP/1.1 200 OK"
INFO:chromadb.telemetry.product.posthog:Anonymized telemetry enabled. See                     https://docs.trychroma.com/telemetry for more information.
INFO:httpx:HTTP Request: GET https://chroma-copy-copy-production.up.railway.app/api/v2/tenants/default_tenant "HTTP/1.1 200 OK"
INFO:httpx:HTTP Request: GET https://chroma-copy-copy-production.up.railway.app/api/v2/tenants/default_tenant/databases/default_database "HTTP/1.1 200 OK"
INFO:httpx:HTTP Request: GET https://chroma-copy-copy-production.up.railway.app/api/v2/heartbeat "HTTP/1.1 200 OK"
INFO:httpx:HTTP Request: GET https://chroma-copy-copy-production.up.railway.app/api/v2/tenants/default_tenant/databases/default_database/collections/hockey_tactics "HTTP/1.1 200 OK"
INFO:httpx:HTTP Request: POST https://chroma-copy-copy-production.up.railway.app/api/v2/tenants/default_tenant/databases/default_database/collections/416b96b2-dc4c-4e89-adb6-2497cbc56e92/query "HTTP/1.1 200 OK"
INFO:hockey_mcp:✅ [TOOL COMPLETE] search_hockey_tactics: returned 10 tactics in 0.62s
INFO:mcp.server.lowlevel.server:Processing request of type CallToolRequest
INFO:hockey_mcp:🎯 [TOOL CALL] search_hockey_tactics: query='hockey teamwork communication support systems', types=None, positions=None, n_results=10
INFO:chromadb.telemetry.product.posthog:Anonymized telemetry enabled. See                     https://docs.trychroma.com/telemetry for more information.
INFO:httpx:HTTP Request: GET https://chroma-copy-copy-production.up.railway.app/api/v2/auth/identity "HTTP/1.1 200 OK"
INFO:chromadb.telemetry.product.posthog:Anonymized telemetry enabled. See                     https://docs.trychroma.com/telemetry for more information.
INFO:httpx:HTTP Request: GET https://chroma-copy-copy-production.up.railway.app/api/v2/tenants/default_tenant "HTTP/1.1 200 OK"
INFO:httpx:HTTP Request: GET https://chroma-copy-copy-production.up.railway.app/api/v2/tenants/default_tenant/databases/default_database "HTTP/1.1 200 OK"
INFO:httpx:HTTP Request: GET https://chroma-copy-copy-production.up.railway.app/api/v2/heartbeat "HTTP/1.1 200 OK"
INFO:httpx:HTTP Request: GET https://chroma-copy-copy-production.up.railway.app/api/v2/tenants/default_tenant/databases/default_database/collections/hockey_tactics "HTTP/1.1 200 OK"
INFO:httpx:HTTP Request: POST https://chroma-copy-copy-production.up.railway.app/api/v2/tenants/default_tenant/databases/default_database/collections/416b96b2-dc4c-4e89-adb6-2497cbc56e92/query "HTTP/1.1 200 OK"
INFO:hockey_mcp:✅ [TOOL COMPLETE] search_hockey_tactics: returned 10 tactics in 0.71s
Connecting to Chroma server at https://chroma-copy-copy-production.up.railway.app:443 with token: True
✅ Connected to remote Chroma server
Connecting to Chroma server at https://chroma-copy-copy-production.up.railway.app:443 with token: True
✅ Connected to remote Chroma server
Connecting to Chroma server at https://chroma-copy-copy-production.up.railway.app:443 with token: True
✅ Connected to remote Chroma server
INFO:     127.0.0.1:51072 - "POST /api/mcp HTTP/1.1" 200 OK
INFO:mcp.server.lowlevel.server:Processing request of type ListToolsRequest
INFO:mcp.server.lowlevel.server:Processing request of type ListToolsRequest
INFO:     127.0.0.1:51116 - "POST /api/mcp HTTP/1.1" 200 OK
INFO:     127.0.0.1:51119 - "POST /api/mcp HTTP/1.1" 200 OK
INFO:mcp.server.lowlevel.server:Processing request of type CallToolRequest
INFO:hockey_mcp:⚖️ [TOOL CALL] search_hockey_rules: query='hockey rules penalties offsides icing basics', n_results=10
INFO:chromadb.telemetry.product.posthog:Anonymized telemetry enabled. See                     https://docs.trychroma.com/telemetry for more information.
INFO:httpx:HTTP Request: GET https://chroma-copy-copy-production.up.railway.app/api/v2/auth/identity "HTTP/1.1 200 OK"
INFO:chromadb.telemetry.product.posthog:Anonymized telemetry enabled. See                     https://docs.trychroma.com/telemetry for more information.
INFO:httpx:HTTP Request: GET https://chroma-copy-copy-production.up.railway.app/api/v2/tenants/default_tenant "HTTP/1.1 200 OK"
INFO:httpx:HTTP Request: GET https://chroma-copy-copy-production.up.railway.app/api/v2/tenants/default_tenant/databases/default_database "HTTP/1.1 200 OK"
INFO:httpx:HTTP Request: GET https://chroma-copy-copy-production.up.railway.app/api/v2/heartbeat "HTTP/1.1 200 OK"
INFO:httpx:HTTP Request: GET https://chroma-copy-copy-production.up.railway.app/api/v2/tenants/default_tenant/databases/default_database/collections/hockey_rules "HTTP/1.1 200 OK"
INFO:httpx:HTTP Request: POST https://chroma-copy-copy-production.up.railway.app/api/v2/tenants/default_tenant/databases/default_database/collections/41ea6112-cab7-46b8-bf6d-86eabd3ace04/query "HTTP/1.1 200 OK"
INFO:hockey_mcp:✅ [TOOL COMPLETE] search_hockey_rules: returned 10 rules in 0.57s
INFO:mcp.server.lowlevel.server:Processing request of type CallToolRequest
INFO:hockey_mcp:⚡ [TOOL CALL] search_hockey_skills: query='hockey skating passing shooting stickhandling techniques', n_results=10
INFO:chromadb.telemetry.product.posthog:Anonymized telemetry enabled. See                     https://docs.trychroma.com/telemetry for more information.
INFO:httpx:HTTP Request: GET https://chroma-copy-copy-production.up.railway.app/api/v2/auth/identity "HTTP/1.1 200 OK"
INFO:chromadb.telemetry.product.posthog:Anonymized telemetry enabled. See                     https://docs.trychroma.com/telemetry for more information.
INFO:httpx:HTTP Request: GET https://chroma-copy-copy-production.up.railway.app/api/v2/tenants/default_tenant "HTTP/1.1 200 OK"
INFO:httpx:HTTP Request: GET https://chroma-copy-copy-production.up.railway.app/api/v2/tenants/default_tenant/databases/default_database "HTTP/1.1 200 OK"
INFO:httpx:HTTP Request: GET https://chroma-copy-copy-production.up.railway.app/api/v2/heartbeat "HTTP/1.1 200 OK"
INFO:httpx:HTTP Request: GET https://chroma-copy-copy-production.up.railway.app/api/v2/tenants/default_tenant/databases/default_database/collections/hockey_skills "HTTP/1.1 200 OK"
INFO:httpx:HTTP Request: POST https://chroma-copy-copy-production.up.railway.app/api/v2/tenants/default_tenant/databases/default_database/collections/689a1fad-d612-40de-b077-4cddc4b59524/query "HTTP/1.1 200 OK"
INFO:hockey_mcp:✅ [TOOL COMPLETE] search_hockey_skills: returned 10 skills in 0.62s
INFO:mcp.server.lowlevel.server:Processing request of type CallToolRequest
INFO:hockey_mcp:🎯 [TOOL CALL] search_hockey_tactics: query='hockey positions defensive offensive zone coverage', types=None, positions=None, n_results=10
INFO:chromadb.telemetry.product.posthog:Anonymized telemetry enabled. See                     https://docs.trychroma.com/telemetry for more information.
INFO:httpx:HTTP Request: GET https://chroma-copy-copy-production.up.railway.app/api/v2/auth/identity "HTTP/1.1 200 OK"
INFO:chromadb.telemetry.product.posthog:Anonymized telemetry enabled. See                     https://docs.trychroma.com/telemetry for more information.
INFO:httpx:HTTP Request: GET https://chroma-copy-copy-production.up.railway.app/api/v2/tenants/default_tenant "HTTP/1.1 200 OK"
INFO:httpx:HTTP Request: GET https://chroma-copy-copy-production.up.railway.app/api/v2/tenants/default_tenant/databases/default_database "HTTP/1.1 200 OK"
INFO:httpx:HTTP Request: GET https://chroma-copy-copy-production.up.railway.app/api/v2/heartbeat "HTTP/1.1 200 OK"
INFO:httpx:HTTP Request: GET https://chroma-copy-copy-production.up.railway.app/api/v2/tenants/default_tenant/databases/default_database/collections/hockey_tactics "HTTP/1.1 200 OK"
INFO:httpx:HTTP Request: POST https://chroma-copy-copy-production.up.railway.app/api/v2/tenants/default_tenant/databases/default_database/collections/416b96b2-dc4c-4e89-adb6-2497cbc56e92/query "HTTP/1.1 200 OK"
INFO:hockey_mcp:✅ [TOOL COMPLETE] search_hockey_tactics: returned 10 tactics in 0.61s
INFO:mcp.server.lowlevel.server:Processing request of type CallToolRequest
INFO:hockey_mcp:🎯 [TOOL CALL] search_hockey_tactics: query='hockey teamwork communication support systems', types=None, positions=None, n_results=10
INFO:chromadb.telemetry.product.posthog:Anonymized telemetry enabled. See                     https://docs.trychroma.com/telemetry for more information.
INFO:httpx:HTTP Request: GET https://chroma-copy-copy-production.up.railway.app/api/v2/auth/identity "HTTP/1.1 200 OK"
INFO:chromadb.telemetry.product.posthog:Anonymized telemetry enabled. See                     https://docs.trychroma.com/telemetry for more information.
INFO:httpx:HTTP Request: GET https://chroma-copy-copy-production.up.railway.app/api/v2/tenants/default_tenant "HTTP/1.1 200 OK"
INFO:httpx:HTTP Request: GET https://chroma-copy-copy-production.up.railway.app/api/v2/tenants/default_tenant/databases/default_database "HTTP/1.1 200 OK"
INFO:httpx:HTTP Request: GET https://chroma-copy-copy-production.up.railway.app/api/v2/heartbeat "HTTP/1.1 200 OK"
INFO:httpx:HTTP Request: GET https://chroma-copy-copy-production.up.railway.app/api/v2/tenants/default_tenant/databases/default_database/collections/hockey_tactics "HTTP/1.1 200 OK"
INFO:httpx:HTTP Request: POST https://chroma-copy-copy-production.up.railway.app/api/v2/tenants/default_tenant/databases/default_database/collections/416b96b2-dc4c-4e89-adb6-2497cbc56e92/query "HTTP/1.1 200 OK"
INFO:hockey_mcp:✅ [TOOL COMPLETE] search_hockey_tactics: returned 10 tactics in 0.62s
INFO:mcp.server.lowlevel.server:Processing request of type ListToolsRequest
INFO:mcp.server.lowlevel.server:Processing request of type ListToolsRequest
INFO:mcp.server.lowlevel.server:Processing request of type ListToolsRequest
INFO:mcp.server.lowlevel.server:Processing request of type ListToolsRequest
Connecting to Chroma server at https://chroma-copy-copy-production.up.railway.app:443 with token: True
✅ Connected to remote Chroma server
Connecting to Chroma server at https://chroma-copy-copy-production.up.railway.app:443 with token: True
✅ Connected to remote Chroma server
Connecting to Chroma server at https://chroma-copy-copy-production.up.railway.app:443 with token: True
✅ Connected to remote Chroma server
Connecting to Chroma server at https://chroma-copy-copy-production.up.railway.app:443 with token: True
✅ Connected to remote Chroma server
INFO:     127.0.0.1:51145 - "POST /api/mcp HTTP/1.1" 200 OK
INFO:     127.0.0.1:51146 - "POST /api/mcp HTTP/1.1" 200 OK
INFO:     127.0.0.1:51147 - "POST /api/mcp HTTP/1.1" 200 OK
INFO:     127.0.0.1:51148 - "POST /api/mcp HTTP/1.1" 200 OK
INFO:mcp.server.lowlevel.server:Processing request of type CallToolRequest
INFO:hockey_mcp:⚡ [TOOL CALL] search_hockey_skills: query='hockey skating passing shooting stickhandling techniques', n_results=10
INFO:chromadb.telemetry.product.posthog:Anonymized telemetry enabled. See                     https://docs.trychroma.com/telemetry for more information.
INFO:httpx:HTTP Request: GET https://chroma-copy-copy-production.up.railway.app/api/v2/auth/identity "HTTP/1.1 200 OK"
INFO:chromadb.telemetry.product.posthog:Anonymized telemetry enabled. See                     https://docs.trychroma.com/telemetry for more information.
INFO:httpx:HTTP Request: GET https://chroma-copy-copy-production.up.railway.app/api/v2/tenants/default_tenant "HTTP/1.1 200 OK"
INFO:httpx:HTTP Request: GET https://chroma-copy-copy-production.up.railway.app/api/v2/tenants/default_tenant/databases/default_database "HTTP/1.1 200 OK"
INFO:httpx:HTTP Request: GET https://chroma-copy-copy-production.up.railway.app/api/v2/heartbeat "HTTP/1.1 200 OK"
INFO:httpx:HTTP Request: GET https://chroma-copy-copy-production.up.railway.app/api/v2/tenants/default_tenant/databases/default_database/collections/hockey_skills "HTTP/1.1 200 OK"
INFO:httpx:HTTP Request: POST https://chroma-copy-copy-production.up.railway.app/api/v2/tenants/default_tenant/databases/default_database/collections/689a1fad-d612-40de-b077-4cddc4b59524/query "HTTP/1.1 200 OK"
INFO:hockey_mcp:✅ [TOOL COMPLETE] search_hockey_skills: returned 10 skills in 0.66s
INFO:mcp.server.lowlevel.server:Processing request of type ListToolsRequest
INFO:mcp.server.lowlevel.server:Processing request of type CallToolRequest
INFO:hockey_mcp:⚖️ [TOOL CALL] search_hockey_rules: query='hockey rules penalties offsides icing basics', n_results=10
INFO:chromadb.telemetry.product.posthog:Anonymized telemetry enabled. See                     https://docs.trychroma.com/telemetry for more information.
INFO:httpx:HTTP Request: GET https://chroma-copy-copy-production.up.railway.app/api/v2/auth/identity "HTTP/1.1 200 OK"
INFO:chromadb.telemetry.product.posthog:Anonymized telemetry enabled. See                     https://docs.trychroma.com/telemetry for more information.
INFO:httpx:HTTP Request: GET https://chroma-copy-copy-production.up.railway.app/api/v2/tenants/default_tenant "HTTP/1.1 200 OK"
INFO:httpx:HTTP Request: GET https://chroma-copy-copy-production.up.railway.app/api/v2/tenants/default_tenant/databases/default_database "HTTP/1.1 200 OK"
INFO:httpx:HTTP Request: GET https://chroma-copy-copy-production.up.railway.app/api/v2/heartbeat "HTTP/1.1 200 OK"
INFO:httpx:HTTP Request: GET https://chroma-copy-copy-production.up.railway.app/api/v2/tenants/default_tenant/databases/default_database/collections/hockey_rules "HTTP/1.1 200 OK"
INFO:httpx:HTTP Request: POST https://chroma-copy-copy-production.up.railway.app/api/v2/tenants/default_tenant/databases/default_database/collections/41ea6112-cab7-46b8-bf6d-86eabd3ace04/query "HTTP/1.1 200 OK"
INFO:hockey_mcp:✅ [TOOL COMPLETE] search_hockey_rules: returned 10 rules in 0.85s
Connecting to Chroma server at https://chroma-copy-copy-production.up.railway.app:443 with token: True
✅ Connected to remote Chroma server
Connecting to Chroma server at https://chroma-copy-copy-production.up.railway.app:443 with token: True
✅ Connected to remote Chroma server
INFO:     127.0.0.1:51145 - "POST /api/mcp HTTP/1.1" 200 OK
INFO:mcp.server.lowlevel.server:Processing request of type ListToolsRequest
INFO:mcp.server.lowlevel.server:Processing request of type CallToolRequest
INFO:hockey_mcp:🎯 [TOOL CALL] search_hockey_tactics: query='hockey positions defensive offensive zone coverage', types=None, positions=None, n_results=10
INFO:chromadb.telemetry.product.posthog:Anonymized telemetry enabled. See                     https://docs.trychroma.com/telemetry for more information.
INFO:httpx:HTTP Request: GET https://chroma-copy-copy-production.up.railway.app/api/v2/auth/identity "HTTP/1.1 200 OK"
INFO:chromadb.telemetry.product.posthog:Anonymized telemetry enabled. See                     https://docs.trychroma.com/telemetry for more information.
INFO:httpx:HTTP Request: GET https://chroma-copy-copy-production.up.railway.app/api/v2/tenants/default_tenant "HTTP/1.1 200 OK"
INFO:httpx:HTTP Request: GET https://chroma-copy-copy-production.up.railway.app/api/v2/tenants/default_tenant/databases/default_database "HTTP/1.1 200 OK"
INFO:httpx:HTTP Request: GET https://chroma-copy-copy-production.up.railway.app/api/v2/heartbeat "HTTP/1.1 200 OK"
INFO:httpx:HTTP Request: GET https://chroma-copy-copy-production.up.railway.app/api/v2/tenants/default_tenant/databases/default_database/collections/hockey_tactics "HTTP/1.1 200 OK"
INFO:httpx:HTTP Request: POST https://chroma-copy-copy-production.up.railway.app/api/v2/tenants/default_tenant/databases/default_database/collections/416b96b2-dc4c-4e89-adb6-2497cbc56e92/query "HTTP/1.1 200 OK"
INFO:hockey_mcp:✅ [TOOL COMPLETE] search_hockey_tactics: returned 10 tactics in 0.67s
Connecting to Chroma server at https://chroma-copy-copy-production.up.railway.app:443 with token: True
✅ Connected to remote Chroma server
INFO:     127.0.0.1:51166 - "POST /api/mcp HTTP/1.1" 200 OK
INFO:mcp.server.lowlevel.server:Processing request of type ListToolsRequest
INFO:     127.0.0.1:51169 - "POST /api/mcp HTTP/1.1" 200 OK
INFO:mcp.server.lowlevel.server:Processing request of type CallToolRequest
INFO:hockey_mcp:🎯 [TOOL CALL] search_hockey_tactics: query='hockey teamwork communication support systems', types=None, positions=None, n_results=10
INFO:chromadb.telemetry.product.posthog:Anonymized telemetry enabled. See                     https://docs.trychroma.com/telemetry for more information.
INFO:httpx:HTTP Request: GET https://chroma-copy-copy-production.up.railway.app/api/v2/auth/identity "HTTP/1.1 200 OK"
INFO:chromadb.telemetry.product.posthog:Anonymized telemetry enabled. See                     https://docs.trychroma.com/telemetry for more information.
INFO:httpx:HTTP Request: GET https://chroma-copy-copy-production.up.railway.app/api/v2/tenants/default_tenant "HTTP/1.1 200 OK"
INFO:httpx:HTTP Request: GET https://chroma-copy-copy-production.up.railway.app/api/v2/tenants/default_tenant/databases/default_database "HTTP/1.1 200 OK"
INFO:httpx:HTTP Request: GET https://chroma-copy-copy-production.up.railway.app/api/v2/heartbeat "HTTP/1.1 200 OK"
INFO:httpx:HTTP Request: GET https://chroma-copy-copy-production.up.railway.app/api/v2/tenants/default_tenant/databases/default_database/collections/hockey_tactics "HTTP/1.1 200 OK"
INFO:httpx:HTTP Request: POST https://chroma-copy-copy-production.up.railway.app/api/v2/tenants/default_tenant/databases/default_database/collections/416b96b2-dc4c-4e89-adb6-2497cbc56e92/query "HTTP/1.1 200 OK"
INFO:hockey_mcp:✅ [TOOL COMPLETE] search_hockey_tactics: returned 10 tactics in 0.70s
INFO:mcp.server.lowlevel.server:Processing request of type ListToolsRequest
Connecting to Chroma server at https://chroma-copy-copy-production.up.railway.app:443 with token: True
✅ Connected to remote Chroma server
INFO:     127.0.0.1:51145 - "POST /api/mcp HTTP/1.1" 200 OK
INFO:mcp.server.lowlevel.server:Processing request of type CallToolRequest
INFO:hockey_mcp:⚖️ [TOOL CALL] search_hockey_rules: query='hockey rules penalties offsides icing basics', n_results=10
INFO:chromadb.telemetry.product.posthog:Anonymized telemetry enabled. See                     https://docs.trychroma.com/telemetry for more information.
INFO:httpx:HTTP Request: GET https://chroma-copy-copy-production.up.railway.app/api/v2/auth/identity "HTTP/1.1 200 OK"
INFO:chromadb.telemetry.product.posthog:Anonymized telemetry enabled. See                     https://docs.trychroma.com/telemetry for more information.
INFO:httpx:HTTP Request: GET https://chroma-copy-copy-production.up.railway.app/api/v2/tenants/default_tenant "HTTP/1.1 200 OK"
INFO:httpx:HTTP Request: GET https://chroma-copy-copy-production.up.railway.app/api/v2/tenants/default_tenant/databases/default_database "HTTP/1.1 200 OK"
INFO:httpx:HTTP Request: GET https://chroma-copy-copy-production.up.railway.app/api/v2/heartbeat "HTTP/1.1 200 OK"
INFO:httpx:HTTP Request: GET https://chroma-copy-copy-production.up.railway.app/api/v2/tenants/default_tenant/databases/default_database/collections/hockey_rules "HTTP/1.1 200 OK"
INFO:httpx:HTTP Request: POST https://chroma-copy-copy-production.up.railway.app/api/v2/tenants/default_tenant/databases/default_database/collections/41ea6112-cab7-46b8-bf6d-86eabd3ace04/query "HTTP/1.1 200 OK"
INFO:hockey_mcp:✅ [TOOL COMPLETE] search_hockey_rules: returned 10 rules in 0.62s
INFO:mcp.server.lowlevel.server:Processing request of type ListToolsRequest
Connecting to Chroma server at https://chroma-copy-copy-production.up.railway.app:443 with token: True
✅ Connected to remote Chroma server
INFO:     127.0.0.1:51145 - "POST /api/mcp HTTP/1.1" 200 OK
INFO:mcp.server.lowlevel.server:Processing request of type CallToolRequest
INFO:hockey_mcp:🎯 [TOOL CALL] search_hockey_tactics: query='hockey teamwork communication support systems', types=None, positions=None, n_results=10
INFO:chromadb.telemetry.product.posthog:Anonymized telemetry enabled. See                     https://docs.trychroma.com/telemetry for more information.
INFO:httpx:HTTP Request: GET https://chroma-copy-copy-production.up.railway.app/api/v2/auth/identity "HTTP/1.1 200 OK"
INFO:chromadb.telemetry.product.posthog:Anonymized telemetry enabled. See                     https://docs.trychroma.com/telemetry for more information.
INFO:httpx:HTTP Request: GET https://chroma-copy-copy-production.up.railway.app/api/v2/tenants/default_tenant "HTTP/1.1 200 OK"
INFO:httpx:HTTP Request: GET https://chroma-copy-copy-production.up.railway.app/api/v2/tenants/default_tenant/databases/default_database "HTTP/1.1 200 OK"
INFO:httpx:HTTP Request: GET https://chroma-copy-copy-production.up.railway.app/api/v2/heartbeat "HTTP/1.1 200 OK"
INFO:httpx:HTTP Request: GET https://chroma-copy-copy-production.up.railway.app/api/v2/tenants/default_tenant/databases/default_database/collections/hockey_tactics "HTTP/1.1 200 OK"
INFO:httpx:HTTP Request: POST https://chroma-copy-copy-production.up.railway.app/api/v2/tenants/default_tenant/databases/default_database/collections/416b96b2-dc4c-4e89-adb6-2497cbc56e92/query "HTTP/1.1 200 OK"
INFO:hockey_mcp:✅ [TOOL COMPLETE] search_hockey_tactics: returned 10 tactics in 0.65s
INFO:mcp.server.lowlevel.server:Processing request of type ListToolsRequest
INFO:mcp.server.lowlevel.server:Processing request of type CallToolRequest
INFO:hockey_mcp:🎯 [TOOL CALL] search_hockey_tactics: query='hockey positions defensive offensive zone coverage', types=None, positions=None, n_results=10
INFO:chromadb.telemetry.product.posthog:Anonymized telemetry enabled. See                     https://docs.trychroma.com/telemetry for more information.
INFO:httpx:HTTP Request: GET https://chroma-copy-copy-production.up.railway.app/api/v2/auth/identity "HTTP/1.1 200 OK"
INFO:chromadb.telemetry.product.posthog:Anonymized telemetry enabled. See                     https://docs.trychroma.com/telemetry for more information.
INFO:httpx:HTTP Request: GET https://chroma-copy-copy-production.up.railway.app/api/v2/tenants/default_tenant "HTTP/1.1 200 OK"
INFO:httpx:HTTP Request: GET https://chroma-copy-copy-production.up.railway.app/api/v2/tenants/default_tenant/databases/default_database "HTTP/1.1 200 OK"
INFO:httpx:HTTP Request: GET https://chroma-copy-copy-production.up.railway.app/api/v2/heartbeat "HTTP/1.1 200 OK"
INFO:httpx:HTTP Request: GET https://chroma-copy-copy-production.up.railway.app/api/v2/tenants/default_tenant/databases/default_database/collections/hockey_tactics "HTTP/1.1 200 OK"
INFO:httpx:HTTP Request: POST https://chroma-copy-copy-production.up.railway.app/api/v2/tenants/default_tenant/databases/default_database/collections/416b96b2-dc4c-4e89-adb6-2497cbc56e92/query "HTTP/1.1 200 OK"
INFO:hockey_mcp:✅ [TOOL COMPLETE] search_hockey_tactics: returned 10 tactics in 0.66s
INFO:mcp.server.lowlevel.server:Processing request of type CallToolRequest
INFO:hockey_mcp:⚡ [TOOL CALL] search_hockey_skills: query='hockey skating passing shooting stickhandling techniques', n_results=10
INFO:chromadb.telemetry.product.posthog:Anonymized telemetry enabled. See                     https://docs.trychroma.com/telemetry for more information.
INFO:httpx:HTTP Request: GET https://chroma-copy-copy-production.up.railway.app/api/v2/auth/identity "HTTP/1.1 200 OK"
INFO:chromadb.telemetry.product.posthog:Anonymized telemetry enabled. See                     https://docs.trychroma.com/telemetry for more information.
INFO:httpx:HTTP Request: GET https://chroma-copy-copy-production.up.railway.app/api/v2/tenants/default_tenant "HTTP/1.1 200 OK"
INFO:httpx:HTTP Request: GET https://chroma-copy-copy-production.up.railway.app/api/v2/tenants/default_tenant/databases/default_database "HTTP/1.1 200 OK"
INFO:httpx:HTTP Request: GET https://chroma-copy-copy-production.up.railway.app/api/v2/heartbeat "HTTP/1.1 200 OK"
INFO:httpx:HTTP Request: GET https://chroma-copy-copy-production.up.railway.app/api/v2/tenants/default_tenant/databases/default_database/collections/hockey_skills "HTTP/1.1 200 OK"
INFO:httpx:HTTP Request: POST https://chroma-copy-copy-production.up.railway.app/api/v2/tenants/default_tenant/databases/default_database/collections/689a1fad-d612-40de-b077-4cddc4b59524/query "HTTP/1.1 200 OK"
INFO:hockey_mcp:✅ [TOOL COMPLETE] search_hockey_skills: returned 10 skills in 0.65s
Connecting to Chroma server at https://chroma-copy-copy-production.up.railway.app:443 with token: True
✅ Connected to remote Chroma server
Connecting to Chroma server at https://chroma-copy-copy-production.up.railway.app:443 with token: True
✅ Connected to remote Chroma server
Connecting to Chroma server at https://chroma-copy-copy-production.up.railway.app:443 with token: True
✅ Connected to remote Chroma server
INFO:     127.0.0.1:51145 - "POST /api/mcp HTTP/1.1" 200 OK
INFO:mcp.server.lowlevel.server:Processing request of type ListToolsRequest
INFO:mcp.server.lowlevel.server:Processing request of type ListToolsRequest
INFO:     127.0.0.1:51180 - "POST /api/mcp HTTP/1.1" 200 OK
INFO:     127.0.0.1:51183 - "POST /api/mcp HTTP/1.1" 200 OK
INFO:mcp.server.lowlevel.server:Processing request of type CallToolRequest
INFO:hockey_mcp:⚖️ [TOOL CALL] search_hockey_rules: query='hockey rules penalties offsides icing basics', n_results=10
INFO:chromadb.telemetry.product.posthog:Anonymized telemetry enabled. See                     https://docs.trychroma.com/telemetry for more information.
INFO:httpx:HTTP Request: GET https://chroma-copy-copy-production.up.railway.app/api/v2/auth/identity "HTTP/1.1 200 OK"
INFO:chromadb.telemetry.product.posthog:Anonymized telemetry enabled. See                     https://docs.trychroma.com/telemetry for more information.
INFO:httpx:HTTP Request: GET https://chroma-copy-copy-production.up.railway.app/api/v2/tenants/default_tenant "HTTP/1.1 200 OK"
INFO:httpx:HTTP Request: GET https://chroma-copy-copy-production.up.railway.app/api/v2/tenants/default_tenant/databases/default_database "HTTP/1.1 200 OK"
INFO:httpx:HTTP Request: GET https://chroma-copy-copy-production.up.railway.app/api/v2/heartbeat "HTTP/1.1 200 OK"
INFO:httpx:HTTP Request: GET https://chroma-copy-copy-production.up.railway.app/api/v2/tenants/default_tenant/databases/default_database/collections/hockey_rules "HTTP/1.1 200 OK"
INFO:httpx:HTTP Request: POST https://chroma-copy-copy-production.up.railway.app/api/v2/tenants/default_tenant/databases/default_database/collections/41ea6112-cab7-46b8-bf6d-86eabd3ace04/query "HTTP/1.1 200 OK"
INFO:hockey_mcp:✅ [TOOL COMPLETE] search_hockey_rules: returned 10 rules in 0.64s
INFO:mcp.server.lowlevel.server:Processing request of type ListToolsRequest
Connecting to Chroma server at https://chroma-copy-copy-production.up.railway.app:443 with token: True
✅ Connected to remote Chroma server
INFO:     127.0.0.1:51145 - "POST /api/mcp HTTP/1.1" 200 OK
INFO:mcp.server.lowlevel.server:Processing request of type CallToolRequest
INFO:hockey_mcp:⚡ [TOOL CALL] search_hockey_skills: query='hockey skating passing shooting stickhandling techniques', n_results=10
INFO:chromadb.telemetry.product.posthog:Anonymized telemetry enabled. See                     https://docs.trychroma.com/telemetry for more information.
INFO:httpx:HTTP Request: GET https://chroma-copy-copy-production.up.railway.app/api/v2/auth/identity "HTTP/1.1 200 OK"
INFO:chromadb.telemetry.product.posthog:Anonymized telemetry enabled. See                     https://docs.trychroma.com/telemetry for more information.
INFO:httpx:HTTP Request: GET https://chroma-copy-copy-production.up.railway.app/api/v2/tenants/default_tenant "HTTP/1.1 200 OK"
INFO:httpx:HTTP Request: GET https://chroma-copy-copy-production.up.railway.app/api/v2/tenants/default_tenant/databases/default_database "HTTP/1.1 200 OK"
INFO:httpx:HTTP Request: GET https://chroma-copy-copy-production.up.railway.app/api/v2/heartbeat "HTTP/1.1 200 OK"
INFO:httpx:HTTP Request: GET https://chroma-copy-copy-production.up.railway.app/api/v2/tenants/default_tenant/databases/default_database/collections/hockey_skills "HTTP/1.1 200 OK"
INFO:httpx:HTTP Request: POST https://chroma-copy-copy-production.up.railway.app/api/v2/tenants/default_tenant/databases/default_database/collections/689a1fad-d612-40de-b077-4cddc4b59524/query "HTTP/1.1 200 OK"
INFO:hockey_mcp:✅ [TOOL COMPLETE] search_hockey_skills: returned 10 skills in 0.62s
INFO:mcp.server.lowlevel.server:Processing request of type ListToolsRequest
INFO:mcp.server.lowlevel.server:Processing request of type CallToolRequest
INFO:hockey_mcp:🎯 [TOOL CALL] search_hockey_tactics: query='hockey teamwork communication support systems', types=None, positions=None, n_results=10
INFO:chromadb.telemetry.product.posthog:Anonymized telemetry enabled. See                     https://docs.trychroma.com/telemetry for more information.
INFO:httpx:HTTP Request: GET https://chroma-copy-copy-production.up.railway.app/api/v2/auth/identity "HTTP/1.1 200 OK"
INFO:chromadb.telemetry.product.posthog:Anonymized telemetry enabled. See                     https://docs.trychroma.com/telemetry for more information.
INFO:httpx:HTTP Request: GET https://chroma-copy-copy-production.up.railway.app/api/v2/tenants/default_tenant "HTTP/1.1 200 OK"
INFO:httpx:HTTP Request: GET https://chroma-copy-copy-production.up.railway.app/api/v2/tenants/default_tenant/databases/default_database "HTTP/1.1 200 OK"
INFO:httpx:HTTP Request: GET https://chroma-copy-copy-production.up.railway.app/api/v2/heartbeat "HTTP/1.1 200 OK"
INFO:httpx:HTTP Request: GET https://chroma-copy-copy-production.up.railway.app/api/v2/tenants/default_tenant/databases/default_database/collections/hockey_tactics "HTTP/1.1 200 OK"
INFO:httpx:HTTP Request: POST https://chroma-copy-copy-production.up.railway.app/api/v2/tenants/default_tenant/databases/default_database/collections/416b96b2-dc4c-4e89-adb6-2497cbc56e92/query "HTTP/1.1 200 OK"
INFO:hockey_mcp:✅ [TOOL COMPLETE] search_hockey_tactics: returned 10 tactics in 0.70s
INFO:mcp.server.lowlevel.server:Processing request of type CallToolRequest
INFO:hockey_mcp:🎯 [TOOL CALL] search_hockey_tactics: query='hockey positions defensive offensive zone coverage', types=None, positions=None, n_results=10
INFO:chromadb.telemetry.product.posthog:Anonymized telemetry enabled. See                     https://docs.trychroma.com/telemetry for more information.
INFO:httpx:HTTP Request: GET https://chroma-copy-copy-production.up.railway.app/api/v2/auth/identity "HTTP/1.1 200 OK"
INFO:chromadb.telemetry.product.posthog:Anonymized telemetry enabled. See                     https://docs.trychroma.com/telemetry for more information.
INFO:httpx:HTTP Request: GET https://chroma-copy-copy-production.up.railway.app/api/v2/tenants/default_tenant "HTTP/1.1 200 OK"
INFO:httpx:HTTP Request: GET https://chroma-copy-copy-production.up.railway.app/api/v2/tenants/default_tenant/databases/default_database "HTTP/1.1 200 OK"
INFO:httpx:HTTP Request: GET https://chroma-copy-copy-production.up.railway.app/api/v2/heartbeat "HTTP/1.1 200 OK"
INFO:httpx:HTTP Request: GET https://chroma-copy-copy-production.up.railway.app/api/v2/tenants/default_tenant/databases/default_database/collections/hockey_tactics "HTTP/1.1 200 OK"
INFO:httpx:HTTP Request: POST https://chroma-copy-copy-production.up.railway.app/api/v2/tenants/default_tenant/databases/default_database/collections/416b96b2-dc4c-4e89-adb6-2497cbc56e92/query "HTTP/1.1 200 OK"
INFO:hockey_mcp:✅ [TOOL COMPLETE] search_hockey_tactics: returned 10 tactics in 0.68s
Connecting to Chroma server at https://chroma-copy-copy-production.up.railway.app:443 with token: True
✅ Connected to remote Chroma server
Connecting to Chroma server at https://chroma-copy-copy-production.up.railway.app:443 with token: True
✅ Connected to remote Chroma server
Connecting to Chroma server at https://chroma-copy-copy-production.up.railway.app:443 with token: True
✅ Connected to remote Chroma server
INFO:     127.0.0.1:51145 - "POST /api/mcp HTTP/1.1" 200 OK
INFO:mcp.server.lowlevel.server:Processing request of type ListToolsRequest
INFO:mcp.server.lowlevel.server:Processing request of type ListToolsRequest
INFO:mcp.server.lowlevel.server:Processing request of type CallToolRequest
INFO:hockey_mcp:⚖️ [TOOL CALL] search_hockey_rules: query='hockey rules penalties offsides icing basics', n_results=10
INFO:chromadb.telemetry.product.posthog:Anonymized telemetry enabled. See                     https://docs.trychroma.com/telemetry for more information.
INFO:httpx:HTTP Request: GET https://chroma-copy-copy-production.up.railway.app/api/v2/auth/identity "HTTP/1.1 200 OK"
INFO:chromadb.telemetry.product.posthog:Anonymized telemetry enabled. See                     https://docs.trychroma.com/telemetry for more information.
INFO:httpx:HTTP Request: GET https://chroma-copy-copy-production.up.railway.app/api/v2/tenants/default_tenant "HTTP/1.1 200 OK"
INFO:httpx:HTTP Request: GET https://chroma-copy-copy-production.up.railway.app/api/v2/tenants/default_tenant/databases/default_database "HTTP/1.1 200 OK"
INFO:httpx:HTTP Request: GET https://chroma-copy-copy-production.up.railway.app/api/v2/heartbeat "HTTP/1.1 200 OK"
INFO:httpx:HTTP Request: GET https://chroma-copy-copy-production.up.railway.app/api/v2/tenants/default_tenant/databases/default_database/collections/hockey_rules "HTTP/1.1 200 OK"
INFO:httpx:HTTP Request: POST https://chroma-copy-copy-production.up.railway.app/api/v2/tenants/default_tenant/databases/default_database/collections/41ea6112-cab7-46b8-bf6d-86eabd3ace04/query "HTTP/1.1 200 OK"
INFO:hockey_mcp:✅ [TOOL COMPLETE] search_hockey_rules: returned 10 rules in 0.59s
Connecting to Chroma server at https://chroma-copy-copy-production.up.railway.app:443 with token: True
✅ Connected to remote Chroma server
INFO:     127.0.0.1:51195 - "POST /api/mcp HTTP/1.1" 200 OK
INFO:     127.0.0.1:51196 - "POST /api/mcp HTTP/1.1" 200 OK
INFO:mcp.server.lowlevel.server:Processing request of type ListToolsRequest
INFO:     127.0.0.1:51201 - "POST /api/mcp HTTP/1.1" 200 OK
INFO:mcp.server.lowlevel.server:Processing request of type CallToolRequest
INFO:hockey_mcp:🎯 [TOOL CALL] search_hockey_tactics: query='hockey teamwork communication support systems', types=None, positions=None, n_results=10
INFO:chromadb.telemetry.product.posthog:Anonymized telemetry enabled. See                     https://docs.trychroma.com/telemetry for more information.
INFO:httpx:HTTP Request: GET https://chroma-copy-copy-production.up.railway.app/api/v2/auth/identity "HTTP/1.1 200 OK"
INFO:chromadb.telemetry.product.posthog:Anonymized telemetry enabled. See                     https://docs.trychroma.com/telemetry for more information.
INFO:httpx:HTTP Request: GET https://chroma-copy-copy-production.up.railway.app/api/v2/tenants/default_tenant "HTTP/1.1 200 OK"
INFO:httpx:HTTP Request: GET https://chroma-copy-copy-production.up.railway.app/api/v2/tenants/default_tenant/databases/default_database "HTTP/1.1 200 OK"
INFO:httpx:HTTP Request: GET https://chroma-copy-copy-production.up.railway.app/api/v2/heartbeat "HTTP/1.1 200 OK"
INFO:httpx:HTTP Request: GET https://chroma-copy-copy-production.up.railway.app/api/v2/tenants/default_tenant/databases/default_database/collections/hockey_tactics "HTTP/1.1 200 OK"
INFO:httpx:HTTP Request: POST https://chroma-copy-copy-production.up.railway.app/api/v2/tenants/default_tenant/databases/default_database/collections/416b96b2-dc4c-4e89-adb6-2497cbc56e92/query "HTTP/1.1 200 OK"
INFO:hockey_mcp:✅ [TOOL COMPLETE] search_hockey_tactics: returned 10 tactics in 0.65s
INFO:mcp.server.lowlevel.server:Processing request of type ListToolsRequest
INFO:mcp.server.lowlevel.server:Processing request of type CallToolRequest
INFO:hockey_mcp:⚡ [TOOL CALL] search_hockey_skills: query='hockey skating passing shooting stickhandling techniques', n_results=10
INFO:chromadb.telemetry.product.posthog:Anonymized telemetry enabled. See                     https://docs.trychroma.com/telemetry for more information.
INFO:httpx:HTTP Request: GET https://chroma-copy-copy-production.up.railway.app/api/v2/auth/identity "HTTP/1.1 200 OK"
INFO:chromadb.telemetry.product.posthog:Anonymized telemetry enabled. See                     https://docs.trychroma.com/telemetry for more information.
INFO:httpx:HTTP Request: GET https://chroma-copy-copy-production.up.railway.app/api/v2/tenants/default_tenant "HTTP/1.1 200 OK"
INFO:httpx:HTTP Request: GET https://chroma-copy-copy-production.up.railway.app/api/v2/tenants/default_tenant/databases/default_database "HTTP/1.1 200 OK"
INFO:httpx:HTTP Request: GET https://chroma-copy-copy-production.up.railway.app/api/v2/heartbeat "HTTP/1.1 200 OK"
INFO:httpx:HTTP Request: GET https://chroma-copy-copy-production.up.railway.app/api/v2/tenants/default_tenant/databases/default_database/collections/hockey_skills "HTTP/1.1 200 OK"
INFO:httpx:HTTP Request: POST https://chroma-copy-copy-production.up.railway.app/api/v2/tenants/default_tenant/databases/default_database/collections/689a1fad-d612-40de-b077-4cddc4b59524/query "HTTP/1.1 200 OK"
INFO:hockey_mcp:✅ [TOOL COMPLETE] search_hockey_skills: returned 10 skills in 0.65s
Connecting to Chroma server at https://chroma-copy-copy-production.up.railway.app:443 with token: True
✅ Connected to remote Chroma server
Connecting to Chroma server at https://chroma-copy-copy-production.up.railway.app:443 with token: True
✅ Connected to remote Chroma server
INFO:     127.0.0.1:51207 - "POST /api/mcp HTTP/1.1" 200 OK
INFO:mcp.server.lowlevel.server:Processing request of type ListToolsRequest
INFO:     127.0.0.1:51195 - "POST /api/mcp HTTP/1.1" 200 OK
INFO:mcp.server.lowlevel.server:Processing request of type CallToolRequest
INFO:hockey_mcp:🎯 [TOOL CALL] search_hockey_tactics: query='hockey positions defensive offensive zone coverage', types=None, positions=None, n_results=10
INFO:chromadb.telemetry.product.posthog:Anonymized telemetry enabled. See                     https://docs.trychroma.com/telemetry for more information.
INFO:httpx:HTTP Request: GET https://chroma-copy-copy-production.up.railway.app/api/v2/auth/identity "HTTP/1.1 200 OK"
INFO:chromadb.telemetry.product.posthog:Anonymized telemetry enabled. See                     https://docs.trychroma.com/telemetry for more information.
INFO:httpx:HTTP Request: GET https://chroma-copy-copy-production.up.railway.app/api/v2/tenants/default_tenant "HTTP/1.1 200 OK"
INFO:httpx:HTTP Request: GET https://chroma-copy-copy-production.up.railway.app/api/v2/tenants/default_tenant/databases/default_database "HTTP/1.1 200 OK"
INFO:httpx:HTTP Request: GET https://chroma-copy-copy-production.up.railway.app/api/v2/heartbeat "HTTP/1.1 200 OK"
INFO:httpx:HTTP Request: GET https://chroma-copy-copy-production.up.railway.app/api/v2/tenants/default_tenant/databases/default_database/collections/hockey_tactics "HTTP/1.1 200 OK"
INFO:httpx:HTTP Request: POST https://chroma-copy-copy-production.up.railway.app/api/v2/tenants/default_tenant/databases/default_database/collections/416b96b2-dc4c-4e89-adb6-2497cbc56e92/query "HTTP/1.1 200 OK"
INFO:hockey_mcp:✅ [TOOL COMPLETE] search_hockey_tactics: returned 10 tactics in 0.81s
INFO:mcp.server.lowlevel.server:Processing request of type ListToolsRequest
Connecting to Chroma server at https://chroma-copy-copy-production.up.railway.app:443 with token: True
✅ Connected to remote Chroma server
INFO:     127.0.0.1:51207 - "POST /api/mcp HTTP/1.1" 200 OK
INFO:mcp.server.lowlevel.server:Processing request of type CallToolRequest
INFO:hockey_mcp:⚖️ [TOOL CALL] search_hockey_rules: query='hockey rules penalties offsides icing basics', n_results=10
INFO:chromadb.telemetry.product.posthog:Anonymized telemetry enabled. See                     https://docs.trychroma.com/telemetry for more information.
INFO:httpx:HTTP Request: GET https://chroma-copy-copy-production.up.railway.app/api/v2/auth/identity "HTTP/1.1 200 OK"
INFO:chromadb.telemetry.product.posthog:Anonymized telemetry enabled. See                     https://docs.trychroma.com/telemetry for more information.
INFO:httpx:HTTP Request: GET https://chroma-copy-copy-production.up.railway.app/api/v2/tenants/default_tenant "HTTP/1.1 200 OK"
INFO:httpx:HTTP Request: GET https://chroma-copy-copy-production.up.railway.app/api/v2/tenants/default_tenant/databases/default_database "HTTP/1.1 200 OK"
INFO:httpx:HTTP Request: GET https://chroma-copy-copy-production.up.railway.app/api/v2/heartbeat "HTTP/1.1 200 OK"
INFO:httpx:HTTP Request: GET https://chroma-copy-copy-production.up.railway.app/api/v2/tenants/default_tenant/databases/default_database/collections/hockey_rules "HTTP/1.1 200 OK"
INFO:httpx:HTTP Request: POST https://chroma-copy-copy-production.up.railway.app/api/v2/tenants/default_tenant/databases/default_database/collections/41ea6112-cab7-46b8-bf6d-86eabd3ace04/query "HTTP/1.1 200 OK"
INFO:hockey_mcp:✅ [TOOL COMPLETE] search_hockey_rules: returned 10 rules in 0.71s
INFO:mcp.server.lowlevel.server:Processing request of type CallToolRequest
INFO:hockey_mcp:🎯 [TOOL CALL] search_hockey_tactics: query='hockey positions defensive offensive zone coverage', types=None, positions=None, n_results=10
INFO:chromadb.telemetry.product.posthog:Anonymized telemetry enabled. See                     https://docs.trychroma.com/telemetry for more information.
INFO:httpx:HTTP Request: GET https://chroma-copy-copy-production.up.railway.app/api/v2/auth/identity "HTTP/1.1 200 OK"
INFO:chromadb.telemetry.product.posthog:Anonymized telemetry enabled. See                     https://docs.trychroma.com/telemetry for more information.
INFO:httpx:HTTP Request: GET https://chroma-copy-copy-production.up.railway.app/api/v2/tenants/default_tenant "HTTP/1.1 200 OK"
INFO:httpx:HTTP Request: GET https://chroma-copy-copy-production.up.railway.app/api/v2/tenants/default_tenant/databases/default_database "HTTP/1.1 200 OK"
INFO:httpx:HTTP Request: GET https://chroma-copy-copy-production.up.railway.app/api/v2/heartbeat "HTTP/1.1 200 OK"
INFO:httpx:HTTP Request: GET https://chroma-copy-copy-production.up.railway.app/api/v2/tenants/default_tenant/databases/default_database/collections/hockey_tactics "HTTP/1.1 200 OK"
INFO:httpx:HTTP Request: POST https://chroma-copy-copy-production.up.railway.app/api/v2/tenants/default_tenant/databases/default_database/collections/416b96b2-dc4c-4e89-adb6-2497cbc56e92/query "HTTP/1.1 200 OK"
INFO:hockey_mcp:✅ [TOOL COMPLETE] search_hockey_tactics: returned 10 tactics in 0.72s
INFO:mcp.server.lowlevel.server:Processing request of type CallToolRequest
INFO:hockey_mcp:🎯 [TOOL CALL] search_hockey_tactics: query='hockey teamwork communication support systems', types=None, positions=None, n_results=10
INFO:chromadb.telemetry.product.posthog:Anonymized telemetry enabled. See                     https://docs.trychroma.com/telemetry for more information.
INFO:httpx:HTTP Request: GET https://chroma-copy-copy-production.up.railway.app/api/v2/auth/identity "HTTP/1.1 200 OK"
INFO:chromadb.telemetry.product.posthog:Anonymized telemetry enabled. See                     https://docs.trychroma.com/telemetry for more information.
INFO:httpx:HTTP Request: GET https://chroma-copy-copy-production.up.railway.app/api/v2/tenants/default_tenant "HTTP/1.1 200 OK"
INFO:httpx:HTTP Request: GET https://chroma-copy-copy-production.up.railway.app/api/v2/tenants/default_tenant/databases/default_database "HTTP/1.1 200 OK"
INFO:httpx:HTTP Request: GET https://chroma-copy-copy-production.up.railway.app/api/v2/heartbeat "HTTP/1.1 200 OK"
INFO:httpx:HTTP Request: GET https://chroma-copy-copy-production.up.railway.app/api/v2/tenants/default_tenant/databases/default_database/collections/hockey_tactics "HTTP/1.1 200 OK"
INFO:httpx:HTTP Request: POST https://chroma-copy-copy-production.up.railway.app/api/v2/tenants/default_tenant/databases/default_database/collections/416b96b2-dc4c-4e89-adb6-2497cbc56e92/query "HTTP/1.1 200 OK"
INFO:hockey_mcp:✅ [TOOL COMPLETE] search_hockey_tactics: returned 10 tactics in 0.61s
INFO:mcp.server.lowlevel.server:Processing request of type CallToolRequest
INFO:hockey_mcp:⚡ [TOOL CALL] search_hockey_skills: query='hockey skating passing shooting stickhandling techniques', n_results=10
INFO:chromadb.telemetry.product.posthog:Anonymized telemetry enabled. See                     https://docs.trychroma.com/telemetry for more information.
INFO:httpx:HTTP Request: GET https://chroma-copy-copy-production.up.railway.app/api/v2/auth/identity "HTTP/1.1 200 OK"
INFO:chromadb.telemetry.product.posthog:Anonymized telemetry enabled. See                     https://docs.trychroma.com/telemetry for more information.
INFO:httpx:HTTP Request: GET https://chroma-copy-copy-production.up.railway.app/api/v2/tenants/default_tenant "HTTP/1.1 200 OK"
INFO:httpx:HTTP Request: GET https://chroma-copy-copy-production.up.railway.app/api/v2/tenants/default_tenant/databases/default_database "HTTP/1.1 200 OK"
INFO:httpx:HTTP Request: GET https://chroma-copy-copy-production.up.railway.app/api/v2/heartbeat "HTTP/1.1 200 OK"
INFO:httpx:HTTP Request: GET https://chroma-copy-copy-production.up.railway.app/api/v2/tenants/default_tenant/databases/default_database/collections/hockey_skills "HTTP/1.1 200 OK"
INFO:httpx:HTTP Request: POST https://chroma-copy-copy-production.up.railway.app/api/v2/tenants/default_tenant/databases/default_database/collections/689a1fad-d612-40de-b077-4cddc4b59524/query "HTTP/1.1 200 OK"
INFO:hockey_mcp:✅ [TOOL COMPLETE] search_hockey_skills: returned 10 skills in 0.63s
INFO:mcp.server.lowlevel.server:Processing request of type ListToolsRequest
INFO:mcp.server.lowlevel.server:Processing request of type ListToolsRequest
INFO:mcp.server.lowlevel.server:Processing request of type ListToolsRequest
INFO:mcp.server.lowlevel.server:Processing request of type ListToolsRequest
Connecting to Chroma server at https://chroma-copy-copy-production.up.railway.app:443 with token: True
✅ Connected to remote Chroma server
Connecting to Chroma server at https://chroma-copy-copy-production.up.railway.app:443 with token: True
✅ Connected to remote Chroma server
Connecting to Chroma server at https://chroma-copy-copy-production.up.railway.app:443 with token: True
✅ Connected to remote Chroma server
Connecting to Chroma server at https://chroma-copy-copy-production.up.railway.app:443 with token: True
✅ Connected to remote Chroma server
INFO:     127.0.0.1:51285 - "POST /api/mcp HTTP/1.1" 200 OK
INFO:     127.0.0.1:51286 - "POST /api/mcp HTTP/1.1" 200 OK
INFO:     127.0.0.1:51287 - "POST /api/mcp HTTP/1.1" 200 OK
INFO:     127.0.0.1:51288 - "POST /api/mcp HTTP/1.1" 200 OK
INFO:mcp.server.lowlevel.server:Processing request of type CallToolRequest
INFO:hockey_mcp:⚖️ [TOOL CALL] search_hockey_rules: query='hockey rules penalties offsides icing basics', n_results=10
INFO:chromadb.telemetry.product.posthog:Anonymized telemetry enabled. See                     https://docs.trychroma.com/telemetry for more information.
INFO:httpx:HTTP Request: GET https://chroma-copy-copy-production.up.railway.app/api/v2/auth/identity "HTTP/1.1 200 OK"
INFO:chromadb.telemetry.product.posthog:Anonymized telemetry enabled. See                     https://docs.trychroma.com/telemetry for more information.
INFO:httpx:HTTP Request: GET https://chroma-copy-copy-production.up.railway.app/api/v2/tenants/default_tenant "HTTP/1.1 200 OK"
INFO:httpx:HTTP Request: GET https://chroma-copy-copy-production.up.railway.app/api/v2/tenants/default_tenant/databases/default_database "HTTP/1.1 200 OK"
INFO:httpx:HTTP Request: GET https://chroma-copy-copy-production.up.railway.app/api/v2/heartbeat "HTTP/1.1 200 OK"
INFO:httpx:HTTP Request: GET https://chroma-copy-copy-production.up.railway.app/api/v2/tenants/default_tenant/databases/default_database/collections/hockey_rules "HTTP/1.1 200 OK"
INFO:httpx:HTTP Request: POST https://chroma-copy-copy-production.up.railway.app/api/v2/tenants/default_tenant/databases/default_database/collections/41ea6112-cab7-46b8-bf6d-86eabd3ace04/query "HTTP/1.1 200 OK"
INFO:hockey_mcp:✅ [TOOL COMPLETE] search_hockey_rules: returned 10 rules in 0.67s
INFO:mcp.server.lowlevel.server:Processing request of type ListToolsRequest
Connecting to Chroma server at https://chroma-copy-copy-production.up.railway.app:443 with token: True
✅ Connected to remote Chroma server
INFO:     127.0.0.1:51285 - "POST /api/mcp HTTP/1.1" 200 OK
INFO:mcp.server.lowlevel.server:Processing request of type CallToolRequest
INFO:hockey_mcp:🎯 [TOOL CALL] search_hockey_tactics: query='hockey positions defensive offensive zone coverage', types=None, positions=None, n_results=10
INFO:chromadb.telemetry.product.posthog:Anonymized telemetry enabled. See                     https://docs.trychroma.com/telemetry for more information.
INFO:httpx:HTTP Request: GET https://chroma-copy-copy-production.up.railway.app/api/v2/auth/identity "HTTP/1.1 200 OK"
INFO:chromadb.telemetry.product.posthog:Anonymized telemetry enabled. See                     https://docs.trychroma.com/telemetry for more information.
INFO:httpx:HTTP Request: GET https://chroma-copy-copy-production.up.railway.app/api/v2/tenants/default_tenant "HTTP/1.1 200 OK"
INFO:httpx:HTTP Request: GET https://chroma-copy-copy-production.up.railway.app/api/v2/tenants/default_tenant/databases/default_database "HTTP/1.1 200 OK"
INFO:httpx:HTTP Request: GET https://chroma-copy-copy-production.up.railway.app/api/v2/heartbeat "HTTP/1.1 200 OK"
INFO:httpx:HTTP Request: GET https://chroma-copy-copy-production.up.railway.app/api/v2/tenants/default_tenant/databases/default_database/collections/hockey_tactics "HTTP/1.1 200 OK"
INFO:httpx:HTTP Request: POST https://chroma-copy-copy-production.up.railway.app/api/v2/tenants/default_tenant/databases/default_database/collections/416b96b2-dc4c-4e89-adb6-2497cbc56e92/query "HTTP/1.1 200 OK"
INFO:hockey_mcp:✅ [TOOL COMPLETE] search_hockey_tactics: returned 10 tactics in 0.70s
INFO:mcp.server.lowlevel.server:Processing request of type ListToolsRequest
INFO:mcp.server.lowlevel.server:Processing request of type CallToolRequest
INFO:hockey_mcp:⚡ [TOOL CALL] search_hockey_skills: query='hockey skating passing shooting stickhandling techniques', n_results=10
INFO:chromadb.telemetry.product.posthog:Anonymized telemetry enabled. See                     https://docs.trychroma.com/telemetry for more information.
INFO:httpx:HTTP Request: GET https://chroma-copy-copy-production.up.railway.app/api/v2/auth/identity "HTTP/1.1 200 OK"
INFO:chromadb.telemetry.product.posthog:Anonymized telemetry enabled. See                     https://docs.trychroma.com/telemetry for more information.
INFO:httpx:HTTP Request: GET https://chroma-copy-copy-production.up.railway.app/api/v2/tenants/default_tenant "HTTP/1.1 200 OK"
INFO:httpx:HTTP Request: GET https://chroma-copy-copy-production.up.railway.app/api/v2/tenants/default_tenant/databases/default_database "HTTP/1.1 200 OK"
INFO:httpx:HTTP Request: GET https://chroma-copy-copy-production.up.railway.app/api/v2/heartbeat "HTTP/1.1 200 OK"
INFO:httpx:HTTP Request: GET https://chroma-copy-copy-production.up.railway.app/api/v2/tenants/default_tenant/databases/default_database/collections/hockey_skills "HTTP/1.1 200 OK"
INFO:httpx:HTTP Request: POST https://chroma-copy-copy-production.up.railway.app/api/v2/tenants/default_tenant/databases/default_database/collections/689a1fad-d612-40de-b077-4cddc4b59524/query "HTTP/1.1 200 OK"
INFO:hockey_mcp:✅ [TOOL COMPLETE] search_hockey_skills: returned 10 skills in 0.61s
Connecting to Chroma server at https://chroma-copy-copy-production.up.railway.app:443 with token: True
✅ Connected to remote Chroma server
Connecting to Chroma server at https://chroma-copy-copy-production.up.railway.app:443 with token: True
✅ Connected to remote Chroma server
INFO:     127.0.0.1:51285 - "POST /api/mcp HTTP/1.1" 200 OK
INFO:mcp.server.lowlevel.server:Processing request of type ListToolsRequest
INFO:mcp.server.lowlevel.server:Processing request of type CallToolRequest
INFO:hockey_mcp:🎯 [TOOL CALL] search_hockey_tactics: query='hockey teamwork communication support systems', types=None, positions=None, n_results=10
INFO:chromadb.telemetry.product.posthog:Anonymized telemetry enabled. See                     https://docs.trychroma.com/telemetry for more information.
INFO:httpx:HTTP Request: GET https://chroma-copy-copy-production.up.railway.app/api/v2/auth/identity "HTTP/1.1 200 OK"
INFO:chromadb.telemetry.product.posthog:Anonymized telemetry enabled. See                     https://docs.trychroma.com/telemetry for more information.
INFO:httpx:HTTP Request: GET https://chroma-copy-copy-production.up.railway.app/api/v2/tenants/default_tenant "HTTP/1.1 200 OK"
INFO:httpx:HTTP Request: GET https://chroma-copy-copy-production.up.railway.app/api/v2/tenants/default_tenant/databases/default_database "HTTP/1.1 200 OK"
INFO:httpx:HTTP Request: GET https://chroma-copy-copy-production.up.railway.app/api/v2/heartbeat "HTTP/1.1 200 OK"
INFO:httpx:HTTP Request: GET https://chroma-copy-copy-production.up.railway.app/api/v2/tenants/default_tenant/databases/default_database/collections/hockey_tactics "HTTP/1.1 200 OK"
INFO:httpx:HTTP Request: POST https://chroma-copy-copy-production.up.railway.app/api/v2/tenants/default_tenant/databases/default_database/collections/416b96b2-dc4c-4e89-adb6-2497cbc56e92/query "HTTP/1.1 200 OK"
INFO:hockey_mcp:✅ [TOOL COMPLETE] search_hockey_tactics: returned 10 tactics in 0.76s
Connecting to Chroma server at https://chroma-copy-copy-production.up.railway.app:443 with token: True
✅ Connected to remote Chroma server
INFO:     127.0.0.1:51312 - "POST /api/mcp HTTP/1.1" 200 OK
INFO:mcp.server.lowlevel.server:Processing request of type ListToolsRequest
INFO:     127.0.0.1:51317 - "POST /api/mcp HTTP/1.1" 200 OK
INFO:mcp.server.lowlevel.server:Processing request of type CallToolRequest
INFO:hockey_mcp:🎯 [TOOL CALL] search_hockey_tactics: query='hockey teamwork communication support systems', types=None, positions=None, n_results=10
INFO:chromadb.telemetry.product.posthog:Anonymized telemetry enabled. See                     https://docs.trychroma.com/telemetry for more information.
INFO:httpx:HTTP Request: GET https://chroma-copy-copy-production.up.railway.app/api/v2/auth/identity "HTTP/1.1 200 OK"
INFO:chromadb.telemetry.product.posthog:Anonymized telemetry enabled. See                     https://docs.trychroma.com/telemetry for more information.
INFO:httpx:HTTP Request: GET https://chroma-copy-copy-production.up.railway.app/api/v2/tenants/default_tenant "HTTP/1.1 200 OK"
INFO:httpx:HTTP Request: GET https://chroma-copy-copy-production.up.railway.app/api/v2/tenants/default_tenant/databases/default_database "HTTP/1.1 200 OK"
INFO:httpx:HTTP Request: GET https://chroma-copy-copy-production.up.railway.app/api/v2/heartbeat "HTTP/1.1 200 OK"
INFO:httpx:HTTP Request: GET https://chroma-copy-copy-production.up.railway.app/api/v2/tenants/default_tenant/databases/default_database/collections/hockey_tactics "HTTP/1.1 200 OK"
INFO:httpx:HTTP Request: POST https://chroma-copy-copy-production.up.railway.app/api/v2/tenants/default_tenant/databases/default_database/collections/416b96b2-dc4c-4e89-adb6-2497cbc56e92/query "HTTP/1.1 200 OK"
INFO:hockey_mcp:✅ [TOOL COMPLETE] search_hockey_tactics: returned 10 tactics in 0.70s
INFO:mcp.server.lowlevel.server:Processing request of type ListToolsRequest
INFO:mcp.server.lowlevel.server:Processing request of type CallToolRequest
INFO:hockey_mcp:🎯 [TOOL CALL] search_hockey_tactics: query='hockey positions defensive offensive zone coverage', types=None, positions=None, n_results=10
INFO:chromadb.telemetry.product.posthog:Anonymized telemetry enabled. See                     https://docs.trychroma.com/telemetry for more information.
INFO:httpx:HTTP Request: GET https://chroma-copy-copy-production.up.railway.app/api/v2/auth/identity "HTTP/1.1 200 OK"
INFO:chromadb.telemetry.product.posthog:Anonymized telemetry enabled. See                     https://docs.trychroma.com/telemetry for more information.
INFO:httpx:HTTP Request: GET https://chroma-copy-copy-production.up.railway.app/api/v2/tenants/default_tenant "HTTP/1.1 200 OK"
INFO:httpx:HTTP Request: GET https://chroma-copy-copy-production.up.railway.app/api/v2/tenants/default_tenant/databases/default_database "HTTP/1.1 200 OK"
INFO:httpx:HTTP Request: GET https://chroma-copy-copy-production.up.railway.app/api/v2/heartbeat "HTTP/1.1 200 OK"
INFO:httpx:HTTP Request: GET https://chroma-copy-copy-production.up.railway.app/api/v2/tenants/default_tenant/databases/default_database/collections/hockey_tactics "HTTP/1.1 200 OK"
INFO:httpx:HTTP Request: POST https://chroma-copy-copy-production.up.railway.app/api/v2/tenants/default_tenant/databases/default_database/collections/416b96b2-dc4c-4e89-adb6-2497cbc56e92/query "HTTP/1.1 200 OK"
INFO:hockey_mcp:✅ [TOOL COMPLETE] search_hockey_tactics: returned 10 tactics in 0.66s
Connecting to Chroma server at https://chroma-copy-copy-production.up.railway.app:443 with token: True
✅ Connected to remote Chroma server
Connecting to Chroma server at https://chroma-copy-copy-production.up.railway.app:443 with token: True
✅ Connected to remote Chroma server
INFO:     127.0.0.1:51322 - "POST /api/mcp HTTP/1.1" 200 OK
INFO:mcp.server.lowlevel.server:Processing request of type ListToolsRequest
INFO:mcp.server.lowlevel.server:Processing request of type CallToolRequest
INFO:hockey_mcp:⚖️ [TOOL CALL] search_hockey_rules: query='hockey rules penalties offsides icing basics', n_results=10
INFO:chromadb.telemetry.product.posthog:Anonymized telemetry enabled. See                     https://docs.trychroma.com/telemetry for more information.
INFO:httpx:HTTP Request: GET https://chroma-copy-copy-production.up.railway.app/api/v2/auth/identity "HTTP/1.1 200 OK"
INFO:chromadb.telemetry.product.posthog:Anonymized telemetry enabled. See                     https://docs.trychroma.com/telemetry for more information.
INFO:httpx:HTTP Request: GET https://chroma-copy-copy-production.up.railway.app/api/v2/tenants/default_tenant "HTTP/1.1 200 OK"
INFO:httpx:HTTP Request: GET https://chroma-copy-copy-production.up.railway.app/api/v2/tenants/default_tenant/databases/default_database "HTTP/1.1 200 OK"
INFO:httpx:HTTP Request: GET https://chroma-copy-copy-production.up.railway.app/api/v2/heartbeat "HTTP/1.1 200 OK"
INFO:httpx:HTTP Request: GET https://chroma-copy-copy-production.up.railway.app/api/v2/tenants/default_tenant/databases/default_database/collections/hockey_rules "HTTP/1.1 200 OK"
INFO:httpx:HTTP Request: POST https://chroma-copy-copy-production.up.railway.app/api/v2/tenants/default_tenant/databases/default_database/collections/41ea6112-cab7-46b8-bf6d-86eabd3ace04/query "HTTP/1.1 200 OK"
INFO:hockey_mcp:✅ [TOOL COMPLETE] search_hockey_rules: returned 10 rules in 0.66s
INFO:mcp.server.lowlevel.server:Processing request of type CallToolRequest
INFO:hockey_mcp:⚡ [TOOL CALL] search_hockey_skills: query='hockey skating passing shooting stickhandling techniques', n_results=10
INFO:chromadb.telemetry.product.posthog:Anonymized telemetry enabled. See                     https://docs.trychroma.com/telemetry for more information.
INFO:httpx:HTTP Request: GET https://chroma-copy-copy-production.up.railway.app/api/v2/auth/identity "HTTP/1.1 200 OK"
INFO:chromadb.telemetry.product.posthog:Anonymized telemetry enabled. See                     https://docs.trychroma.com/telemetry for more information.
INFO:httpx:HTTP Request: GET https://chroma-copy-copy-production.up.railway.app/api/v2/tenants/default_tenant "HTTP/1.1 200 OK"
INFO:httpx:HTTP Request: GET https://chroma-copy-copy-production.up.railway.app/api/v2/tenants/default_tenant/databases/default_database "HTTP/1.1 200 OK"
INFO:httpx:HTTP Request: GET https://chroma-copy-copy-production.up.railway.app/api/v2/heartbeat "HTTP/1.1 200 OK"
INFO:httpx:HTTP Request: GET https://chroma-copy-copy-production.up.railway.app/api/v2/tenants/default_tenant/databases/default_database/collections/hockey_skills "HTTP/1.1 200 OK"
INFO:httpx:HTTP Request: POST https://chroma-copy-copy-production.up.railway.app/api/v2/tenants/default_tenant/databases/default_database/collections/689a1fad-d612-40de-b077-4cddc4b59524/query "HTTP/1.1 200 OK"
INFO:hockey_mcp:✅ [TOOL COMPLETE] search_hockey_skills: returned 10 skills in 1.63s
Connecting to Chroma server at https://chroma-copy-copy-production.up.railway.app:443 with token: True
✅ Connected to remote Chroma server
Connecting to Chroma server at https://chroma-copy-copy-production.up.railway.app:443 with token: True
✅ Connected to remote Chroma server
INFO:     127.0.0.1:51327 - "POST /api/mcp HTTP/1.1" 200 OK
INFO:mcp.server.lowlevel.server:Processing request of type ListToolsRequest
INFO:mcp.server.lowlevel.server:Processing request of type ListToolsRequest
INFO:     127.0.0.1:51331 - "POST /api/mcp HTTP/1.1" 200 OK
INFO:     127.0.0.1:51333 - "POST /api/mcp HTTP/1.1" 200 OK
INFO:mcp.server.lowlevel.server:Processing request of type CallToolRequest
INFO:hockey_mcp:⚖️ [TOOL CALL] search_hockey_rules: query='hockey rules penalties offsides icing basics', n_results=10
INFO:chromadb.telemetry.product.posthog:Anonymized telemetry enabled. See                     https://docs.trychroma.com/telemetry for more information.
INFO:httpx:HTTP Request: GET https://chroma-copy-copy-production.up.railway.app/api/v2/auth/identity "HTTP/1.1 200 OK"
INFO:chromadb.telemetry.product.posthog:Anonymized telemetry enabled. See                     https://docs.trychroma.com/telemetry for more information.
INFO:httpx:HTTP Request: GET https://chroma-copy-copy-production.up.railway.app/api/v2/tenants/default_tenant "HTTP/1.1 200 OK"
INFO:httpx:HTTP Request: GET https://chroma-copy-copy-production.up.railway.app/api/v2/tenants/default_tenant/databases/default_database "HTTP/1.1 200 OK"
INFO:httpx:HTTP Request: GET https://chroma-copy-copy-production.up.railway.app/api/v2/heartbeat "HTTP/1.1 200 OK"
INFO:httpx:HTTP Request: GET https://chroma-copy-copy-production.up.railway.app/api/v2/tenants/default_tenant/databases/default_database/collections/hockey_rules "HTTP/1.1 200 OK"
INFO:httpx:HTTP Request: POST https://chroma-copy-copy-production.up.railway.app/api/v2/tenants/default_tenant/databases/default_database/collections/41ea6112-cab7-46b8-bf6d-86eabd3ace04/query "HTTP/1.1 200 OK"
INFO:hockey_mcp:✅ [TOOL COMPLETE] search_hockey_rules: returned 10 rules in 0.76s
INFO:mcp.server.lowlevel.server:Processing request of type ListToolsRequest
INFO:mcp.server.lowlevel.server:Processing request of type CallToolRequest
INFO:hockey_mcp:🎯 [TOOL CALL] search_hockey_tactics: query='hockey positions defensive offensive zone coverage', types=None, positions=None, n_results=10
INFO:chromadb.telemetry.product.posthog:Anonymized telemetry enabled. See                     https://docs.trychroma.com/telemetry for more information.
INFO:httpx:HTTP Request: GET https://chroma-copy-copy-production.up.railway.app/api/v2/auth/identity "HTTP/1.1 200 OK"
INFO:chromadb.telemetry.product.posthog:Anonymized telemetry enabled. See                     https://docs.trychroma.com/telemetry for more information.
INFO:httpx:HTTP Request: GET https://chroma-copy-copy-production.up.railway.app/api/v2/tenants/default_tenant "HTTP/1.1 200 OK"
INFO:httpx:HTTP Request: GET https://chroma-copy-copy-production.up.railway.app/api/v2/tenants/default_tenant/databases/default_database "HTTP/1.1 200 OK"
INFO:httpx:HTTP Request: GET https://chroma-copy-copy-production.up.railway.app/api/v2/heartbeat "HTTP/1.1 200 OK"
INFO:httpx:HTTP Request: GET https://chroma-copy-copy-production.up.railway.app/api/v2/tenants/default_tenant/databases/default_database/collections/hockey_tactics "HTTP/1.1 200 OK"
INFO:httpx:HTTP Request: POST https://chroma-copy-copy-production.up.railway.app/api/v2/tenants/default_tenant/databases/default_database/collections/416b96b2-dc4c-4e89-adb6-2497cbc56e92/query "HTTP/1.1 200 OK"
INFO:hockey_mcp:✅ [TOOL COMPLETE] search_hockey_tactics: returned 10 tactics in 0.69s
Connecting to Chroma server at https://chroma-copy-copy-production.up.railway.app:443 with token: True
✅ Connected to remote Chroma server
Connecting to Chroma server at https://chroma-copy-copy-production.up.railway.app:443 with token: True
✅ Connected to remote Chroma server
INFO:     127.0.0.1:51341 - "POST /api/mcp HTTP/1.1" 200 OK
INFO:mcp.server.lowlevel.server:Processing request of type ListToolsRequest
INFO:mcp.server.lowlevel.server:Processing request of type CallToolRequest
INFO:hockey_mcp:🎯 [TOOL CALL] search_hockey_tactics: query='hockey teamwork communication support systems', types=None, positions=None, n_results=10
INFO:chromadb.telemetry.product.posthog:Anonymized telemetry enabled. See                     https://docs.trychroma.com/telemetry for more information.
INFO:httpx:HTTP Request: GET https://chroma-copy-copy-production.up.railway.app/api/v2/auth/identity "HTTP/1.1 200 OK"
INFO:chromadb.telemetry.product.posthog:Anonymized telemetry enabled. See                     https://docs.trychroma.com/telemetry for more information.
INFO:httpx:HTTP Request: GET https://chroma-copy-copy-production.up.railway.app/api/v2/tenants/default_tenant "HTTP/1.1 200 OK"
INFO:httpx:HTTP Request: GET https://chroma-copy-copy-production.up.railway.app/api/v2/tenants/default_tenant/databases/default_database "HTTP/1.1 200 OK"
INFO:httpx:HTTP Request: GET https://chroma-copy-copy-production.up.railway.app/api/v2/heartbeat "HTTP/1.1 200 OK"
INFO:httpx:HTTP Request: GET https://chroma-copy-copy-production.up.railway.app/api/v2/tenants/default_tenant/databases/default_database/collections/hockey_tactics "HTTP/1.1 200 OK"
INFO:httpx:HTTP Request: POST https://chroma-copy-copy-production.up.railway.app/api/v2/tenants/default_tenant/databases/default_database/collections/416b96b2-dc4c-4e89-adb6-2497cbc56e92/query "HTTP/1.1 200 OK"
INFO:hockey_mcp:✅ [TOOL COMPLETE] search_hockey_tactics: returned 10 tactics in 0.65s
Connecting to Chroma server at https://chroma-copy-copy-production.up.railway.app:443 with token: True
✅ Connected to remote Chroma server
INFO:     127.0.0.1:51344 - "POST /api/mcp HTTP/1.1" 200 OK
INFO:mcp.server.lowlevel.server:Processing request of type ListToolsRequest
INFO:mcp.server.lowlevel.server:Processing request of type CallToolRequest
INFO:hockey_mcp:⚡ [TOOL CALL] search_hockey_skills: query='hockey skating passing shooting stickhandling techniques', n_results=10
INFO:chromadb.telemetry.product.posthog:Anonymized telemetry enabled. See                     https://docs.trychroma.com/telemetry for more information.
INFO:httpx:HTTP Request: GET https://chroma-copy-copy-production.up.railway.app/api/v2/auth/identity "HTTP/1.1 200 OK"
INFO:chromadb.telemetry.product.posthog:Anonymized telemetry enabled. See                     https://docs.trychroma.com/telemetry for more information.
INFO:httpx:HTTP Request: GET https://chroma-copy-copy-production.up.railway.app/api/v2/tenants/default_tenant "HTTP/1.1 200 OK"
INFO:httpx:HTTP Request: GET https://chroma-copy-copy-production.up.railway.app/api/v2/tenants/default_tenant/databases/default_database "HTTP/1.1 200 OK"
INFO:httpx:HTTP Request: GET https://chroma-copy-copy-production.up.railway.app/api/v2/heartbeat "HTTP/1.1 200 OK"
INFO:httpx:HTTP Request: GET https://chroma-copy-copy-production.up.railway.app/api/v2/tenants/default_tenant/databases/default_database/collections/hockey_skills "HTTP/1.1 200 OK"
INFO:httpx:HTTP Request: POST https://chroma-copy-copy-production.up.railway.app/api/v2/tenants/default_tenant/databases/default_database/collections/689a1fad-d612-40de-b077-4cddc4b59524/query "HTTP/1.1 200 OK"
INFO:hockey_mcp:✅ [TOOL COMPLETE] search_hockey_skills: returned 10 skills in 0.63s
Connecting to Chroma server at https://chroma-copy-copy-production.up.railway.app:443 with token: True
✅ Connected to remote Chroma server
INFO:     127.0.0.1:51348 - "POST /api/mcp HTTP/1.1" 200 OK
INFO:mcp.server.lowlevel.server:Processing request of type ListToolsRequest
INFO:     127.0.0.1:51341 - "POST /api/mcp HTTP/1.1" 200 OK
INFO:mcp.server.lowlevel.server:Processing request of type CallToolRequest
INFO:hockey_mcp:🎯 [TOOL CALL] search_hockey_tactics: query='hockey positions defensive offensive zone coverage', types=None, positions=None, n_results=10
INFO:chromadb.telemetry.product.posthog:Anonymized telemetry enabled. See                     https://docs.trychroma.com/telemetry for more information.
INFO:httpx:HTTP Request: GET https://chroma-copy-copy-production.up.railway.app/api/v2/auth/identity "HTTP/1.1 200 OK"
INFO:chromadb.telemetry.product.posthog:Anonymized telemetry enabled. See                     https://docs.trychroma.com/telemetry for more information.
INFO:httpx:HTTP Request: GET https://chroma-copy-copy-production.up.railway.app/api/v2/tenants/default_tenant "HTTP/1.1 200 OK"
INFO:httpx:HTTP Request: GET https://chroma-copy-copy-production.up.railway.app/api/v2/tenants/default_tenant/databases/default_database "HTTP/1.1 200 OK"
INFO:httpx:HTTP Request: GET https://chroma-copy-copy-production.up.railway.app/api/v2/heartbeat "HTTP/1.1 200 OK"
INFO:httpx:HTTP Request: GET https://chroma-copy-copy-production.up.railway.app/api/v2/tenants/default_tenant/databases/default_database/collections/hockey_tactics "HTTP/1.1 200 OK"
INFO:httpx:HTTP Request: POST https://chroma-copy-copy-production.up.railway.app/api/v2/tenants/default_tenant/databases/default_database/collections/416b96b2-dc4c-4e89-adb6-2497cbc56e92/query "HTTP/1.1 200 OK"
INFO:hockey_mcp:✅ [TOOL COMPLETE] search_hockey_tactics: returned 10 tactics in 0.67s
INFO:mcp.server.lowlevel.server:Processing request of type ListToolsRequest
Connecting to Chroma server at https://chroma-copy-copy-production.up.railway.app:443 with token: True
✅ Connected to remote Chroma server
INFO:     127.0.0.1:51341 - "POST /api/mcp HTTP/1.1" 200 OK
INFO:mcp.server.lowlevel.server:Processing request of type CallToolRequest
INFO:hockey_mcp:⚖️ [TOOL CALL] search_hockey_rules: query='hockey rules penalties offsides icing basics', n_results=10
INFO:chromadb.telemetry.product.posthog:Anonymized telemetry enabled. See                     https://docs.trychroma.com/telemetry for more information.
INFO:httpx:HTTP Request: GET https://chroma-copy-copy-production.up.railway.app/api/v2/auth/identity "HTTP/1.1 200 OK"
INFO:chromadb.telemetry.product.posthog:Anonymized telemetry enabled. See                     https://docs.trychroma.com/telemetry for more information.
INFO:httpx:HTTP Request: GET https://chroma-copy-copy-production.up.railway.app/api/v2/tenants/default_tenant "HTTP/1.1 200 OK"
INFO:httpx:HTTP Request: GET https://chroma-copy-copy-production.up.railway.app/api/v2/tenants/default_tenant/databases/default_database "HTTP/1.1 200 OK"
INFO:httpx:HTTP Request: GET https://chroma-copy-copy-production.up.railway.app/api/v2/heartbeat "HTTP/1.1 200 OK"
INFO:httpx:HTTP Request: GET https://chroma-copy-copy-production.up.railway.app/api/v2/tenants/default_tenant/databases/default_database/collections/hockey_rules "HTTP/1.1 200 OK"
INFO:httpx:HTTP Request: POST https://chroma-copy-copy-production.up.railway.app/api/v2/tenants/default_tenant/databases/default_database/collections/41ea6112-cab7-46b8-bf6d-86eabd3ace04/query "HTTP/1.1 200 OK"
INFO:hockey_mcp:✅ [TOOL COMPLETE] search_hockey_rules: returned 10 rules in 0.57s
INFO:mcp.server.lowlevel.server:Processing request of type ListToolsRequest
INFO:mcp.server.lowlevel.server:Processing request of type CallToolRequest
INFO:hockey_mcp:🎯 [TOOL CALL] search_hockey_tactics: query='hockey teamwork communication support systems', types=None, positions=None, n_results=10
INFO:chromadb.telemetry.product.posthog:Anonymized telemetry enabled. See                     https://docs.trychroma.com/telemetry for more information.
INFO:httpx:HTTP Request: GET https://chroma-copy-copy-production.up.railway.app/api/v2/auth/identity "HTTP/1.1 200 OK"
INFO:chromadb.telemetry.product.posthog:Anonymized telemetry enabled. See                     https://docs.trychroma.com/telemetry for more information.
INFO:httpx:HTTP Request: GET https://chroma-copy-copy-production.up.railway.app/api/v2/tenants/default_tenant "HTTP/1.1 200 OK"
INFO:httpx:HTTP Request: GET https://chroma-copy-copy-production.up.railway.app/api/v2/tenants/default_tenant/databases/default_database "HTTP/1.1 200 OK"
INFO:httpx:HTTP Request: GET https://chroma-copy-copy-production.up.railway.app/api/v2/heartbeat "HTTP/1.1 200 OK"
INFO:httpx:HTTP Request: GET https://chroma-copy-copy-production.up.railway.app/api/v2/tenants/default_tenant/databases/default_database/collections/hockey_tactics "HTTP/1.1 200 OK"
INFO:httpx:HTTP Request: POST https://chroma-copy-copy-production.up.railway.app/api/v2/tenants/default_tenant/databases/default_database/collections/416b96b2-dc4c-4e89-adb6-2497cbc56e92/query "HTTP/1.1 200 OK"
INFO:hockey_mcp:✅ [TOOL COMPLETE] search_hockey_tactics: returned 10 tactics in 0.69s
INFO:mcp.server.lowlevel.server:Processing request of type CallToolRequest
INFO:hockey_mcp:⚡ [TOOL CALL] search_hockey_skills: query='hockey skating passing shooting stickhandling techniques', n_results=10
INFO:chromadb.telemetry.product.posthog:Anonymized telemetry enabled. See                     https://docs.trychroma.com/telemetry for more information.
INFO:httpx:HTTP Request: GET https://chroma-copy-copy-production.up.railway.app/api/v2/auth/identity "HTTP/1.1 200 OK"
INFO:chromadb.telemetry.product.posthog:Anonymized telemetry enabled. See                     https://docs.trychroma.com/telemetry for more information.
INFO:httpx:HTTP Request: GET https://chroma-copy-copy-production.up.railway.app/api/v2/tenants/default_tenant "HTTP/1.1 200 OK"
INFO:httpx:HTTP Request: GET https://chroma-copy-copy-production.up.railway.app/api/v2/tenants/default_tenant/databases/default_database "HTTP/1.1 200 OK"
INFO:httpx:HTTP Request: GET https://chroma-copy-copy-production.up.railway.app/api/v2/heartbeat "HTTP/1.1 200 OK"
INFO:httpx:HTTP Request: GET https://chroma-copy-copy-production.up.railway.app/api/v2/tenants/default_tenant/databases/default_database/collections/hockey_skills "HTTP/1.1 200 OK"
INFO:httpx:HTTP Request: POST https://chroma-copy-copy-production.up.railway.app/api/v2/tenants/default_tenant/databases/default_database/collections/689a1fad-d612-40de-b077-4cddc4b59524/query "HTTP/1.1 200 OK"
INFO:hockey_mcp:✅ [TOOL COMPLETE] search_hockey_skills: returned 10 skills in 0.63s
Connecting to Chroma server at https://chroma-copy-copy-production.up.railway.app:443 with token: True
✅ Connected to remote Chroma server
Connecting to Chroma server at https://chroma-copy-copy-production.up.railway.app:443 with token: True
✅ Connected to remote Chroma server
Connecting to Chroma server at https://chroma-copy-copy-production.up.railway.app:443 with token: True
✅ Connected to remote Chroma server
INFO:     127.0.0.1:51341 - "POST /api/mcp HTTP/1.1" 200 OK
INFO:mcp.server.lowlevel.server:Processing request of type ListToolsRequest
INFO:mcp.server.lowlevel.server:Processing request of type ListToolsRequest
INFO:     127.0.0.1:51360 - "POST /api/mcp HTTP/1.1" 200 OK
INFO:     127.0.0.1:51362 - "POST /api/mcp HTTP/1.1" 200 OK
INFO:mcp.server.lowlevel.server:Processing request of type CallToolRequest
INFO:hockey_mcp:⚖️ [TOOL CALL] search_hockey_rules: query='hockey rules penalties offsides icing basics', n_results=10
INFO:chromadb.telemetry.product.posthog:Anonymized telemetry enabled. See                     https://docs.trychroma.com/telemetry for more information.
INFO:httpx:HTTP Request: GET https://chroma-copy-copy-production.up.railway.app/api/v2/auth/identity "HTTP/1.1 200 OK"
INFO:chromadb.telemetry.product.posthog:Anonymized telemetry enabled. See                     https://docs.trychroma.com/telemetry for more information.
INFO:httpx:HTTP Request: GET https://chroma-copy-copy-production.up.railway.app/api/v2/tenants/default_tenant "HTTP/1.1 200 OK"
INFO:httpx:HTTP Request: GET https://chroma-copy-copy-production.up.railway.app/api/v2/tenants/default_tenant/databases/default_database "HTTP/1.1 200 OK"
INFO:httpx:HTTP Request: GET https://chroma-copy-copy-production.up.railway.app/api/v2/heartbeat "HTTP/1.1 200 OK"
INFO:httpx:HTTP Request: GET https://chroma-copy-copy-production.up.railway.app/api/v2/tenants/default_tenant/databases/default_database/collections/hockey_rules "HTTP/1.1 200 OK"
INFO:httpx:HTTP Request: POST https://chroma-copy-copy-production.up.railway.app/api/v2/tenants/default_tenant/databases/default_database/collections/41ea6112-cab7-46b8-bf6d-86eabd3ace04/query "HTTP/1.1 200 OK"
INFO:hockey_mcp:✅ [TOOL COMPLETE] search_hockey_rules: returned 10 rules in 0.63s
INFO:mcp.server.lowlevel.server:Processing request of type CallToolRequest
INFO:hockey_mcp:🎯 [TOOL CALL] search_hockey_tactics: query='hockey positions defensive offensive zone coverage', types=None, positions=None, n_results=10
INFO:chromadb.telemetry.product.posthog:Anonymized telemetry enabled. See                     https://docs.trychroma.com/telemetry for more information.
INFO:httpx:HTTP Request: GET https://chroma-copy-copy-production.up.railway.app/api/v2/auth/identity "HTTP/1.1 200 OK"
INFO:chromadb.telemetry.product.posthog:Anonymized telemetry enabled. See                     https://docs.trychroma.com/telemetry for more information.
INFO:httpx:HTTP Request: GET https://chroma-copy-copy-production.up.railway.app/api/v2/tenants/default_tenant "HTTP/1.1 200 OK"
INFO:httpx:HTTP Request: GET https://chroma-copy-copy-production.up.railway.app/api/v2/tenants/default_tenant/databases/default_database "HTTP/1.1 200 OK"
INFO:httpx:HTTP Request: GET https://chroma-copy-copy-production.up.railway.app/api/v2/heartbeat "HTTP/1.1 200 OK"
INFO:httpx:HTTP Request: GET https://chroma-copy-copy-production.up.railway.app/api/v2/tenants/default_tenant/databases/default_database/collections/hockey_tactics "HTTP/1.1 200 OK"
INFO:httpx:HTTP Request: POST https://chroma-copy-copy-production.up.railway.app/api/v2/tenants/default_tenant/databases/default_database/collections/416b96b2-dc4c-4e89-adb6-2497cbc56e92/query "HTTP/1.1 200 OK"
INFO:hockey_mcp:✅ [TOOL COMPLETE] search_hockey_tactics: returned 10 tactics in 0.62s
INFO:mcp.server.lowlevel.server:Processing request of type CallToolRequest
INFO:hockey_mcp:🎯 [TOOL CALL] search_hockey_tactics: query='hockey teamwork communication support systems', types=None, positions=None, n_results=10
INFO:chromadb.telemetry.product.posthog:Anonymized telemetry enabled. See                     https://docs.trychroma.com/telemetry for more information.
INFO:httpx:HTTP Request: GET https://chroma-copy-copy-production.up.railway.app/api/v2/auth/identity "HTTP/1.1 200 OK"
INFO:chromadb.telemetry.product.posthog:Anonymized telemetry enabled. See                     https://docs.trychroma.com/telemetry for more information.
INFO:httpx:HTTP Request: GET https://chroma-copy-copy-production.up.railway.app/api/v2/tenants/default_tenant "HTTP/1.1 200 OK"
INFO:httpx:HTTP Request: GET https://chroma-copy-copy-production.up.railway.app/api/v2/tenants/default_tenant/databases/default_database "HTTP/1.1 200 OK"
INFO:httpx:HTTP Request: GET https://chroma-copy-copy-production.up.railway.app/api/v2/heartbeat "HTTP/1.1 200 OK"
INFO:httpx:HTTP Request: GET https://chroma-copy-copy-production.up.railway.app/api/v2/tenants/default_tenant/databases/default_database/collections/hockey_tactics "HTTP/1.1 200 OK"
INFO:httpx:HTTP Request: POST https://chroma-copy-copy-production.up.railway.app/api/v2/tenants/default_tenant/databases/default_database/collections/416b96b2-dc4c-4e89-adb6-2497cbc56e92/query "HTTP/1.1 200 OK"
INFO:hockey_mcp:✅ [TOOL COMPLETE] search_hockey_tactics: returned 10 tactics in 0.73s
INFO:mcp.server.lowlevel.server:Processing request of type CallToolRequest
INFO:hockey_mcp:⚡ [TOOL CALL] search_hockey_skills: query='hockey skating passing shooting stickhandling techniques', n_results=10
INFO:chromadb.telemetry.product.posthog:Anonymized telemetry enabled. See                     https://docs.trychroma.com/telemetry for more information.
INFO:httpx:HTTP Request: GET https://chroma-copy-copy-production.up.railway.app/api/v2/auth/identity "HTTP/1.1 200 OK"
INFO:chromadb.telemetry.product.posthog:Anonymized telemetry enabled. See                     https://docs.trychroma.com/telemetry for more information.
INFO:httpx:HTTP Request: GET https://chroma-copy-copy-production.up.railway.app/api/v2/tenants/default_tenant "HTTP/1.1 200 OK"
INFO:httpx:HTTP Request: GET https://chroma-copy-copy-production.up.railway.app/api/v2/tenants/default_tenant/databases/default_database "HTTP/1.1 200 OK"
INFO:httpx:HTTP Request: GET https://chroma-copy-copy-production.up.railway.app/api/v2/heartbeat "HTTP/1.1 200 OK"
INFO:httpx:HTTP Request: GET https://chroma-copy-copy-production.up.railway.app/api/v2/tenants/default_tenant/databases/default_database/collections/hockey_skills "HTTP/1.1 200 OK"
INFO:httpx:HTTP Request: POST https://chroma-copy-copy-production.up.railway.app/api/v2/tenants/default_tenant/databases/default_database/collections/689a1fad-d612-40de-b077-4cddc4b59524/query "HTTP/1.1 200 OK"
INFO:hockey_mcp:✅ [TOOL COMPLETE] search_hockey_skills: returned 10 skills in 0.61s
INFO:mcp.server.lowlevel.server:Processing request of type ListToolsRequest
INFO:mcp.server.lowlevel.server:Processing request of type ListToolsRequest
INFO:mcp.server.lowlevel.server:Processing request of type ListToolsRequest
INFO:mcp.server.lowlevel.server:Processing request of type ListToolsRequest
Connecting to Chroma server at https://chroma-copy-copy-production.up.railway.app:443 with token: True
✅ Connected to remote Chroma server
Connecting to Chroma server at https://chroma-copy-copy-production.up.railway.app:443 with token: True
✅ Connected to remote Chroma server
Connecting to Chroma server at https://chroma-copy-copy-production.up.railway.app:443 with token: True
✅ Connected to remote Chroma server
Connecting to Chroma server at https://chroma-copy-copy-production.up.railway.app:443 with token: True
✅ Connected to remote Chroma server
INFO:     127.0.0.1:52233 - "POST /api/mcp HTTP/1.1" 200 OK
INFO:     127.0.0.1:52234 - "POST /api/mcp HTTP/1.1" 200 OK
INFO:     127.0.0.1:52235 - "POST /api/mcp HTTP/1.1" 200 OK
INFO:     127.0.0.1:52236 - "POST /api/mcp HTTP/1.1" 200 OK
INFO:mcp.server.lowlevel.server:Processing request of type CallToolRequest
INFO:hockey_mcp:⚖️ [TOOL CALL] search_hockey_rules: query='hockey rules penalties offsides icing basics', n_results=10
INFO:chromadb.telemetry.product.posthog:Anonymized telemetry enabled. See                     https://docs.trychroma.com/telemetry for more information.
INFO:httpx:HTTP Request: GET https://chroma-copy-copy-production.up.railway.app/api/v2/auth/identity "HTTP/1.1 200 OK"
INFO:chromadb.telemetry.product.posthog:Anonymized telemetry enabled. See                     https://docs.trychroma.com/telemetry for more information.
INFO:httpx:HTTP Request: GET https://chroma-copy-copy-production.up.railway.app/api/v2/tenants/default_tenant "HTTP/1.1 200 OK"
INFO:httpx:HTTP Request: GET https://chroma-copy-copy-production.up.railway.app/api/v2/tenants/default_tenant/databases/default_database "HTTP/1.1 200 OK"
INFO:httpx:HTTP Request: GET https://chroma-copy-copy-production.up.railway.app/api/v2/heartbeat "HTTP/1.1 200 OK"
INFO:httpx:HTTP Request: GET https://chroma-copy-copy-production.up.railway.app/api/v2/tenants/default_tenant/databases/default_database/collections/hockey_rules "HTTP/1.1 200 OK"
INFO:httpx:HTTP Request: POST https://chroma-copy-copy-production.up.railway.app/api/v2/tenants/default_tenant/databases/default_database/collections/41ea6112-cab7-46b8-bf6d-86eabd3ace04/query "HTTP/1.1 200 OK"
INFO:hockey_mcp:✅ [TOOL COMPLETE] search_hockey_rules: returned 10 rules in 0.68s
INFO:mcp.server.lowlevel.server:Processing request of type ListToolsRequest
Connecting to Chroma server at https://chroma-copy-copy-production.up.railway.app:443 with token: True
✅ Connected to remote Chroma server
INFO:     127.0.0.1:52272 - "POST /api/mcp HTTP/1.1" 200 OK
INFO:mcp.server.lowlevel.server:Processing request of type CallToolRequest
INFO:hockey_mcp:🎯 [TOOL CALL] search_hockey_tactics: query='hockey positions defensive offensive zone coverage', types=None, positions=None, n_results=10
INFO:chromadb.telemetry.product.posthog:Anonymized telemetry enabled. See                     https://docs.trychroma.com/telemetry for more information.
INFO:httpx:HTTP Request: GET https://chroma-copy-copy-production.up.railway.app/api/v2/auth/identity "HTTP/1.1 200 OK"
INFO:chromadb.telemetry.product.posthog:Anonymized telemetry enabled. See                     https://docs.trychroma.com/telemetry for more information.
INFO:httpx:HTTP Request: GET https://chroma-copy-copy-production.up.railway.app/api/v2/tenants/default_tenant "HTTP/1.1 200 OK"
INFO:httpx:HTTP Request: GET https://chroma-copy-copy-production.up.railway.app/api/v2/tenants/default_tenant/databases/default_database "HTTP/1.1 200 OK"
INFO:httpx:HTTP Request: GET https://chroma-copy-copy-production.up.railway.app/api/v2/heartbeat "HTTP/1.1 200 OK"
INFO:httpx:HTTP Request: GET https://chroma-copy-copy-production.up.railway.app/api/v2/tenants/default_tenant/databases/default_database/collections/hockey_tactics "HTTP/1.1 200 OK"
INFO:httpx:HTTP Request: POST https://chroma-copy-copy-production.up.railway.app/api/v2/tenants/default_tenant/databases/default_database/collections/416b96b2-dc4c-4e89-adb6-2497cbc56e92/query "HTTP/1.1 200 OK"
INFO:hockey_mcp:✅ [TOOL COMPLETE] search_hockey_tactics: returned 10 tactics in 0.61s
INFO:mcp.server.lowlevel.server:Processing request of type ListToolsRequest
Connecting to Chroma server at https://chroma-copy-copy-production.up.railway.app:443 with token: True
✅ Connected to remote Chroma server
INFO:     127.0.0.1:52272 - "POST /api/mcp HTTP/1.1" 200 OK
INFO:mcp.server.lowlevel.server:Processing request of type CallToolRequest
INFO:hockey_mcp:⚡ [TOOL CALL] search_hockey_skills: query='hockey skating passing shooting stickhandling techniques', n_results=10
INFO:chromadb.telemetry.product.posthog:Anonymized telemetry enabled. See                     https://docs.trychroma.com/telemetry for more information.
INFO:httpx:HTTP Request: GET https://chroma-copy-copy-production.up.railway.app/api/v2/auth/identity "HTTP/1.1 200 OK"
INFO:chromadb.telemetry.product.posthog:Anonymized telemetry enabled. See                     https://docs.trychroma.com/telemetry for more information.
INFO:httpx:HTTP Request: GET https://chroma-copy-copy-production.up.railway.app/api/v2/tenants/default_tenant "HTTP/1.1 200 OK"
INFO:httpx:HTTP Request: GET https://chroma-copy-copy-production.up.railway.app/api/v2/tenants/default_tenant/databases/default_database "HTTP/1.1 200 OK"
INFO:httpx:HTTP Request: GET https://chroma-copy-copy-production.up.railway.app/api/v2/heartbeat "HTTP/1.1 200 OK"
INFO:httpx:HTTP Request: GET https://chroma-copy-copy-production.up.railway.app/api/v2/tenants/default_tenant/databases/default_database/collections/hockey_skills "HTTP/1.1 200 OK"
INFO:httpx:HTTP Request: POST https://chroma-copy-copy-production.up.railway.app/api/v2/tenants/default_tenant/databases/default_database/collections/689a1fad-d612-40de-b077-4cddc4b59524/query "HTTP/1.1 200 OK"
INFO:hockey_mcp:✅ [TOOL COMPLETE] search_hockey_skills: returned 10 skills in 0.56s
INFO:mcp.server.lowlevel.server:Processing request of type ListToolsRequest
INFO:mcp.server.lowlevel.server:Processing request of type CallToolRequest
INFO:hockey_mcp:⚖️ [TOOL CALL] search_hockey_rules: query='hockey rules penalties offsides icing basics', n_results=10
INFO:chromadb.telemetry.product.posthog:Anonymized telemetry enabled. See                     https://docs.trychroma.com/telemetry for more information.
INFO:httpx:HTTP Request: GET https://chroma-copy-copy-production.up.railway.app/api/v2/auth/identity "HTTP/1.1 200 OK"
INFO:chromadb.telemetry.product.posthog:Anonymized telemetry enabled. See                     https://docs.trychroma.com/telemetry for more information.
INFO:httpx:HTTP Request: GET https://chroma-copy-copy-production.up.railway.app/api/v2/tenants/default_tenant "HTTP/1.1 200 OK"
INFO:httpx:HTTP Request: GET https://chroma-copy-copy-production.up.railway.app/api/v2/tenants/default_tenant/databases/default_database "HTTP/1.1 200 OK"
INFO:httpx:HTTP Request: GET https://chroma-copy-copy-production.up.railway.app/api/v2/heartbeat "HTTP/1.1 200 OK"
INFO:httpx:HTTP Request: GET https://chroma-copy-copy-production.up.railway.app/api/v2/tenants/default_tenant/databases/default_database/collections/hockey_rules "HTTP/1.1 200 OK"
INFO:httpx:HTTP Request: POST https://chroma-copy-copy-production.up.railway.app/api/v2/tenants/default_tenant/databases/default_database/collections/41ea6112-cab7-46b8-bf6d-86eabd3ace04/query "HTTP/1.1 200 OK"
INFO:hockey_mcp:✅ [TOOL COMPLETE] search_hockey_rules: returned 10 rules in 0.54s
INFO:mcp.server.lowlevel.server:Processing request of type CallToolRequest
INFO:hockey_mcp:🎯 [TOOL CALL] search_hockey_tactics: query='hockey positions defensive offensive zone coverage', types=None, positions=None, n_results=10
INFO:chromadb.telemetry.product.posthog:Anonymized telemetry enabled. See                     https://docs.trychroma.com/telemetry for more information.
INFO:httpx:HTTP Request: GET https://chroma-copy-copy-production.up.railway.app/api/v2/auth/identity "HTTP/1.1 200 OK"
INFO:chromadb.telemetry.product.posthog:Anonymized telemetry enabled. See                     https://docs.trychroma.com/telemetry for more information.
INFO:httpx:HTTP Request: GET https://chroma-copy-copy-production.up.railway.app/api/v2/tenants/default_tenant "HTTP/1.1 200 OK"
INFO:httpx:HTTP Request: GET https://chroma-copy-copy-production.up.railway.app/api/v2/tenants/default_tenant/databases/default_database "HTTP/1.1 200 OK"
INFO:httpx:HTTP Request: GET https://chroma-copy-copy-production.up.railway.app/api/v2/heartbeat "HTTP/1.1 200 OK"
INFO:httpx:HTTP Request: GET https://chroma-copy-copy-production.up.railway.app/api/v2/tenants/default_tenant/databases/default_database/collections/hockey_tactics "HTTP/1.1 200 OK"
INFO:httpx:HTTP Request: POST https://chroma-copy-copy-production.up.railway.app/api/v2/tenants/default_tenant/databases/default_database/collections/416b96b2-dc4c-4e89-adb6-2497cbc56e92/query "HTTP/1.1 200 OK"
INFO:hockey_mcp:✅ [TOOL COMPLETE] search_hockey_tactics: returned 10 tactics in 0.57s
INFO:mcp.server.lowlevel.server:Processing request of type CallToolRequest
INFO:hockey_mcp:⚡ [TOOL CALL] search_hockey_skills: query='hockey skating passing shooting stickhandling techniques', n_results=10
INFO:chromadb.telemetry.product.posthog:Anonymized telemetry enabled. See                     https://docs.trychroma.com/telemetry for more information.
INFO:httpx:HTTP Request: GET https://chroma-copy-copy-production.up.railway.app/api/v2/auth/identity "HTTP/1.1 200 OK"
INFO:chromadb.telemetry.product.posthog:Anonymized telemetry enabled. See                     https://docs.trychroma.com/telemetry for more information.
INFO:httpx:HTTP Request: GET https://chroma-copy-copy-production.up.railway.app/api/v2/tenants/default_tenant "HTTP/1.1 200 OK"
INFO:httpx:HTTP Request: GET https://chroma-copy-copy-production.up.railway.app/api/v2/tenants/default_tenant/databases/default_database "HTTP/1.1 200 OK"
INFO:httpx:HTTP Request: GET https://chroma-copy-copy-production.up.railway.app/api/v2/heartbeat "HTTP/1.1 200 OK"
INFO:httpx:HTTP Request: GET https://chroma-copy-copy-production.up.railway.app/api/v2/tenants/default_tenant/databases/default_database/collections/hockey_skills "HTTP/1.1 200 OK"
INFO:httpx:HTTP Request: POST https://chroma-copy-copy-production.up.railway.app/api/v2/tenants/default_tenant/databases/default_database/collections/689a1fad-d612-40de-b077-4cddc4b59524/query "HTTP/1.1 200 OK"
INFO:hockey_mcp:✅ [TOOL COMPLETE] search_hockey_skills: returned 10 skills in 0.61s
INFO:mcp.server.lowlevel.server:Processing request of type CallToolRequest
INFO:hockey_mcp:🎯 [TOOL CALL] search_hockey_tactics: query='hockey teamwork communication support systems', types=None, positions=None, n_results=10
INFO:chromadb.telemetry.product.posthog:Anonymized telemetry enabled. See                     https://docs.trychroma.com/telemetry for more information.
INFO:httpx:HTTP Request: GET https://chroma-copy-copy-production.up.railway.app/api/v2/auth/identity "HTTP/1.1 200 OK"
INFO:chromadb.telemetry.product.posthog:Anonymized telemetry enabled. See                     https://docs.trychroma.com/telemetry for more information.
INFO:httpx:HTTP Request: GET https://chroma-copy-copy-production.up.railway.app/api/v2/tenants/default_tenant "HTTP/1.1 200 OK"
INFO:httpx:HTTP Request: GET https://chroma-copy-copy-production.up.railway.app/api/v2/tenants/default_tenant/databases/default_database "HTTP/1.1 200 OK"
INFO:httpx:HTTP Request: GET https://chroma-copy-copy-production.up.railway.app/api/v2/heartbeat "HTTP/1.1 200 OK"
INFO:httpx:HTTP Request: GET https://chroma-copy-copy-production.up.railway.app/api/v2/tenants/default_tenant/databases/default_database/collections/hockey_tactics "HTTP/1.1 200 OK"
INFO:httpx:HTTP Request: POST https://chroma-copy-copy-production.up.railway.app/api/v2/tenants/default_tenant/databases/default_database/collections/416b96b2-dc4c-4e89-adb6-2497cbc56e92/query "HTTP/1.1 200 OK"
INFO:hockey_mcp:✅ [TOOL COMPLETE] search_hockey_tactics: returned 10 tactics in 0.69s
Connecting to Chroma server at https://chroma-copy-copy-production.up.railway.app:443 with token: True
✅ Connected to remote Chroma server
Connecting to Chroma server at https://chroma-copy-copy-production.up.railway.app:443 with token: True
✅ Connected to remote Chroma server
Connecting to Chroma server at https://chroma-copy-copy-production.up.railway.app:443 with token: True
✅ Connected to remote Chroma server
Connecting to Chroma server at https://chroma-copy-copy-production.up.railway.app:443 with token: True
✅ Connected to remote Chroma server
Connecting to Chroma server at https://chroma-copy-copy-production.up.railway.app:443 with token: True
✅ Connected to remote Chroma server
INFO:     127.0.0.1:52272 - "POST /api/mcp HTTP/1.1" 200 OK
INFO:mcp.server.lowlevel.server:Processing request of type ListToolsRequest
INFO:mcp.server.lowlevel.server:Processing request of type ListToolsRequest
INFO:mcp.server.lowlevel.server:Processing request of type ListToolsRequest
INFO:mcp.server.lowlevel.server:Processing request of type ListToolsRequest
INFO:mcp.server.lowlevel.server:Processing request of type CallToolRequest
INFO:hockey_mcp:⚖️ [TOOL CALL] search_hockey_rules: query='hockey rules penalties offsides icing basics', n_results=10
INFO:chromadb.telemetry.product.posthog:Anonymized telemetry enabled. See                     https://docs.trychroma.com/telemetry for more information.
INFO:httpx:HTTP Request: GET https://chroma-copy-copy-production.up.railway.app/api/v2/auth/identity "HTTP/1.1 200 OK"
INFO:chromadb.telemetry.product.posthog:Anonymized telemetry enabled. See                     https://docs.trychroma.com/telemetry for more information.
INFO:httpx:HTTP Request: GET https://chroma-copy-copy-production.up.railway.app/api/v2/tenants/default_tenant "HTTP/1.1 200 OK"
INFO:httpx:HTTP Request: GET https://chroma-copy-copy-production.up.railway.app/api/v2/tenants/default_tenant/databases/default_database "HTTP/1.1 200 OK"
INFO:httpx:HTTP Request: GET https://chroma-copy-copy-production.up.railway.app/api/v2/heartbeat "HTTP/1.1 200 OK"
INFO:httpx:HTTP Request: GET https://chroma-copy-copy-production.up.railway.app/api/v2/tenants/default_tenant/databases/default_database/collections/hockey_rules "HTTP/1.1 200 OK"
INFO:httpx:HTTP Request: POST https://chroma-copy-copy-production.up.railway.app/api/v2/tenants/default_tenant/databases/default_database/collections/41ea6112-cab7-46b8-bf6d-86eabd3ace04/query "HTTP/1.1 200 OK"
INFO:hockey_mcp:✅ [TOOL COMPLETE] search_hockey_rules: returned 10 rules in 0.54s
INFO:mcp.server.lowlevel.server:Processing request of type CallToolRequest
INFO:hockey_mcp:🎯 [TOOL CALL] search_hockey_tactics: query='hockey teamwork communication support systems', types=None, positions=None, n_results=10
INFO:chromadb.telemetry.product.posthog:Anonymized telemetry enabled. See                     https://docs.trychroma.com/telemetry for more information.
INFO:httpx:HTTP Request: GET https://chroma-copy-copy-production.up.railway.app/api/v2/auth/identity "HTTP/1.1 200 OK"
INFO:chromadb.telemetry.product.posthog:Anonymized telemetry enabled. See                     https://docs.trychroma.com/telemetry for more information.
INFO:httpx:HTTP Request: GET https://chroma-copy-copy-production.up.railway.app/api/v2/tenants/default_tenant "HTTP/1.1 200 OK"
INFO:httpx:HTTP Request: GET https://chroma-copy-copy-production.up.railway.app/api/v2/tenants/default_tenant/databases/default_database "HTTP/1.1 200 OK"
INFO:httpx:HTTP Request: GET https://chroma-copy-copy-production.up.railway.app/api/v2/heartbeat "HTTP/1.1 200 OK"
INFO:httpx:HTTP Request: GET https://chroma-copy-copy-production.up.railway.app/api/v2/tenants/default_tenant/databases/default_database/collections/hockey_tactics "HTTP/1.1 200 OK"
INFO:httpx:HTTP Request: POST https://chroma-copy-copy-production.up.railway.app/api/v2/tenants/default_tenant/databases/default_database/collections/416b96b2-dc4c-4e89-adb6-2497cbc56e92/query "HTTP/1.1 200 OK"
INFO:hockey_mcp:✅ [TOOL COMPLETE] search_hockey_tactics: returned 10 tactics in 0.64s
Connecting to Chroma server at https://chroma-copy-copy-production.up.railway.app:443 with token: True
✅ Connected to remote Chroma server
Connecting to Chroma server at https://chroma-copy-copy-production.up.railway.app:443 with token: True
✅ Connected to remote Chroma server
INFO:     127.0.0.1:52281 - "POST /api/mcp HTTP/1.1" 200 OK
INFO:     127.0.0.1:52282 - "POST /api/mcp HTTP/1.1" 200 OK
INFO:     127.0.0.1:52285 - "POST /api/mcp HTTP/1.1" 200 OK
INFO:     127.0.0.1:52286 - "POST /api/mcp HTTP/1.1" 200 OK
INFO:mcp.server.lowlevel.server:Processing request of type ListToolsRequest
INFO:mcp.server.lowlevel.server:Processing request of type ListToolsRequest
INFO:mcp.server.lowlevel.server:Processing request of type CallToolRequest
INFO:hockey_mcp:🎯 [TOOL CALL] search_hockey_tactics: query='hockey positions defensive offensive zone coverage', types=None, positions=None, n_results=10
INFO:chromadb.telemetry.product.posthog:Anonymized telemetry enabled. See                     https://docs.trychroma.com/telemetry for more information.
INFO:httpx:HTTP Request: GET https://chroma-copy-copy-production.up.railway.app/api/v2/auth/identity "HTTP/1.1 200 OK"
INFO:chromadb.telemetry.product.posthog:Anonymized telemetry enabled. See                     https://docs.trychroma.com/telemetry for more information.
INFO:httpx:HTTP Request: GET https://chroma-copy-copy-production.up.railway.app/api/v2/tenants/default_tenant "HTTP/1.1 200 OK"
INFO:httpx:HTTP Request: GET https://chroma-copy-copy-production.up.railway.app/api/v2/tenants/default_tenant/databases/default_database "HTTP/1.1 200 OK"
INFO:httpx:HTTP Request: GET https://chroma-copy-copy-production.up.railway.app/api/v2/heartbeat "HTTP/1.1 200 OK"
INFO:httpx:HTTP Request: GET https://chroma-copy-copy-production.up.railway.app/api/v2/tenants/default_tenant/databases/default_database/collections/hockey_tactics "HTTP/1.1 200 OK"
INFO:httpx:HTTP Request: POST https://chroma-copy-copy-production.up.railway.app/api/v2/tenants/default_tenant/databases/default_database/collections/416b96b2-dc4c-4e89-adb6-2497cbc56e92/query "HTTP/1.1 200 OK"
INFO:hockey_mcp:✅ [TOOL COMPLETE] search_hockey_tactics: returned 10 tactics in 0.63s
Connecting to Chroma server at https://chroma-copy-copy-production.up.railway.app:443 with token: True
✅ Connected to remote Chroma server
INFO:     127.0.0.1:52293 - "POST /api/mcp HTTP/1.1" 200 OK
INFO:     127.0.0.1:52297 - "POST /api/mcp HTTP/1.1" 200 OK
INFO:mcp.server.lowlevel.server:Processing request of type ListToolsRequest
INFO:     127.0.0.1:52272 - "POST /api/mcp HTTP/1.1" 200 OK
INFO:mcp.server.lowlevel.server:Processing request of type CallToolRequest
INFO:hockey_mcp:⚡ [TOOL CALL] search_hockey_skills: query='hockey skating passing shooting stickhandling techniques', n_results=10
INFO:chromadb.telemetry.product.posthog:Anonymized telemetry enabled. See                     https://docs.trychroma.com/telemetry for more information.
INFO:httpx:HTTP Request: GET https://chroma-copy-copy-production.up.railway.app/api/v2/auth/identity "HTTP/1.1 200 OK"
INFO:chromadb.telemetry.product.posthog:Anonymized telemetry enabled. See                     https://docs.trychroma.com/telemetry for more information.
INFO:httpx:HTTP Request: GET https://chroma-copy-copy-production.up.railway.app/api/v2/tenants/default_tenant "HTTP/1.1 200 OK"
INFO:httpx:HTTP Request: GET https://chroma-copy-copy-production.up.railway.app/api/v2/tenants/default_tenant/databases/default_database "HTTP/1.1 200 OK"
INFO:httpx:HTTP Request: GET https://chroma-copy-copy-production.up.railway.app/api/v2/heartbeat "HTTP/1.1 200 OK"
INFO:httpx:HTTP Request: GET https://chroma-copy-copy-production.up.railway.app/api/v2/tenants/default_tenant/databases/default_database/collections/hockey_skills "HTTP/1.1 200 OK"
INFO:httpx:HTTP Request: POST https://chroma-copy-copy-production.up.railway.app/api/v2/tenants/default_tenant/databases/default_database/collections/689a1fad-d612-40de-b077-4cddc4b59524/query "HTTP/1.1 200 OK"
INFO:hockey_mcp:✅ [TOOL COMPLETE] search_hockey_skills: returned 10 skills in 0.59s
INFO:mcp.server.lowlevel.server:Processing request of type ListToolsRequest
Connecting to Chroma server at https://chroma-copy-copy-production.up.railway.app:443 with token: True
✅ Connected to remote Chroma server
INFO:     127.0.0.1:52272 - "POST /api/mcp HTTP/1.1" 200 OK
INFO:mcp.server.lowlevel.server:Processing request of type CallToolRequest
INFO:hockey_mcp:⚖️ [TOOL CALL] search_hockey_rules: query='hockey rules penalties offsides icing basics', n_results=10
INFO:chromadb.telemetry.product.posthog:Anonymized telemetry enabled. See                     https://docs.trychroma.com/telemetry for more information.
INFO:httpx:HTTP Request: GET https://chroma-copy-copy-production.up.railway.app/api/v2/auth/identity "HTTP/1.1 200 OK"
INFO:chromadb.telemetry.product.posthog:Anonymized telemetry enabled. See                     https://docs.trychroma.com/telemetry for more information.
INFO:httpx:HTTP Request: GET https://chroma-copy-copy-production.up.railway.app/api/v2/tenants/default_tenant "HTTP/1.1 200 OK"
INFO:httpx:HTTP Request: GET https://chroma-copy-copy-production.up.railway.app/api/v2/tenants/default_tenant/databases/default_database "HTTP/1.1 200 OK"
INFO:httpx:HTTP Request: GET https://chroma-copy-copy-production.up.railway.app/api/v2/heartbeat "HTTP/1.1 200 OK"
INFO:httpx:HTTP Request: GET https://chroma-copy-copy-production.up.railway.app/api/v2/tenants/default_tenant/databases/default_database/collections/hockey_rules "HTTP/1.1 200 OK"
INFO:httpx:HTTP Request: POST https://chroma-copy-copy-production.up.railway.app/api/v2/tenants/default_tenant/databases/default_database/collections/41ea6112-cab7-46b8-bf6d-86eabd3ace04/query "HTTP/1.1 200 OK"
INFO:hockey_mcp:✅ [TOOL COMPLETE] search_hockey_rules: returned 10 rules in 0.56s
INFO:mcp.server.lowlevel.server:Processing request of type ListToolsRequest
Connecting to Chroma server at https://chroma-copy-copy-production.up.railway.app:443 with token: True
✅ Connected to remote Chroma server
INFO:     127.0.0.1:52272 - "POST /api/mcp HTTP/1.1" 200 OK
INFO:mcp.server.lowlevel.server:Processing request of type CallToolRequest
INFO:hockey_mcp:⚖️ [TOOL CALL] search_hockey_rules: query='hockey rules penalties offsides icing basics', n_results=10
INFO:chromadb.telemetry.product.posthog:Anonymized telemetry enabled. See                     https://docs.trychroma.com/telemetry for more information.
INFO:httpx:HTTP Request: GET https://chroma-copy-copy-production.up.railway.app/api/v2/auth/identity "HTTP/1.1 200 OK"
INFO:chromadb.telemetry.product.posthog:Anonymized telemetry enabled. See                     https://docs.trychroma.com/telemetry for more information.
INFO:httpx:HTTP Request: GET https://chroma-copy-copy-production.up.railway.app/api/v2/tenants/default_tenant "HTTP/1.1 200 OK"
INFO:httpx:HTTP Request: GET https://chroma-copy-copy-production.up.railway.app/api/v2/tenants/default_tenant/databases/default_database "HTTP/1.1 200 OK"
INFO:httpx:HTTP Request: GET https://chroma-copy-copy-production.up.railway.app/api/v2/heartbeat "HTTP/1.1 200 OK"
INFO:httpx:HTTP Request: GET https://chroma-copy-copy-production.up.railway.app/api/v2/tenants/default_tenant/databases/default_database/collections/hockey_rules "HTTP/1.1 200 OK"
INFO:httpx:HTTP Request: POST https://chroma-copy-copy-production.up.railway.app/api/v2/tenants/default_tenant/databases/default_database/collections/41ea6112-cab7-46b8-bf6d-86eabd3ace04/query "HTTP/1.1 200 OK"
INFO:hockey_mcp:✅ [TOOL COMPLETE] search_hockey_rules: returned 10 rules in 0.53s
INFO:mcp.server.lowlevel.server:Processing request of type ListToolsRequest
INFO:mcp.server.lowlevel.server:Processing request of type CallToolRequest
INFO:hockey_mcp:⚡ [TOOL CALL] search_hockey_skills: query='hockey skating passing shooting stickhandling techniques', n_results=10
INFO:chromadb.telemetry.product.posthog:Anonymized telemetry enabled. See                     https://docs.trychroma.com/telemetry for more information.
INFO:httpx:HTTP Request: GET https://chroma-copy-copy-production.up.railway.app/api/v2/auth/identity "HTTP/1.1 200 OK"
INFO:chromadb.telemetry.product.posthog:Anonymized telemetry enabled. See                     https://docs.trychroma.com/telemetry for more information.
INFO:httpx:HTTP Request: GET https://chroma-copy-copy-production.up.railway.app/api/v2/tenants/default_tenant "HTTP/1.1 200 OK"
INFO:httpx:HTTP Request: GET https://chroma-copy-copy-production.up.railway.app/api/v2/tenants/default_tenant/databases/default_database "HTTP/1.1 200 OK"
INFO:httpx:HTTP Request: GET https://chroma-copy-copy-production.up.railway.app/api/v2/heartbeat "HTTP/1.1 200 OK"
INFO:httpx:HTTP Request: GET https://chroma-copy-copy-production.up.railway.app/api/v2/tenants/default_tenant/databases/default_database/collections/hockey_skills "HTTP/1.1 200 OK"
INFO:httpx:HTTP Request: POST https://chroma-copy-copy-production.up.railway.app/api/v2/tenants/default_tenant/databases/default_database/collections/689a1fad-d612-40de-b077-4cddc4b59524/query "HTTP/1.1 200 OK"
INFO:hockey_mcp:✅ [TOOL COMPLETE] search_hockey_skills: returned 10 skills in 0.55s
Connecting to Chroma server at https://chroma-copy-copy-production.up.railway.app:443 with token: True
✅ Connected to remote Chroma server
Connecting to Chroma server at https://chroma-copy-copy-production.up.railway.app:443 with token: True
✅ Connected to remote Chroma server
INFO:     127.0.0.1:52272 - "POST /api/mcp HTTP/1.1" 200 OK
INFO:mcp.server.lowlevel.server:Processing request of type ListToolsRequest
INFO:mcp.server.lowlevel.server:Processing request of type CallToolRequest
INFO:hockey_mcp:🎯 [TOOL CALL] search_hockey_tactics: query='hockey teamwork communication support systems', types=None, positions=None, n_results=10
INFO:chromadb.telemetry.product.posthog:Anonymized telemetry enabled. See                     https://docs.trychroma.com/telemetry for more information.
INFO:httpx:HTTP Request: GET https://chroma-copy-copy-production.up.railway.app/api/v2/auth/identity "HTTP/1.1 200 OK"
INFO:chromadb.telemetry.product.posthog:Anonymized telemetry enabled. See                     https://docs.trychroma.com/telemetry for more information.
INFO:httpx:HTTP Request: GET https://chroma-copy-copy-production.up.railway.app/api/v2/tenants/default_tenant "HTTP/1.1 200 OK"
INFO:httpx:HTTP Request: GET https://chroma-copy-copy-production.up.railway.app/api/v2/tenants/default_tenant/databases/default_database "HTTP/1.1 200 OK"
INFO:httpx:HTTP Request: GET https://chroma-copy-copy-production.up.railway.app/api/v2/heartbeat "HTTP/1.1 200 OK"
INFO:httpx:HTTP Request: GET https://chroma-copy-copy-production.up.railway.app/api/v2/tenants/default_tenant/databases/default_database/collections/hockey_tactics "HTTP/1.1 200 OK"
INFO:httpx:HTTP Request: POST https://chroma-copy-copy-production.up.railway.app/api/v2/tenants/default_tenant/databases/default_database/collections/416b96b2-dc4c-4e89-adb6-2497cbc56e92/query "HTTP/1.1 200 OK"
INFO:hockey_mcp:✅ [TOOL COMPLETE] search_hockey_tactics: returned 10 tactics in 0.67s
Connecting to Chroma server at https://chroma-copy-copy-production.up.railway.app:443 with token: True
✅ Connected to remote Chroma server
INFO:     127.0.0.1:52318 - "POST /api/mcp HTTP/1.1" 200 OK
INFO:mcp.server.lowlevel.server:Processing request of type ListToolsRequest
INFO:mcp.server.lowlevel.server:Processing request of type CallToolRequest
INFO:hockey_mcp:🎯 [TOOL CALL] search_hockey_tactics: query='hockey teamwork communication support systems', types=None, positions=None, n_results=10
INFO:chromadb.telemetry.product.posthog:Anonymized telemetry enabled. See                     https://docs.trychroma.com/telemetry for more information.
INFO:httpx:HTTP Request: GET https://chroma-copy-copy-production.up.railway.app/api/v2/auth/identity "HTTP/1.1 200 OK"
INFO:chromadb.telemetry.product.posthog:Anonymized telemetry enabled. See                     https://docs.trychroma.com/telemetry for more information.
INFO:httpx:HTTP Request: GET https://chroma-copy-copy-production.up.railway.app/api/v2/tenants/default_tenant "HTTP/1.1 200 OK"
INFO:httpx:HTTP Request: GET https://chroma-copy-copy-production.up.railway.app/api/v2/tenants/default_tenant/databases/default_database "HTTP/1.1 200 OK"
INFO:httpx:HTTP Request: GET https://chroma-copy-copy-production.up.railway.app/api/v2/heartbeat "HTTP/1.1 200 OK"
INFO:httpx:HTTP Request: GET https://chroma-copy-copy-production.up.railway.app/api/v2/tenants/default_tenant/databases/default_database/collections/hockey_tactics "HTTP/1.1 200 OK"
INFO:httpx:HTTP Request: POST https://chroma-copy-copy-production.up.railway.app/api/v2/tenants/default_tenant/databases/default_database/collections/416b96b2-dc4c-4e89-adb6-2497cbc56e92/query "HTTP/1.1 200 OK"
INFO:hockey_mcp:✅ [TOOL COMPLETE] search_hockey_tactics: returned 10 tactics in 1.17s
INFO:mcp.server.lowlevel.server:Processing request of type CallToolRequest
INFO:hockey_mcp:🎯 [TOOL CALL] search_hockey_tactics: query='hockey positions defensive offensive zone coverage', types=None, positions=None, n_results=10
INFO:chromadb.telemetry.product.posthog:Anonymized telemetry enabled. See                     https://docs.trychroma.com/telemetry for more information.
INFO:httpx:HTTP Request: GET https://chroma-copy-copy-production.up.railway.app/api/v2/auth/identity "HTTP/1.1 200 OK"
INFO:chromadb.telemetry.product.posthog:Anonymized telemetry enabled. See                     https://docs.trychroma.com/telemetry for more information.
INFO:httpx:HTTP Request: GET https://chroma-copy-copy-production.up.railway.app/api/v2/tenants/default_tenant "HTTP/1.1 200 OK"
INFO:httpx:HTTP Request: GET https://chroma-copy-copy-production.up.railway.app/api/v2/tenants/default_tenant/databases/default_database "HTTP/1.1 200 OK"
INFO:httpx:HTTP Request: GET https://chroma-copy-copy-production.up.railway.app/api/v2/heartbeat "HTTP/1.1 200 OK"
INFO:httpx:HTTP Request: GET https://chroma-copy-copy-production.up.railway.app/api/v2/tenants/default_tenant/databases/default_database/collections/hockey_tactics "HTTP/1.1 200 OK"
INFO:httpx:HTTP Request: POST https://chroma-copy-copy-production.up.railway.app/api/v2/tenants/default_tenant/databases/default_database/collections/416b96b2-dc4c-4e89-adb6-2497cbc56e92/query "HTTP/1.1 200 OK"
INFO:hockey_mcp:✅ [TOOL COMPLETE] search_hockey_tactics: returned 10 tactics in 0.62s
INFO:mcp.server.lowlevel.server:Processing request of type CallToolRequest
INFO:hockey_mcp:🎯 [TOOL CALL] search_hockey_tactics: query='hockey positions defensive offensive zone coverage', types=None, positions=None, n_results=10
INFO:chromadb.telemetry.product.posthog:Anonymized telemetry enabled. See                     https://docs.trychroma.com/telemetry for more information.
INFO:httpx:HTTP Request: GET https://chroma-copy-copy-production.up.railway.app/api/v2/auth/identity "HTTP/1.1 200 OK"
INFO:chromadb.telemetry.product.posthog:Anonymized telemetry enabled. See                     https://docs.trychroma.com/telemetry for more information.
INFO:httpx:HTTP Request: GET https://chroma-copy-copy-production.up.railway.app/api/v2/tenants/default_tenant "HTTP/1.1 200 OK"
INFO:httpx:HTTP Request: GET https://chroma-copy-copy-production.up.railway.app/api/v2/tenants/default_tenant/databases/default_database "HTTP/1.1 200 OK"
INFO:httpx:HTTP Request: GET https://chroma-copy-copy-production.up.railway.app/api/v2/heartbeat "HTTP/1.1 200 OK"
INFO:httpx:HTTP Request: GET https://chroma-copy-copy-production.up.railway.app/api/v2/tenants/default_tenant/databases/default_database/collections/hockey_tactics "HTTP/1.1 200 OK"
INFO:httpx:HTTP Request: POST https://chroma-copy-copy-production.up.railway.app/api/v2/tenants/default_tenant/databases/default_database/collections/416b96b2-dc4c-4e89-adb6-2497cbc56e92/query "HTTP/1.1 200 OK"
INFO:hockey_mcp:✅ [TOOL COMPLETE] search_hockey_tactics: returned 10 tactics in 0.63s
Connecting to Chroma server at https://chroma-copy-copy-production.up.railway.app:443 with token: True
✅ Connected to remote Chroma server
Connecting to Chroma server at https://chroma-copy-copy-production.up.railway.app:443 with token: True
✅ Connected to remote Chroma server
Connecting to Chroma server at https://chroma-copy-copy-production.up.railway.app:443 with token: True
✅ Connected to remote Chroma server
INFO:     127.0.0.1:52332 - "POST /api/mcp HTTP/1.1" 200 OK
INFO:mcp.server.lowlevel.server:Processing request of type ListToolsRequest
INFO:mcp.server.lowlevel.server:Processing request of type ListToolsRequest
INFO:mcp.server.lowlevel.server:Processing request of type ListToolsRequest
INFO:mcp.server.lowlevel.server:Processing request of type CallToolRequest
INFO:hockey_mcp:⚡ [TOOL CALL] search_hockey_skills: query='hockey skating passing shooting stickhandling techniques', n_results=10
INFO:chromadb.telemetry.product.posthog:Anonymized telemetry enabled. See                     https://docs.trychroma.com/telemetry for more information.
INFO:httpx:HTTP Request: GET https://chroma-copy-copy-production.up.railway.app/api/v2/auth/identity "HTTP/1.1 200 OK"
INFO:chromadb.telemetry.product.posthog:Anonymized telemetry enabled. See                     https://docs.trychroma.com/telemetry for more information.
INFO:httpx:HTTP Request: GET https://chroma-copy-copy-production.up.railway.app/api/v2/tenants/default_tenant "HTTP/1.1 200 OK"
INFO:httpx:HTTP Request: GET https://chroma-copy-copy-production.up.railway.app/api/v2/tenants/default_tenant/databases/default_database "HTTP/1.1 200 OK"
INFO:httpx:HTTP Request: GET https://chroma-copy-copy-production.up.railway.app/api/v2/heartbeat "HTTP/1.1 200 OK"
INFO:httpx:HTTP Request: GET https://chroma-copy-copy-production.up.railway.app/api/v2/tenants/default_tenant/databases/default_database/collections/hockey_skills "HTTP/1.1 200 OK"
INFO:httpx:HTTP Request: POST https://chroma-copy-copy-production.up.railway.app/api/v2/tenants/default_tenant/databases/default_database/collections/689a1fad-d612-40de-b077-4cddc4b59524/query "HTTP/1.1 200 OK"
INFO:hockey_mcp:✅ [TOOL COMPLETE] search_hockey_skills: returned 10 skills in 0.53s
Connecting to Chroma server at https://chroma-copy-copy-production.up.railway.app:443 with token: True
✅ Connected to remote Chroma server
INFO:     127.0.0.1:52272 - "POST /api/mcp HTTP/1.1" 200 OK
INFO:     127.0.0.1:52336 - "POST /api/mcp HTTP/1.1" 200 OK
INFO:     127.0.0.1:52338 - "POST /api/mcp HTTP/1.1" 200 OK
INFO:mcp.server.lowlevel.server:Processing request of type ListToolsRequest
INFO:     127.0.0.1:52318 - "POST /api/mcp HTTP/1.1" 200 OK
INFO:mcp.server.lowlevel.server:Processing request of type CallToolRequest
INFO:hockey_mcp:⚖️ [TOOL CALL] search_hockey_rules: query='hockey rules penalties offsides icing basics', n_results=10
INFO:chromadb.telemetry.product.posthog:Anonymized telemetry enabled. See                     https://docs.trychroma.com/telemetry for more information.
INFO:httpx:HTTP Request: GET https://chroma-copy-copy-production.up.railway.app/api/v2/auth/identity "HTTP/1.1 200 OK"
INFO:chromadb.telemetry.product.posthog:Anonymized telemetry enabled. See                     https://docs.trychroma.com/telemetry for more information.
INFO:httpx:HTTP Request: GET https://chroma-copy-copy-production.up.railway.app/api/v2/tenants/default_tenant "HTTP/1.1 200 OK"
INFO:httpx:HTTP Request: GET https://chroma-copy-copy-production.up.railway.app/api/v2/tenants/default_tenant/databases/default_database "HTTP/1.1 200 OK"
INFO:httpx:HTTP Request: GET https://chroma-copy-copy-production.up.railway.app/api/v2/heartbeat "HTTP/1.1 200 OK"
INFO:httpx:HTTP Request: GET https://chroma-copy-copy-production.up.railway.app/api/v2/tenants/default_tenant/databases/default_database/collections/hockey_rules "HTTP/1.1 200 OK"
INFO:httpx:HTTP Request: POST https://chroma-copy-copy-production.up.railway.app/api/v2/tenants/default_tenant/databases/default_database/collections/41ea6112-cab7-46b8-bf6d-86eabd3ace04/query "HTTP/1.1 200 OK"
INFO:hockey_mcp:✅ [TOOL COMPLETE] search_hockey_rules: returned 10 rules in 0.54s
INFO:mcp.server.lowlevel.server:Processing request of type ListToolsRequest
Connecting to Chroma server at https://chroma-copy-copy-production.up.railway.app:443 with token: True
✅ Connected to remote Chroma server
INFO:     127.0.0.1:52272 - "POST /api/mcp HTTP/1.1" 200 OK
INFO:mcp.server.lowlevel.server:Processing request of type CallToolRequest
INFO:hockey_mcp:⚡ [TOOL CALL] search_hockey_skills: query='hockey skating passing shooting stickhandling techniques', n_results=10
INFO:chromadb.telemetry.product.posthog:Anonymized telemetry enabled. See                     https://docs.trychroma.com/telemetry for more information.
INFO:httpx:HTTP Request: GET https://chroma-copy-copy-production.up.railway.app/api/v2/auth/identity "HTTP/1.1 200 OK"
INFO:chromadb.telemetry.product.posthog:Anonymized telemetry enabled. See                     https://docs.trychroma.com/telemetry for more information.
INFO:httpx:HTTP Request: GET https://chroma-copy-copy-production.up.railway.app/api/v2/tenants/default_tenant "HTTP/1.1 200 OK"
INFO:httpx:HTTP Request: GET https://chroma-copy-copy-production.up.railway.app/api/v2/tenants/default_tenant/databases/default_database "HTTP/1.1 200 OK"
INFO:httpx:HTTP Request: GET https://chroma-copy-copy-production.up.railway.app/api/v2/heartbeat "HTTP/1.1 200 OK"
INFO:httpx:HTTP Request: GET https://chroma-copy-copy-production.up.railway.app/api/v2/tenants/default_tenant/databases/default_database/collections/hockey_skills "HTTP/1.1 200 OK"
INFO:httpx:HTTP Request: POST https://chroma-copy-copy-production.up.railway.app/api/v2/tenants/default_tenant/databases/default_database/collections/689a1fad-d612-40de-b077-4cddc4b59524/query "HTTP/1.1 200 OK"
INFO:hockey_mcp:✅ [TOOL COMPLETE] search_hockey_skills: returned 10 skills in 0.62s
INFO:mcp.server.lowlevel.server:Processing request of type ListToolsRequest
Connecting to Chroma server at https://chroma-copy-copy-production.up.railway.app:443 with token: True
✅ Connected to remote Chroma server
INFO:     127.0.0.1:52272 - "POST /api/mcp HTTP/1.1" 200 OK
INFO:mcp.server.lowlevel.server:Processing request of type CallToolRequest
INFO:hockey_mcp:⚖️ [TOOL CALL] search_hockey_rules: query='hockey rules penalties offsides icing basics', n_results=10
INFO:chromadb.telemetry.product.posthog:Anonymized telemetry enabled. See                     https://docs.trychroma.com/telemetry for more information.
INFO:httpx:HTTP Request: GET https://chroma-copy-copy-production.up.railway.app/api/v2/auth/identity "HTTP/1.1 200 OK"
INFO:chromadb.telemetry.product.posthog:Anonymized telemetry enabled. See                     https://docs.trychroma.com/telemetry for more information.
INFO:httpx:HTTP Request: GET https://chroma-copy-copy-production.up.railway.app/api/v2/tenants/default_tenant "HTTP/1.1 200 OK"
INFO:httpx:HTTP Request: GET https://chroma-copy-copy-production.up.railway.app/api/v2/tenants/default_tenant/databases/default_database "HTTP/1.1 200 OK"
INFO:httpx:HTTP Request: GET https://chroma-copy-copy-production.up.railway.app/api/v2/heartbeat "HTTP/1.1 200 OK"
INFO:httpx:HTTP Request: GET https://chroma-copy-copy-production.up.railway.app/api/v2/tenants/default_tenant/databases/default_database/collections/hockey_rules "HTTP/1.1 200 OK"
INFO:httpx:HTTP Request: POST https://chroma-copy-copy-production.up.railway.app/api/v2/tenants/default_tenant/databases/default_database/collections/41ea6112-cab7-46b8-bf6d-86eabd3ace04/query "HTTP/1.1 200 OK"
INFO:hockey_mcp:✅ [TOOL COMPLETE] search_hockey_rules: returned 10 rules in 0.55s
INFO:mcp.server.lowlevel.server:Processing request of type ListToolsRequest
Connecting to Chroma server at https://chroma-copy-copy-production.up.railway.app:443 with token: True
✅ Connected to remote Chroma server
INFO:     127.0.0.1:52272 - "POST /api/mcp HTTP/1.1" 200 OK
INFO:mcp.server.lowlevel.server:Processing request of type CallToolRequest
INFO:hockey_mcp:🎯 [TOOL CALL] search_hockey_tactics: query='hockey teamwork communication support systems', types=None, positions=None, n_results=10
INFO:chromadb.telemetry.product.posthog:Anonymized telemetry enabled. See                     https://docs.trychroma.com/telemetry for more information.
INFO:httpx:HTTP Request: GET https://chroma-copy-copy-production.up.railway.app/api/v2/auth/identity "HTTP/1.1 200 OK"
INFO:chromadb.telemetry.product.posthog:Anonymized telemetry enabled. See                     https://docs.trychroma.com/telemetry for more information.
INFO:httpx:HTTP Request: GET https://chroma-copy-copy-production.up.railway.app/api/v2/tenants/default_tenant "HTTP/1.1 200 OK"
INFO:httpx:HTTP Request: GET https://chroma-copy-copy-production.up.railway.app/api/v2/tenants/default_tenant/databases/default_database "HTTP/1.1 200 OK"
INFO:httpx:HTTP Request: GET https://chroma-copy-copy-production.up.railway.app/api/v2/heartbeat "HTTP/1.1 200 OK"
INFO:httpx:HTTP Request: GET https://chroma-copy-copy-production.up.railway.app/api/v2/tenants/default_tenant/databases/default_database/collections/hockey_tactics "HTTP/1.1 200 OK"
INFO:httpx:HTTP Request: POST https://chroma-copy-copy-production.up.railway.app/api/v2/tenants/default_tenant/databases/default_database/collections/416b96b2-dc4c-4e89-adb6-2497cbc56e92/query "HTTP/1.1 200 OK"
INFO:hockey_mcp:✅ [TOOL COMPLETE] search_hockey_tactics: returned 10 tactics in 0.65s
INFO:mcp.server.lowlevel.server:Processing request of type ListToolsRequest
Connecting to Chroma server at https://chroma-copy-copy-production.up.railway.app:443 with token: True
✅ Connected to remote Chroma server
INFO:     127.0.0.1:52272 - "POST /api/mcp HTTP/1.1" 200 OK
INFO:mcp.server.lowlevel.server:Processing request of type CallToolRequest
INFO:hockey_mcp:🎯 [TOOL CALL] search_hockey_tactics: query='hockey positions defensive offensive zone coverage', types=None, positions=None, n_results=10
INFO:chromadb.telemetry.product.posthog:Anonymized telemetry enabled. See                     https://docs.trychroma.com/telemetry for more information.
INFO:httpx:HTTP Request: GET https://chroma-copy-copy-production.up.railway.app/api/v2/auth/identity "HTTP/1.1 200 OK"
INFO:chromadb.telemetry.product.posthog:Anonymized telemetry enabled. See                     https://docs.trychroma.com/telemetry for more information.
INFO:httpx:HTTP Request: GET https://chroma-copy-copy-production.up.railway.app/api/v2/tenants/default_tenant "HTTP/1.1 200 OK"
INFO:httpx:HTTP Request: GET https://chroma-copy-copy-production.up.railway.app/api/v2/tenants/default_tenant/databases/default_database "HTTP/1.1 200 OK"
INFO:httpx:HTTP Request: GET https://chroma-copy-copy-production.up.railway.app/api/v2/heartbeat "HTTP/1.1 200 OK"
INFO:httpx:HTTP Request: GET https://chroma-copy-copy-production.up.railway.app/api/v2/tenants/default_tenant/databases/default_database/collections/hockey_tactics "HTTP/1.1 200 OK"
INFO:httpx:HTTP Request: POST https://chroma-copy-copy-production.up.railway.app/api/v2/tenants/default_tenant/databases/default_database/collections/416b96b2-dc4c-4e89-adb6-2497cbc56e92/query "HTTP/1.1 200 OK"
INFO:hockey_mcp:✅ [TOOL COMPLETE] search_hockey_tactics: returned 10 tactics in 0.62s
INFO:mcp.server.lowlevel.server:Processing request of type ListToolsRequest
INFO:mcp.server.lowlevel.server:Processing request of type CallToolRequest
INFO:hockey_mcp:⚖️ [TOOL CALL] search_hockey_rules: query='hockey rules penalties offsides icing basics', n_results=10
INFO:chromadb.telemetry.product.posthog:Anonymized telemetry enabled. See                     https://docs.trychroma.com/telemetry for more information.
INFO:httpx:HTTP Request: GET https://chroma-copy-copy-production.up.railway.app/api/v2/auth/identity "HTTP/1.1 200 OK"
INFO:chromadb.telemetry.product.posthog:Anonymized telemetry enabled. See                     https://docs.trychroma.com/telemetry for more information.
INFO:httpx:HTTP Request: GET https://chroma-copy-copy-production.up.railway.app/api/v2/tenants/default_tenant "HTTP/1.1 200 OK"
INFO:httpx:HTTP Request: GET https://chroma-copy-copy-production.up.railway.app/api/v2/tenants/default_tenant/databases/default_database "HTTP/1.1 200 OK"
INFO:httpx:HTTP Request: GET https://chroma-copy-copy-production.up.railway.app/api/v2/heartbeat "HTTP/1.1 200 OK"
INFO:httpx:HTTP Request: GET https://chroma-copy-copy-production.up.railway.app/api/v2/tenants/default_tenant/databases/default_database/collections/hockey_rules "HTTP/1.1 200 OK"
INFO:httpx:HTTP Request: POST https://chroma-copy-copy-production.up.railway.app/api/v2/tenants/default_tenant/databases/default_database/collections/41ea6112-cab7-46b8-bf6d-86eabd3ace04/query "HTTP/1.1 200 OK"
INFO:hockey_mcp:✅ [TOOL COMPLETE] search_hockey_rules: returned 10 rules in 0.54s
INFO:mcp.server.lowlevel.server:Processing request of type CallToolRequest
INFO:hockey_mcp:🎯 [TOOL CALL] search_hockey_tactics: query='hockey positions defensive offensive zone coverage', types=None, positions=None, n_results=10
INFO:chromadb.telemetry.product.posthog:Anonymized telemetry enabled. See                     https://docs.trychroma.com/telemetry for more information.
INFO:httpx:HTTP Request: GET https://chroma-copy-copy-production.up.railway.app/api/v2/auth/identity "HTTP/1.1 200 OK"
INFO:chromadb.telemetry.product.posthog:Anonymized telemetry enabled. See                     https://docs.trychroma.com/telemetry for more information.
INFO:httpx:HTTP Request: GET https://chroma-copy-copy-production.up.railway.app/api/v2/tenants/default_tenant "HTTP/1.1 200 OK"
INFO:httpx:HTTP Request: GET https://chroma-copy-copy-production.up.railway.app/api/v2/tenants/default_tenant/databases/default_database "HTTP/1.1 200 OK"
INFO:httpx:HTTP Request: GET https://chroma-copy-copy-production.up.railway.app/api/v2/heartbeat "HTTP/1.1 200 OK"
INFO:httpx:HTTP Request: GET https://chroma-copy-copy-production.up.railway.app/api/v2/tenants/default_tenant/databases/default_database/collections/hockey_tactics "HTTP/1.1 200 OK"
INFO:httpx:HTTP Request: POST https://chroma-copy-copy-production.up.railway.app/api/v2/tenants/default_tenant/databases/default_database/collections/416b96b2-dc4c-4e89-adb6-2497cbc56e92/query "HTTP/1.1 200 OK"
INFO:hockey_mcp:✅ [TOOL COMPLETE] search_hockey_tactics: returned 10 tactics in 0.69s
INFO:mcp.server.lowlevel.server:Processing request of type CallToolRequest
INFO:hockey_mcp:🎯 [TOOL CALL] search_hockey_tactics: query='hockey teamwork communication support systems', types=None, positions=None, n_results=10
INFO:chromadb.telemetry.product.posthog:Anonymized telemetry enabled. See                     https://docs.trychroma.com/telemetry for more information.
INFO:httpx:HTTP Request: GET https://chroma-copy-copy-production.up.railway.app/api/v2/auth/identity "HTTP/1.1 200 OK"
INFO:chromadb.telemetry.product.posthog:Anonymized telemetry enabled. See                     https://docs.trychroma.com/telemetry for more information.
INFO:httpx:HTTP Request: GET https://chroma-copy-copy-production.up.railway.app/api/v2/tenants/default_tenant "HTTP/1.1 200 OK"
INFO:httpx:HTTP Request: GET https://chroma-copy-copy-production.up.railway.app/api/v2/tenants/default_tenant/databases/default_database "HTTP/1.1 200 OK"
INFO:httpx:HTTP Request: GET https://chroma-copy-copy-production.up.railway.app/api/v2/heartbeat "HTTP/1.1 200 OK"
INFO:httpx:HTTP Request: GET https://chroma-copy-copy-production.up.railway.app/api/v2/tenants/default_tenant/databases/default_database/collections/hockey_tactics "HTTP/1.1 200 OK"
INFO:httpx:HTTP Request: POST https://chroma-copy-copy-production.up.railway.app/api/v2/tenants/default_tenant/databases/default_database/collections/416b96b2-dc4c-4e89-adb6-2497cbc56e92/query "HTTP/1.1 200 OK"
INFO:hockey_mcp:✅ [TOOL COMPLETE] search_hockey_tactics: returned 10 tactics in 0.64s
INFO:mcp.server.lowlevel.server:Processing request of type CallToolRequest
INFO:hockey_mcp:⚡ [TOOL CALL] search_hockey_skills: query='hockey skating passing shooting stickhandling techniques', n_results=10
INFO:chromadb.telemetry.product.posthog:Anonymized telemetry enabled. See                     https://docs.trychroma.com/telemetry for more information.
INFO:httpx:HTTP Request: GET https://chroma-copy-copy-production.up.railway.app/api/v2/auth/identity "HTTP/1.1 200 OK"
INFO:chromadb.telemetry.product.posthog:Anonymized telemetry enabled. See                     https://docs.trychroma.com/telemetry for more information.
INFO:httpx:HTTP Request: GET https://chroma-copy-copy-production.up.railway.app/api/v2/tenants/default_tenant "HTTP/1.1 200 OK"
INFO:httpx:HTTP Request: GET https://chroma-copy-copy-production.up.railway.app/api/v2/tenants/default_tenant/databases/default_database "HTTP/1.1 200 OK"
INFO:httpx:HTTP Request: GET https://chroma-copy-copy-production.up.railway.app/api/v2/heartbeat "HTTP/1.1 200 OK"
INFO:httpx:HTTP Request: GET https://chroma-copy-copy-production.up.railway.app/api/v2/tenants/default_tenant/databases/default_database/collections/hockey_skills "HTTP/1.1 200 OK"
INFO:httpx:HTTP Request: POST https://chroma-copy-copy-production.up.railway.app/api/v2/tenants/default_tenant/databases/default_database/collections/689a1fad-d612-40de-b077-4cddc4b59524/query "HTTP/1.1 200 OK"
INFO:hockey_mcp:✅ [TOOL COMPLETE] search_hockey_skills: returned 10 skills in 0.63s
Connecting to Chroma server at https://chroma-copy-copy-production.up.railway.app:443 with token: True
✅ Connected to remote Chroma server
Connecting to Chroma server at https://chroma-copy-copy-production.up.railway.app:443 with token: True
✅ Connected to remote Chroma server
Connecting to Chroma server at https://chroma-copy-copy-production.up.railway.app:443 with token: True
✅ Connected to remote Chroma server
Connecting to Chroma server at https://chroma-copy-copy-production.up.railway.app:443 with token: True
✅ Connected to remote Chroma server
Connecting to Chroma server at https://chroma-copy-copy-production.up.railway.app:443 with token: True
✅ Connected to remote Chroma server
INFO:     127.0.0.1:52272 - "POST /api/mcp HTTP/1.1" 200 OK
INFO:mcp.server.lowlevel.server:Processing request of type CallToolRequest
INFO:hockey_mcp:⚡ [TOOL CALL] search_hockey_skills: query='hockey skating passing shooting stickhandling techniques', n_results=10
INFO:chromadb.telemetry.product.posthog:Anonymized telemetry enabled. See                     https://docs.trychroma.com/telemetry for more information.
INFO:httpx:HTTP Request: GET https://chroma-copy-copy-production.up.railway.app/api/v2/auth/identity "HTTP/1.1 200 OK"
INFO:chromadb.telemetry.product.posthog:Anonymized telemetry enabled. See                     https://docs.trychroma.com/telemetry for more information.
INFO:httpx:HTTP Request: GET https://chroma-copy-copy-production.up.railway.app/api/v2/tenants/default_tenant "HTTP/1.1 200 OK"
INFO:httpx:HTTP Request: GET https://chroma-copy-copy-production.up.railway.app/api/v2/tenants/default_tenant/databases/default_database "HTTP/1.1 200 OK"
INFO:httpx:HTTP Request: GET https://chroma-copy-copy-production.up.railway.app/api/v2/heartbeat "HTTP/1.1 200 OK"
INFO:httpx:HTTP Request: GET https://chroma-copy-copy-production.up.railway.app/api/v2/tenants/default_tenant/databases/default_database/collections/hockey_skills "HTTP/1.1 200 OK"
INFO:httpx:HTTP Request: POST https://chroma-copy-copy-production.up.railway.app/api/v2/tenants/default_tenant/databases/default_database/collections/689a1fad-d612-40de-b077-4cddc4b59524/query "HTTP/1.1 200 OK"
INFO:hockey_mcp:✅ [TOOL COMPLETE] search_hockey_skills: returned 10 skills in 0.58s
INFO:mcp.server.lowlevel.server:Processing request of type CallToolRequest
INFO:hockey_mcp:🎯 [TOOL CALL] search_hockey_tactics: query='hockey teamwork communication support systems', types=None, positions=None, n_results=10
INFO:chromadb.telemetry.product.posthog:Anonymized telemetry enabled. See                     https://docs.trychroma.com/telemetry for more information.
INFO:httpx:HTTP Request: GET https://chroma-copy-copy-production.up.railway.app/api/v2/auth/identity "HTTP/1.1 200 OK"
INFO:chromadb.telemetry.product.posthog:Anonymized telemetry enabled. See                     https://docs.trychroma.com/telemetry for more information.
INFO:httpx:HTTP Request: GET https://chroma-copy-copy-production.up.railway.app/api/v2/tenants/default_tenant "HTTP/1.1 200 OK"
INFO:httpx:HTTP Request: GET https://chroma-copy-copy-production.up.railway.app/api/v2/tenants/default_tenant/databases/default_database "HTTP/1.1 200 OK"
INFO:httpx:HTTP Request: GET https://chroma-copy-copy-production.up.railway.app/api/v2/heartbeat "HTTP/1.1 200 OK"
INFO:httpx:HTTP Request: GET https://chroma-copy-copy-production.up.railway.app/api/v2/tenants/default_tenant/databases/default_database/collections/hockey_tactics "HTTP/1.1 200 OK"
INFO:httpx:HTTP Request: POST https://chroma-copy-copy-production.up.railway.app/api/v2/tenants/default_tenant/databases/default_database/collections/416b96b2-dc4c-4e89-adb6-2497cbc56e92/query "HTTP/1.1 200 OK"
INFO:hockey_mcp:✅ [TOOL COMPLETE] search_hockey_tactics: returned 10 tactics in 0.62s
INFO:mcp.server.lowlevel.server:Processing request of type ListToolsRequest
INFO:mcp.server.lowlevel.server:Processing request of type ListToolsRequest
INFO:mcp.server.lowlevel.server:Processing request of type ListToolsRequest
INFO:mcp.server.lowlevel.server:Processing request of type ListToolsRequest
INFO:mcp.server.lowlevel.server:Processing request of type ListToolsRequest
INFO:mcp.server.lowlevel.server:Processing request of type ListToolsRequest
INFO:mcp.server.lowlevel.server:Processing request of type CallToolRequest
INFO:hockey_mcp:⚖️ [TOOL CALL] search_hockey_rules: query='hockey rules penalties offsides icing basics', n_results=10
INFO:chromadb.telemetry.product.posthog:Anonymized telemetry enabled. See                     https://docs.trychroma.com/telemetry for more information.
INFO:httpx:HTTP Request: GET https://chroma-copy-copy-production.up.railway.app/api/v2/auth/identity "HTTP/1.1 200 OK"
INFO:chromadb.telemetry.product.posthog:Anonymized telemetry enabled. See                     https://docs.trychroma.com/telemetry for more information.
INFO:httpx:HTTP Request: GET https://chroma-copy-copy-production.up.railway.app/api/v2/tenants/default_tenant "HTTP/1.1 200 OK"
INFO:httpx:HTTP Request: GET https://chroma-copy-copy-production.up.railway.app/api/v2/tenants/default_tenant/databases/default_database "HTTP/1.1 200 OK"
INFO:httpx:HTTP Request: GET https://chroma-copy-copy-production.up.railway.app/api/v2/heartbeat "HTTP/1.1 200 OK"
INFO:httpx:HTTP Request: GET https://chroma-copy-copy-production.up.railway.app/api/v2/tenants/default_tenant/databases/default_database/collections/hockey_rules "HTTP/1.1 200 OK"
INFO:httpx:HTTP Request: POST https://chroma-copy-copy-production.up.railway.app/api/v2/tenants/default_tenant/databases/default_database/collections/41ea6112-cab7-46b8-bf6d-86eabd3ace04/query "HTTP/1.1 200 OK"
INFO:hockey_mcp:✅ [TOOL COMPLETE] search_hockey_rules: returned 10 rules in 0.54s
INFO:mcp.server.lowlevel.server:Processing request of type CallToolRequest
INFO:hockey_mcp:🎯 [TOOL CALL] search_hockey_tactics: query='hockey positions defensive offensive zone coverage', types=None, positions=None, n_results=10
INFO:chromadb.telemetry.product.posthog:Anonymized telemetry enabled. See                     https://docs.trychroma.com/telemetry for more information.
INFO:httpx:HTTP Request: GET https://chroma-copy-copy-production.up.railway.app/api/v2/auth/identity "HTTP/1.1 200 OK"
INFO:chromadb.telemetry.product.posthog:Anonymized telemetry enabled. See                     https://docs.trychroma.com/telemetry for more information.
INFO:httpx:HTTP Request: GET https://chroma-copy-copy-production.up.railway.app/api/v2/tenants/default_tenant "HTTP/1.1 200 OK"
INFO:httpx:HTTP Request: GET https://chroma-copy-copy-production.up.railway.app/api/v2/tenants/default_tenant/databases/default_database "HTTP/1.1 200 OK"
INFO:httpx:HTTP Request: GET https://chroma-copy-copy-production.up.railway.app/api/v2/heartbeat "HTTP/1.1 200 OK"
INFO:httpx:HTTP Request: GET https://chroma-copy-copy-production.up.railway.app/api/v2/tenants/default_tenant/databases/default_database/collections/hockey_tactics "HTTP/1.1 200 OK"
INFO:httpx:HTTP Request: POST https://chroma-copy-copy-production.up.railway.app/api/v2/tenants/default_tenant/databases/default_database/collections/416b96b2-dc4c-4e89-adb6-2497cbc56e92/query "HTTP/1.1 200 OK"
INFO:hockey_mcp:✅ [TOOL COMPLETE] search_hockey_tactics: returned 10 tactics in 0.63s
INFO:mcp.server.lowlevel.server:Processing request of type CallToolRequest
INFO:hockey_mcp:⚡ [TOOL CALL] search_hockey_skills: query='hockey skating passing shooting stickhandling techniques', n_results=10
INFO:chromadb.telemetry.product.posthog:Anonymized telemetry enabled. See                     https://docs.trychroma.com/telemetry for more information.
INFO:httpx:HTTP Request: GET https://chroma-copy-copy-production.up.railway.app/api/v2/auth/identity "HTTP/1.1 200 OK"
INFO:chromadb.telemetry.product.posthog:Anonymized telemetry enabled. See                     https://docs.trychroma.com/telemetry for more information.
INFO:httpx:HTTP Request: GET https://chroma-copy-copy-production.up.railway.app/api/v2/tenants/default_tenant "HTTP/1.1 200 OK"
INFO:httpx:HTTP Request: GET https://chroma-copy-copy-production.up.railway.app/api/v2/tenants/default_tenant/databases/default_database "HTTP/1.1 200 OK"
INFO:httpx:HTTP Request: GET https://chroma-copy-copy-production.up.railway.app/api/v2/heartbeat "HTTP/1.1 200 OK"
INFO:httpx:HTTP Request: GET https://chroma-copy-copy-production.up.railway.app/api/v2/tenants/default_tenant/databases/default_database/collections/hockey_skills "HTTP/1.1 200 OK"
INFO:httpx:HTTP Request: POST https://chroma-copy-copy-production.up.railway.app/api/v2/tenants/default_tenant/databases/default_database/collections/689a1fad-d612-40de-b077-4cddc4b59524/query "HTTP/1.1 200 OK"
INFO:hockey_mcp:✅ [TOOL COMPLETE] search_hockey_skills: returned 10 skills in 0.59s
Connecting to Chroma server at https://chroma-copy-copy-production.up.railway.app:443 with token: True
✅ Connected to remote Chroma server
Connecting to Chroma server at https://chroma-copy-copy-production.up.railway.app:443 with token: True
✅ Connected to remote Chroma server
Connecting to Chroma server at https://chroma-copy-copy-production.up.railway.app:443 with token: True
✅ Connected to remote Chroma server
Connecting to Chroma server at https://chroma-copy-copy-production.up.railway.app:443 with token: True
✅ Connected to remote Chroma server
Connecting to Chroma server at https://chroma-copy-copy-production.up.railway.app:443 with token: True
✅ Connected to remote Chroma server
INFO:     127.0.0.1:52371 - "POST /api/mcp HTTP/1.1" 200 OK
INFO:     127.0.0.1:52372 - "POST /api/mcp HTTP/1.1" 200 OK
INFO:     127.0.0.1:52373 - "POST /api/mcp HTTP/1.1" 200 OK
INFO:     127.0.0.1:52374 - "POST /api/mcp HTTP/1.1" 200 OK
INFO:     127.0.0.1:52377 - "POST /api/mcp HTTP/1.1" 200 OK
INFO:     127.0.0.1:52379 - "POST /api/mcp HTTP/1.1" 200 OK
INFO:mcp.server.lowlevel.server:Processing request of type ListToolsRequest
INFO:mcp.server.lowlevel.server:Processing request of type ListToolsRequest
INFO:mcp.server.lowlevel.server:Processing request of type ListToolsRequest
INFO:     127.0.0.1:52383 - "POST /api/mcp HTTP/1.1" 200 OK
INFO:     127.0.0.1:52385 - "POST /api/mcp HTTP/1.1" 200 OK
INFO:     127.0.0.1:52389 - "POST /api/mcp HTTP/1.1" 200 OK
INFO:mcp.server.lowlevel.server:Processing request of type CallToolRequest
INFO:hockey_mcp:🎯 [TOOL CALL] search_hockey_tactics: query='hockey teamwork communication support systems', types=None, positions=None, n_results=10
INFO:chromadb.telemetry.product.posthog:Anonymized telemetry enabled. See                     https://docs.trychroma.com/telemetry for more information.
INFO:httpx:HTTP Request: GET https://chroma-copy-copy-production.up.railway.app/api/v2/auth/identity "HTTP/1.1 200 OK"
INFO:chromadb.telemetry.product.posthog:Anonymized telemetry enabled. See                     https://docs.trychroma.com/telemetry for more information.
INFO:httpx:HTTP Request: GET https://chroma-copy-copy-production.up.railway.app/api/v2/tenants/default_tenant "HTTP/1.1 200 OK"
INFO:httpx:HTTP Request: GET https://chroma-copy-copy-production.up.railway.app/api/v2/tenants/default_tenant/databases/default_database "HTTP/1.1 200 OK"
INFO:httpx:HTTP Request: GET https://chroma-copy-copy-production.up.railway.app/api/v2/heartbeat "HTTP/1.1 200 OK"
INFO:httpx:HTTP Request: GET https://chroma-copy-copy-production.up.railway.app/api/v2/tenants/default_tenant/databases/default_database/collections/hockey_tactics "HTTP/1.1 200 OK"
INFO:httpx:HTTP Request: POST https://chroma-copy-copy-production.up.railway.app/api/v2/tenants/default_tenant/databases/default_database/collections/416b96b2-dc4c-4e89-adb6-2497cbc56e92/query "HTTP/1.1 200 OK"
INFO:hockey_mcp:✅ [TOOL COMPLETE] search_hockey_tactics: returned 10 tactics in 0.65s
INFO:mcp.server.lowlevel.server:Processing request of type ListToolsRequest
Connecting to Chroma server at https://chroma-copy-copy-production.up.railway.app:443 with token: True
✅ Connected to remote Chroma server
INFO:     127.0.0.1:52272 - "POST /api/mcp HTTP/1.1" 200 OK
INFO:mcp.server.lowlevel.server:Processing request of type CallToolRequest
INFO:hockey_mcp:⚖️ [TOOL CALL] search_hockey_rules: query='hockey rules penalties offsides icing basics', n_results=10
INFO:chromadb.telemetry.product.posthog:Anonymized telemetry enabled. See                     https://docs.trychroma.com/telemetry for more information.
INFO:httpx:HTTP Request: GET https://chroma-copy-copy-production.up.railway.app/api/v2/auth/identity "HTTP/1.1 200 OK"
INFO:chromadb.telemetry.product.posthog:Anonymized telemetry enabled. See                     https://docs.trychroma.com/telemetry for more information.
INFO:httpx:HTTP Request: GET https://chroma-copy-copy-production.up.railway.app/api/v2/tenants/default_tenant "HTTP/1.1 200 OK"
INFO:httpx:HTTP Request: GET https://chroma-copy-copy-production.up.railway.app/api/v2/tenants/default_tenant/databases/default_database "HTTP/1.1 200 OK"
INFO:httpx:HTTP Request: GET https://chroma-copy-copy-production.up.railway.app/api/v2/heartbeat "HTTP/1.1 200 OK"
INFO:httpx:HTTP Request: GET https://chroma-copy-copy-production.up.railway.app/api/v2/tenants/default_tenant/databases/default_database/collections/hockey_rules "HTTP/1.1 200 OK"
INFO:httpx:HTTP Request: POST https://chroma-copy-copy-production.up.railway.app/api/v2/tenants/default_tenant/databases/default_database/collections/41ea6112-cab7-46b8-bf6d-86eabd3ace04/query "HTTP/1.1 200 OK"
INFO:hockey_mcp:✅ [TOOL COMPLETE] search_hockey_rules: returned 10 rules in 0.58s
INFO:mcp.server.lowlevel.server:Processing request of type ListToolsRequest
INFO:mcp.server.lowlevel.server:Processing request of type CallToolRequest
INFO:hockey_mcp:⚖️ [TOOL CALL] search_hockey_rules: query='hockey rules penalties offsides icing basics', n_results=10
INFO:chromadb.telemetry.product.posthog:Anonymized telemetry enabled. See                     https://docs.trychroma.com/telemetry for more information.
INFO:httpx:HTTP Request: GET https://chroma-copy-copy-production.up.railway.app/api/v2/auth/identity "HTTP/1.1 200 OK"
INFO:chromadb.telemetry.product.posthog:Anonymized telemetry enabled. See                     https://docs.trychroma.com/telemetry for more information.
INFO:httpx:HTTP Request: GET https://chroma-copy-copy-production.up.railway.app/api/v2/tenants/default_tenant "HTTP/1.1 200 OK"
INFO:httpx:HTTP Request: GET https://chroma-copy-copy-production.up.railway.app/api/v2/tenants/default_tenant/databases/default_database "HTTP/1.1 200 OK"
INFO:httpx:HTTP Request: GET https://chroma-copy-copy-production.up.railway.app/api/v2/heartbeat "HTTP/1.1 200 OK"
INFO:httpx:HTTP Request: GET https://chroma-copy-copy-production.up.railway.app/api/v2/tenants/default_tenant/databases/default_database/collections/hockey_rules "HTTP/1.1 200 OK"
INFO:httpx:HTTP Request: POST https://chroma-copy-copy-production.up.railway.app/api/v2/tenants/default_tenant/databases/default_database/collections/41ea6112-cab7-46b8-bf6d-86eabd3ace04/query "HTTP/1.1 200 OK"
INFO:hockey_mcp:✅ [TOOL COMPLETE] search_hockey_rules: returned 10 rules in 0.55s
Connecting to Chroma server at https://chroma-copy-copy-production.up.railway.app:443 with token: True
✅ Connected to remote Chroma server
Connecting to Chroma server at https://chroma-copy-copy-production.up.railway.app:443 with token: True
✅ Connected to remote Chroma server
INFO:     127.0.0.1:52272 - "POST /api/mcp HTTP/1.1" 200 OK
INFO:mcp.server.lowlevel.server:Processing request of type ListToolsRequest
INFO:     127.0.0.1:52371 - "POST /api/mcp HTTP/1.1" 200 OK
INFO:mcp.server.lowlevel.server:Processing request of type CallToolRequest
INFO:hockey_mcp:🎯 [TOOL CALL] search_hockey_tactics: query='hockey teamwork communication support systems', types=None, positions=None, n_results=10
INFO:chromadb.telemetry.product.posthog:Anonymized telemetry enabled. See                     https://docs.trychroma.com/telemetry for more information.
INFO:httpx:HTTP Request: GET https://chroma-copy-copy-production.up.railway.app/api/v2/auth/identity "HTTP/1.1 200 OK"
INFO:chromadb.telemetry.product.posthog:Anonymized telemetry enabled. See                     https://docs.trychroma.com/telemetry for more information.
INFO:httpx:HTTP Request: GET https://chroma-copy-copy-production.up.railway.app/api/v2/tenants/default_tenant "HTTP/1.1 200 OK"
INFO:httpx:HTTP Request: GET https://chroma-copy-copy-production.up.railway.app/api/v2/tenants/default_tenant/databases/default_database "HTTP/1.1 200 OK"
INFO:httpx:HTTP Request: GET https://chroma-copy-copy-production.up.railway.app/api/v2/heartbeat "HTTP/1.1 200 OK"
INFO:httpx:HTTP Request: GET https://chroma-copy-copy-production.up.railway.app/api/v2/tenants/default_tenant/databases/default_database/collections/hockey_tactics "HTTP/1.1 200 OK"
INFO:httpx:HTTP Request: POST https://chroma-copy-copy-production.up.railway.app/api/v2/tenants/default_tenant/databases/default_database/collections/416b96b2-dc4c-4e89-adb6-2497cbc56e92/query "HTTP/1.1 200 OK"
INFO:hockey_mcp:✅ [TOOL COMPLETE] search_hockey_tactics: returned 10 tactics in 0.63s
INFO:mcp.server.lowlevel.server:Processing request of type ListToolsRequest
INFO:mcp.server.lowlevel.server:Processing request of type CallToolRequest
INFO:hockey_mcp:⚡ [TOOL CALL] search_hockey_skills: query='hockey skating passing shooting stickhandling techniques', n_results=10
INFO:chromadb.telemetry.product.posthog:Anonymized telemetry enabled. See                     https://docs.trychroma.com/telemetry for more information.
INFO:httpx:HTTP Request: GET https://chroma-copy-copy-production.up.railway.app/api/v2/auth/identity "HTTP/1.1 200 OK"
INFO:chromadb.telemetry.product.posthog:Anonymized telemetry enabled. See                     https://docs.trychroma.com/telemetry for more information.
INFO:httpx:HTTP Request: GET https://chroma-copy-copy-production.up.railway.app/api/v2/tenants/default_tenant "HTTP/1.1 200 OK"
INFO:httpx:HTTP Request: GET https://chroma-copy-copy-production.up.railway.app/api/v2/tenants/default_tenant/databases/default_database "HTTP/1.1 200 OK"
INFO:httpx:HTTP Request: GET https://chroma-copy-copy-production.up.railway.app/api/v2/heartbeat "HTTP/1.1 200 OK"
INFO:httpx:HTTP Request: GET https://chroma-copy-copy-production.up.railway.app/api/v2/tenants/default_tenant/databases/default_database/collections/hockey_skills "HTTP/1.1 200 OK"
INFO:httpx:HTTP Request: POST https://chroma-copy-copy-production.up.railway.app/api/v2/tenants/default_tenant/databases/default_database/collections/689a1fad-d612-40de-b077-4cddc4b59524/query "HTTP/1.1 200 OK"
INFO:hockey_mcp:✅ [TOOL COMPLETE] search_hockey_skills: returned 10 skills in 0.62s
INFO:mcp.server.lowlevel.server:Processing request of type CallToolRequest
INFO:hockey_mcp:⚡ [TOOL CALL] search_hockey_skills: query='hockey skating passing shooting stickhandling techniques', n_results=10
INFO:chromadb.telemetry.product.posthog:Anonymized telemetry enabled. See                     https://docs.trychroma.com/telemetry for more information.
INFO:httpx:HTTP Request: GET https://chroma-copy-copy-production.up.railway.app/api/v2/auth/identity "HTTP/1.1 200 OK"
INFO:chromadb.telemetry.product.posthog:Anonymized telemetry enabled. See                     https://docs.trychroma.com/telemetry for more information.
INFO:httpx:HTTP Request: GET https://chroma-copy-copy-production.up.railway.app/api/v2/tenants/default_tenant "HTTP/1.1 200 OK"
INFO:httpx:HTTP Request: GET https://chroma-copy-copy-production.up.railway.app/api/v2/tenants/default_tenant/databases/default_database "HTTP/1.1 200 OK"
INFO:httpx:HTTP Request: GET https://chroma-copy-copy-production.up.railway.app/api/v2/heartbeat "HTTP/1.1 200 OK"
INFO:httpx:HTTP Request: GET https://chroma-copy-copy-production.up.railway.app/api/v2/tenants/default_tenant/databases/default_database/collections/hockey_skills "HTTP/1.1 200 OK"
INFO:httpx:HTTP Request: POST https://chroma-copy-copy-production.up.railway.app/api/v2/tenants/default_tenant/databases/default_database/collections/689a1fad-d612-40de-b077-4cddc4b59524/query "HTTP/1.1 200 OK"
INFO:hockey_mcp:✅ [TOOL COMPLETE] search_hockey_skills: returned 10 skills in 0.69s
INFO:mcp.server.lowlevel.server:Processing request of type CallToolRequest
INFO:hockey_mcp:🎯 [TOOL CALL] search_hockey_tactics: query='hockey positions defensive offensive zone coverage', types=None, positions=None, n_results=10
INFO:chromadb.telemetry.product.posthog:Anonymized telemetry enabled. See                     https://docs.trychroma.com/telemetry for more information.
INFO:httpx:HTTP Request: GET https://chroma-copy-copy-production.up.railway.app/api/v2/auth/identity "HTTP/1.1 200 OK"
INFO:chromadb.telemetry.product.posthog:Anonymized telemetry enabled. See                     https://docs.trychroma.com/telemetry for more information.
INFO:httpx:HTTP Request: GET https://chroma-copy-copy-production.up.railway.app/api/v2/tenants/default_tenant "HTTP/1.1 200 OK"
INFO:httpx:HTTP Request: GET https://chroma-copy-copy-production.up.railway.app/api/v2/tenants/default_tenant/databases/default_database "HTTP/1.1 200 OK"
INFO:httpx:HTTP Request: GET https://chroma-copy-copy-production.up.railway.app/api/v2/heartbeat "HTTP/1.1 200 OK"
INFO:httpx:HTTP Request: GET https://chroma-copy-copy-production.up.railway.app/api/v2/tenants/default_tenant/databases/default_database/collections/hockey_tactics "HTTP/1.1 200 OK"
INFO:httpx:HTTP Request: POST https://chroma-copy-copy-production.up.railway.app/api/v2/tenants/default_tenant/databases/default_database/collections/416b96b2-dc4c-4e89-adb6-2497cbc56e92/query "HTTP/1.1 200 OK"
INFO:hockey_mcp:✅ [TOOL COMPLETE] search_hockey_tactics: returned 10 tactics in 0.65s
Connecting to Chroma server at https://chroma-copy-copy-production.up.railway.app:443 with token: True
✅ Connected to remote Chroma server
Connecting to Chroma server at https://chroma-copy-copy-production.up.railway.app:443 with token: True
✅ Connected to remote Chroma server
Connecting to Chroma server at https://chroma-copy-copy-production.up.railway.app:443 with token: True
✅ Connected to remote Chroma server
Connecting to Chroma server at https://chroma-copy-copy-production.up.railway.app:443 with token: True
✅ Connected to remote Chroma server
INFO:     127.0.0.1:52272 - "POST /api/mcp HTTP/1.1" 200 OK
INFO:mcp.server.lowlevel.server:Processing request of type ListToolsRequest
INFO:mcp.server.lowlevel.server:Processing request of type ListToolsRequest
INFO:mcp.server.lowlevel.server:Processing request of type ListToolsRequest
INFO:mcp.server.lowlevel.server:Processing request of type CallToolRequest
INFO:hockey_mcp:🎯 [TOOL CALL] search_hockey_tactics: query='hockey teamwork communication support systems', types=None, positions=None, n_results=10
INFO:chromadb.telemetry.product.posthog:Anonymized telemetry enabled. See                     https://docs.trychroma.com/telemetry for more information.
INFO:httpx:HTTP Request: GET https://chroma-copy-copy-production.up.railway.app/api/v2/auth/identity "HTTP/1.1 200 OK"
INFO:chromadb.telemetry.product.posthog:Anonymized telemetry enabled. See                     https://docs.trychroma.com/telemetry for more information.
INFO:httpx:HTTP Request: GET https://chroma-copy-copy-production.up.railway.app/api/v2/tenants/default_tenant "HTTP/1.1 200 OK"
INFO:httpx:HTTP Request: GET https://chroma-copy-copy-production.up.railway.app/api/v2/tenants/default_tenant/databases/default_database "HTTP/1.1 200 OK"
INFO:httpx:HTTP Request: GET https://chroma-copy-copy-production.up.railway.app/api/v2/heartbeat "HTTP/1.1 200 OK"
INFO:httpx:HTTP Request: GET https://chroma-copy-copy-production.up.railway.app/api/v2/tenants/default_tenant/databases/default_database/collections/hockey_tactics "HTTP/1.1 200 OK"
INFO:httpx:HTTP Request: POST https://chroma-copy-copy-production.up.railway.app/api/v2/tenants/default_tenant/databases/default_database/collections/416b96b2-dc4c-4e89-adb6-2497cbc56e92/query "HTTP/1.1 200 OK"
INFO:hockey_mcp:✅ [TOOL COMPLETE] search_hockey_tactics: returned 10 tactics in 0.72s
INFO:mcp.server.lowlevel.server:Processing request of type CallToolRequest
INFO:hockey_mcp:🎯 [TOOL CALL] search_hockey_tactics: query='hockey positions defensive offensive zone coverage', types=None, positions=None, n_results=10
INFO:chromadb.telemetry.product.posthog:Anonymized telemetry enabled. See                     https://docs.trychroma.com/telemetry for more information.
INFO:httpx:HTTP Request: GET https://chroma-copy-copy-production.up.railway.app/api/v2/auth/identity "HTTP/1.1 200 OK"
INFO:chromadb.telemetry.product.posthog:Anonymized telemetry enabled. See                     https://docs.trychroma.com/telemetry for more information.
INFO:httpx:HTTP Request: GET https://chroma-copy-copy-production.up.railway.app/api/v2/tenants/default_tenant "HTTP/1.1 200 OK"
INFO:httpx:HTTP Request: GET https://chroma-copy-copy-production.up.railway.app/api/v2/tenants/default_tenant/databases/default_database "HTTP/1.1 200 OK"
INFO:httpx:HTTP Request: GET https://chroma-copy-copy-production.up.railway.app/api/v2/heartbeat "HTTP/1.1 200 OK"
INFO:httpx:HTTP Request: GET https://chroma-copy-copy-production.up.railway.app/api/v2/tenants/default_tenant/databases/default_database/collections/hockey_tactics "HTTP/1.1 200 OK"
INFO:httpx:HTTP Request: POST https://chroma-copy-copy-production.up.railway.app/api/v2/tenants/default_tenant/databases/default_database/collections/416b96b2-dc4c-4e89-adb6-2497cbc56e92/query "HTTP/1.1 200 OK"
INFO:hockey_mcp:✅ [TOOL COMPLETE] search_hockey_tactics: returned 10 tactics in 0.59s
Connecting to Chroma server at https://chroma-copy-copy-production.up.railway.app:443 with token: True
✅ Connected to remote Chroma server
Connecting to Chroma server at https://chroma-copy-copy-production.up.railway.app:443 with token: True
✅ Connected to remote Chroma server
INFO:     127.0.0.1:52371 - "POST /api/mcp HTTP/1.1" 200 OK
INFO:     127.0.0.1:52421 - "POST /api/mcp HTTP/1.1" 200 OK
INFO:     127.0.0.1:52431 - "POST /api/mcp HTTP/1.1" 200 OK
INFO:mcp.server.lowlevel.server:Processing request of type ListToolsRequest
INFO:mcp.server.lowlevel.server:Processing request of type ListToolsRequest
INFO:mcp.server.lowlevel.server:Processing request of type CallToolRequest
INFO:hockey_mcp:⚖️ [TOOL CALL] search_hockey_rules: query='hockey rules penalties offsides icing basics', n_results=10
INFO:chromadb.telemetry.product.posthog:Anonymized telemetry enabled. See                     https://docs.trychroma.com/telemetry for more information.
INFO:httpx:HTTP Request: GET https://chroma-copy-copy-production.up.railway.app/api/v2/auth/identity "HTTP/1.1 200 OK"
INFO:chromadb.telemetry.product.posthog:Anonymized telemetry enabled. See                     https://docs.trychroma.com/telemetry for more information.
INFO:httpx:HTTP Request: GET https://chroma-copy-copy-production.up.railway.app/api/v2/tenants/default_tenant "HTTP/1.1 200 OK"
INFO:httpx:HTTP Request: GET https://chroma-copy-copy-production.up.railway.app/api/v2/tenants/default_tenant/databases/default_database "HTTP/1.1 200 OK"
INFO:httpx:HTTP Request: GET https://chroma-copy-copy-production.up.railway.app/api/v2/heartbeat "HTTP/1.1 200 OK"
INFO:httpx:HTTP Request: GET https://chroma-copy-copy-production.up.railway.app/api/v2/tenants/default_tenant/databases/default_database/collections/hockey_rules "HTTP/1.1 200 OK"
INFO:httpx:HTTP Request: POST https://chroma-copy-copy-production.up.railway.app/api/v2/tenants/default_tenant/databases/default_database/collections/41ea6112-cab7-46b8-bf6d-86eabd3ace04/query "HTTP/1.1 200 OK"
INFO:hockey_mcp:✅ [TOOL COMPLETE] search_hockey_rules: returned 10 rules in 0.55s
Connecting to Chroma server at https://chroma-copy-copy-production.up.railway.app:443 with token: True
✅ Connected to remote Chroma server
INFO:     127.0.0.1:52434 - "POST /api/mcp HTTP/1.1" 200 OK
INFO:     127.0.0.1:52439 - "POST /api/mcp HTTP/1.1" 200 OK
INFO:mcp.server.lowlevel.server:Processing request of type ListToolsRequest
INFO:     127.0.0.1:52272 - "POST /api/mcp HTTP/1.1" 200 OK
INFO:mcp.server.lowlevel.server:Processing request of type CallToolRequest
INFO:hockey_mcp:🎯 [TOOL CALL] search_hockey_tactics: query='hockey positions defensive offensive zone coverage', types=None, positions=None, n_results=10
INFO:chromadb.telemetry.product.posthog:Anonymized telemetry enabled. See                     https://docs.trychroma.com/telemetry for more information.
INFO:httpx:HTTP Request: GET https://chroma-copy-copy-production.up.railway.app/api/v2/auth/identity "HTTP/1.1 200 OK"
INFO:chromadb.telemetry.product.posthog:Anonymized telemetry enabled. See                     https://docs.trychroma.com/telemetry for more information.
INFO:httpx:HTTP Request: GET https://chroma-copy-copy-production.up.railway.app/api/v2/tenants/default_tenant "HTTP/1.1 200 OK"
INFO:httpx:HTTP Request: GET https://chroma-copy-copy-production.up.railway.app/api/v2/tenants/default_tenant/databases/default_database "HTTP/1.1 200 OK"
INFO:httpx:HTTP Request: GET https://chroma-copy-copy-production.up.railway.app/api/v2/heartbeat "HTTP/1.1 200 OK"
INFO:httpx:HTTP Request: GET https://chroma-copy-copy-production.up.railway.app/api/v2/tenants/default_tenant/databases/default_database/collections/hockey_tactics "HTTP/1.1 200 OK"
INFO:httpx:HTTP Request: POST https://chroma-copy-copy-production.up.railway.app/api/v2/tenants/default_tenant/databases/default_database/collections/416b96b2-dc4c-4e89-adb6-2497cbc56e92/query "HTTP/1.1 200 OK"
INFO:hockey_mcp:✅ [TOOL COMPLETE] search_hockey_tactics: returned 10 tactics in 0.80s
INFO:mcp.server.lowlevel.server:Processing request of type ListToolsRequest
INFO:mcp.server.lowlevel.server:Processing request of type CallToolRequest
INFO:hockey_mcp:⚖️ [TOOL CALL] search_hockey_rules: query='hockey rules penalties offsides icing basics', n_results=10
INFO:chromadb.telemetry.product.posthog:Anonymized telemetry enabled. See                     https://docs.trychroma.com/telemetry for more information.
INFO:httpx:HTTP Request: GET https://chroma-copy-copy-production.up.railway.app/api/v2/auth/identity "HTTP/1.1 200 OK"
INFO:chromadb.telemetry.product.posthog:Anonymized telemetry enabled. See                     https://docs.trychroma.com/telemetry for more information.
INFO:httpx:HTTP Request: GET https://chroma-copy-copy-production.up.railway.app/api/v2/tenants/default_tenant "HTTP/1.1 200 OK"
INFO:httpx:HTTP Request: GET https://chroma-copy-copy-production.up.railway.app/api/v2/tenants/default_tenant/databases/default_database "HTTP/1.1 200 OK"
INFO:httpx:HTTP Request: GET https://chroma-copy-copy-production.up.railway.app/api/v2/heartbeat "HTTP/1.1 200 OK"
INFO:httpx:HTTP Request: GET https://chroma-copy-copy-production.up.railway.app/api/v2/tenants/default_tenant/databases/default_database/collections/hockey_rules "HTTP/1.1 200 OK"
INFO:httpx:HTTP Request: POST https://chroma-copy-copy-production.up.railway.app/api/v2/tenants/default_tenant/databases/default_database/collections/41ea6112-cab7-46b8-bf6d-86eabd3ace04/query "HTTP/1.1 200 OK"
INFO:hockey_mcp:✅ [TOOL COMPLETE] search_hockey_rules: returned 10 rules in 0.54s
INFO:mcp.server.lowlevel.server:Processing request of type CallToolRequest
INFO:hockey_mcp:🎯 [TOOL CALL] search_hockey_tactics: query='hockey positions defensive offensive zone coverage', types=None, positions=None, n_results=10
INFO:chromadb.telemetry.product.posthog:Anonymized telemetry enabled. See                     https://docs.trychroma.com/telemetry for more information.
INFO:httpx:HTTP Request: GET https://chroma-copy-copy-production.up.railway.app/api/v2/auth/identity "HTTP/1.1 200 OK"
INFO:chromadb.telemetry.product.posthog:Anonymized telemetry enabled. See                     https://docs.trychroma.com/telemetry for more information.
INFO:httpx:HTTP Request: GET https://chroma-copy-copy-production.up.railway.app/api/v2/tenants/default_tenant "HTTP/1.1 200 OK"
INFO:httpx:HTTP Request: GET https://chroma-copy-copy-production.up.railway.app/api/v2/tenants/default_tenant/databases/default_database "HTTP/1.1 200 OK"
INFO:httpx:HTTP Request: GET https://chroma-copy-copy-production.up.railway.app/api/v2/heartbeat "HTTP/1.1 200 OK"
INFO:httpx:HTTP Request: GET https://chroma-copy-copy-production.up.railway.app/api/v2/tenants/default_tenant/databases/default_database/collections/hockey_tactics "HTTP/1.1 200 OK"
INFO:httpx:HTTP Request: POST https://chroma-copy-copy-production.up.railway.app/api/v2/tenants/default_tenant/databases/default_database/collections/416b96b2-dc4c-4e89-adb6-2497cbc56e92/query "HTTP/1.1 200 OK"
INFO:hockey_mcp:✅ [TOOL COMPLETE] search_hockey_tactics: returned 10 tactics in 0.58s
INFO:mcp.server.lowlevel.server:Processing request of type CallToolRequest
INFO:hockey_mcp:⚡ [TOOL CALL] search_hockey_skills: query='hockey skating passing shooting stickhandling techniques', n_results=10
INFO:chromadb.telemetry.product.posthog:Anonymized telemetry enabled. See                     https://docs.trychroma.com/telemetry for more information.
INFO:httpx:HTTP Request: GET https://chroma-copy-copy-production.up.railway.app/api/v2/auth/identity "HTTP/1.1 200 OK"
INFO:chromadb.telemetry.product.posthog:Anonymized telemetry enabled. See                     https://docs.trychroma.com/telemetry for more information.
INFO:httpx:HTTP Request: GET https://chroma-copy-copy-production.up.railway.app/api/v2/tenants/default_tenant "HTTP/1.1 200 OK"
INFO:httpx:HTTP Request: GET https://chroma-copy-copy-production.up.railway.app/api/v2/tenants/default_tenant/databases/default_database "HTTP/1.1 200 OK"
INFO:httpx:HTTP Request: GET https://chroma-copy-copy-production.up.railway.app/api/v2/heartbeat "HTTP/1.1 200 OK"
INFO:httpx:HTTP Request: GET https://chroma-copy-copy-production.up.railway.app/api/v2/tenants/default_tenant/databases/default_database/collections/hockey_skills "HTTP/1.1 200 OK"
INFO:httpx:HTTP Request: POST https://chroma-copy-copy-production.up.railway.app/api/v2/tenants/default_tenant/databases/default_database/collections/689a1fad-d612-40de-b077-4cddc4b59524/query "HTTP/1.1 200 OK"
INFO:hockey_mcp:✅ [TOOL COMPLETE] search_hockey_skills: returned 10 skills in 0.58s
INFO:mcp.server.lowlevel.server:Processing request of type CallToolRequest
INFO:hockey_mcp:🎯 [TOOL CALL] search_hockey_tactics: query='hockey teamwork communication support systems', types=None, positions=None, n_results=10
INFO:chromadb.telemetry.product.posthog:Anonymized telemetry enabled. See                     https://docs.trychroma.com/telemetry for more information.
INFO:httpx:HTTP Request: GET https://chroma-copy-copy-production.up.railway.app/api/v2/auth/identity "HTTP/1.1 200 OK"
INFO:chromadb.telemetry.product.posthog:Anonymized telemetry enabled. See                     https://docs.trychroma.com/telemetry for more information.
INFO:httpx:HTTP Request: GET https://chroma-copy-copy-production.up.railway.app/api/v2/tenants/default_tenant "HTTP/1.1 200 OK"
INFO:httpx:HTTP Request: GET https://chroma-copy-copy-production.up.railway.app/api/v2/tenants/default_tenant/databases/default_database "HTTP/1.1 200 OK"
INFO:httpx:HTTP Request: GET https://chroma-copy-copy-production.up.railway.app/api/v2/heartbeat "HTTP/1.1 200 OK"
INFO:httpx:HTTP Request: GET https://chroma-copy-copy-production.up.railway.app/api/v2/tenants/default_tenant/databases/default_database/collections/hockey_tactics "HTTP/1.1 200 OK"
INFO:httpx:HTTP Request: POST https://chroma-copy-copy-production.up.railway.app/api/v2/tenants/default_tenant/databases/default_database/collections/416b96b2-dc4c-4e89-adb6-2497cbc56e92/query "HTTP/1.1 200 OK"
INFO:hockey_mcp:✅ [TOOL COMPLETE] search_hockey_tactics: returned 10 tactics in 0.69s
Connecting to Chroma server at https://chroma-copy-copy-production.up.railway.app:443 with token: True
✅ Connected to remote Chroma server
Connecting to Chroma server at https://chroma-copy-copy-production.up.railway.app:443 with token: True
✅ Connected to remote Chroma server
Connecting to Chroma server at https://chroma-copy-copy-production.up.railway.app:443 with token: True
✅ Connected to remote Chroma server
Connecting to Chroma server at https://chroma-copy-copy-production.up.railway.app:443 with token: True
✅ Connected to remote Chroma server
Connecting to Chroma server at https://chroma-copy-copy-production.up.railway.app:443 with token: True
✅ Connected to remote Chroma server
INFO:     127.0.0.1:52272 - "POST /api/mcp HTTP/1.1" 200 OK
INFO:mcp.server.lowlevel.server:Processing request of type CallToolRequest
INFO:hockey_mcp:⚖️ [TOOL CALL] search_hockey_rules: query='hockey rules penalties offsides icing basics', n_results=10
INFO:chromadb.telemetry.product.posthog:Anonymized telemetry enabled. See                     https://docs.trychroma.com/telemetry for more information.
INFO:httpx:HTTP Request: GET https://chroma-copy-copy-production.up.railway.app/api/v2/auth/identity "HTTP/1.1 200 OK"
INFO:chromadb.telemetry.product.posthog:Anonymized telemetry enabled. See                     https://docs.trychroma.com/telemetry for more information.
INFO:httpx:HTTP Request: GET https://chroma-copy-copy-production.up.railway.app/api/v2/tenants/default_tenant "HTTP/1.1 200 OK"
INFO:httpx:HTTP Request: GET https://chroma-copy-copy-production.up.railway.app/api/v2/tenants/default_tenant/databases/default_database "HTTP/1.1 200 OK"
INFO:httpx:HTTP Request: GET https://chroma-copy-copy-production.up.railway.app/api/v2/heartbeat "HTTP/1.1 200 OK"
INFO:httpx:HTTP Request: GET https://chroma-copy-copy-production.up.railway.app/api/v2/tenants/default_tenant/databases/default_database/collections/hockey_rules "HTTP/1.1 200 OK"
INFO:httpx:HTTP Request: POST https://chroma-copy-copy-production.up.railway.app/api/v2/tenants/default_tenant/databases/default_database/collections/41ea6112-cab7-46b8-bf6d-86eabd3ace04/query "HTTP/1.1 200 OK"
INFO:hockey_mcp:✅ [TOOL COMPLETE] search_hockey_rules: returned 10 rules in 0.55s
INFO:mcp.server.lowlevel.server:Processing request of type ListToolsRequest
INFO:mcp.server.lowlevel.server:Processing request of type ListToolsRequest
INFO:mcp.server.lowlevel.server:Processing request of type ListToolsRequest
INFO:mcp.server.lowlevel.server:Processing request of type ListToolsRequest
INFO:mcp.server.lowlevel.server:Processing request of type ListToolsRequest
INFO:mcp.server.lowlevel.server:Processing request of type CallToolRequest
INFO:hockey_mcp:🎯 [TOOL CALL] search_hockey_tactics: query='hockey positions defensive offensive zone coverage', types=None, positions=None, n_results=10
INFO:chromadb.telemetry.product.posthog:Anonymized telemetry enabled. See                     https://docs.trychroma.com/telemetry for more information.
INFO:httpx:HTTP Request: GET https://chroma-copy-copy-production.up.railway.app/api/v2/auth/identity "HTTP/1.1 200 OK"
INFO:chromadb.telemetry.product.posthog:Anonymized telemetry enabled. See                     https://docs.trychroma.com/telemetry for more information.
INFO:httpx:HTTP Request: GET https://chroma-copy-copy-production.up.railway.app/api/v2/tenants/default_tenant "HTTP/1.1 200 OK"
INFO:httpx:HTTP Request: GET https://chroma-copy-copy-production.up.railway.app/api/v2/tenants/default_tenant/databases/default_database "HTTP/1.1 200 OK"
INFO:httpx:HTTP Request: GET https://chroma-copy-copy-production.up.railway.app/api/v2/heartbeat "HTTP/1.1 200 OK"
INFO:httpx:HTTP Request: GET https://chroma-copy-copy-production.up.railway.app/api/v2/tenants/default_tenant/databases/default_database/collections/hockey_tactics "HTTP/1.1 200 OK"
INFO:httpx:HTTP Request: POST https://chroma-copy-copy-production.up.railway.app/api/v2/tenants/default_tenant/databases/default_database/collections/416b96b2-dc4c-4e89-adb6-2497cbc56e92/query "HTTP/1.1 200 OK"
INFO:hockey_mcp:✅ [TOOL COMPLETE] search_hockey_tactics: returned 10 tactics in 0.55s
INFO:mcp.server.lowlevel.server:Processing request of type CallToolRequest
INFO:hockey_mcp:🎯 [TOOL CALL] search_hockey_tactics: query='hockey teamwork communication support systems', types=None, positions=None, n_results=10
INFO:chromadb.telemetry.product.posthog:Anonymized telemetry enabled. See                     https://docs.trychroma.com/telemetry for more information.
INFO:httpx:HTTP Request: GET https://chroma-copy-copy-production.up.railway.app/api/v2/auth/identity "HTTP/1.1 200 OK"
INFO:chromadb.telemetry.product.posthog:Anonymized telemetry enabled. See                     https://docs.trychroma.com/telemetry for more information.
INFO:httpx:HTTP Request: GET https://chroma-copy-copy-production.up.railway.app/api/v2/tenants/default_tenant "HTTP/1.1 200 OK"
INFO:httpx:HTTP Request: GET https://chroma-copy-copy-production.up.railway.app/api/v2/tenants/default_tenant/databases/default_database "HTTP/1.1 200 OK"
INFO:httpx:HTTP Request: GET https://chroma-copy-copy-production.up.railway.app/api/v2/heartbeat "HTTP/1.1 200 OK"
INFO:httpx:HTTP Request: GET https://chroma-copy-copy-production.up.railway.app/api/v2/tenants/default_tenant/databases/default_database/collections/hockey_tactics "HTTP/1.1 200 OK"
INFO:httpx:HTTP Request: POST https://chroma-copy-copy-production.up.railway.app/api/v2/tenants/default_tenant/databases/default_database/collections/416b96b2-dc4c-4e89-adb6-2497cbc56e92/query "HTTP/1.1 200 OK"
INFO:hockey_mcp:✅ [TOOL COMPLETE] search_hockey_tactics: returned 10 tactics in 0.63s
INFO:mcp.server.lowlevel.server:Processing request of type CallToolRequest
INFO:hockey_mcp:🎯 [TOOL CALL] search_hockey_tactics: query='hockey teamwork communication support systems', types=None, positions=None, n_results=10
INFO:chromadb.telemetry.product.posthog:Anonymized telemetry enabled. See                     https://docs.trychroma.com/telemetry for more information.
INFO:httpx:HTTP Request: GET https://chroma-copy-copy-production.up.railway.app/api/v2/auth/identity "HTTP/1.1 200 OK"
INFO:chromadb.telemetry.product.posthog:Anonymized telemetry enabled. See                     https://docs.trychroma.com/telemetry for more information.
INFO:httpx:HTTP Request: GET https://chroma-copy-copy-production.up.railway.app/api/v2/tenants/default_tenant "HTTP/1.1 200 OK"
INFO:httpx:HTTP Request: GET https://chroma-copy-copy-production.up.railway.app/api/v2/tenants/default_tenant/databases/default_database "HTTP/1.1 200 OK"
INFO:httpx:HTTP Request: GET https://chroma-copy-copy-production.up.railway.app/api/v2/heartbeat "HTTP/1.1 200 OK"
INFO:httpx:HTTP Request: GET https://chroma-copy-copy-production.up.railway.app/api/v2/tenants/default_tenant/databases/default_database/collections/hockey_tactics "HTTP/1.1 200 OK"
INFO:httpx:HTTP Request: POST https://chroma-copy-copy-production.up.railway.app/api/v2/tenants/default_tenant/databases/default_database/collections/416b96b2-dc4c-4e89-adb6-2497cbc56e92/query "HTTP/1.1 200 OK"
INFO:hockey_mcp:✅ [TOOL COMPLETE] search_hockey_tactics: returned 10 tactics in 0.59s
INFO:mcp.server.lowlevel.server:Processing request of type CallToolRequest
INFO:hockey_mcp:⚡ [TOOL CALL] search_hockey_skills: query='hockey skating passing shooting stickhandling techniques', n_results=10
INFO:chromadb.telemetry.product.posthog:Anonymized telemetry enabled. See                     https://docs.trychroma.com/telemetry for more information.
INFO:httpx:HTTP Request: GET https://chroma-copy-copy-production.up.railway.app/api/v2/auth/identity "HTTP/1.1 200 OK"
INFO:chromadb.telemetry.product.posthog:Anonymized telemetry enabled. See                     https://docs.trychroma.com/telemetry for more information.
INFO:httpx:HTTP Request: GET https://chroma-copy-copy-production.up.railway.app/api/v2/tenants/default_tenant "HTTP/1.1 200 OK"
INFO:httpx:HTTP Request: GET https://chroma-copy-copy-production.up.railway.app/api/v2/tenants/default_tenant/databases/default_database "HTTP/1.1 200 OK"
INFO:httpx:HTTP Request: GET https://chroma-copy-copy-production.up.railway.app/api/v2/heartbeat "HTTP/1.1 200 OK"
INFO:httpx:HTTP Request: GET https://chroma-copy-copy-production.up.railway.app/api/v2/tenants/default_tenant/databases/default_database/collections/hockey_skills "HTTP/1.1 200 OK"
INFO:httpx:HTTP Request: POST https://chroma-copy-copy-production.up.railway.app/api/v2/tenants/default_tenant/databases/default_database/collections/689a1fad-d612-40de-b077-4cddc4b59524/query "HTTP/1.1 200 OK"
INFO:hockey_mcp:✅ [TOOL COMPLETE] search_hockey_skills: returned 10 skills in 0.57s
Connecting to Chroma server at https://chroma-copy-copy-production.up.railway.app:443 with token: True
✅ Connected to remote Chroma server
Connecting to Chroma server at https://chroma-copy-copy-production.up.railway.app:443 with token: True
✅ Connected to remote Chroma server
Connecting to Chroma server at https://chroma-copy-copy-production.up.railway.app:443 with token: True
✅ Connected to remote Chroma server
Connecting to Chroma server at https://chroma-copy-copy-production.up.railway.app:443 with token: True
✅ Connected to remote Chroma server
Connecting to Chroma server at https://chroma-copy-copy-production.up.railway.app:443 with token: True
✅ Connected to remote Chroma server
INFO:     127.0.0.1:52480 - "POST /api/mcp HTTP/1.1" 200 OK
INFO:     127.0.0.1:52482 - "POST /api/mcp HTTP/1.1" 200 OK
INFO:     127.0.0.1:52483 - "POST /api/mcp HTTP/1.1" 200 OK
INFO:     127.0.0.1:52484 - "POST /api/mcp HTTP/1.1" 200 OK
INFO:     127.0.0.1:52486 - "POST /api/mcp HTTP/1.1" 200 OK
INFO:mcp.server.lowlevel.server:Processing request of type ListToolsRequest
INFO:mcp.server.lowlevel.server:Processing request of type ListToolsRequest
INFO:mcp.server.lowlevel.server:Processing request of type ListToolsRequest
INFO:mcp.server.lowlevel.server:Processing request of type ListToolsRequest
INFO:     127.0.0.1:52489 - "POST /api/mcp HTTP/1.1" 200 OK
INFO:     127.0.0.1:52491 - "POST /api/mcp HTTP/1.1" 200 OK
INFO:     127.0.0.1:52494 - "POST /api/mcp HTTP/1.1" 200 OK
INFO:     127.0.0.1:52500 - "POST /api/mcp HTTP/1.1" 200 OK
INFO:mcp.server.lowlevel.server:Processing request of type CallToolRequest
INFO:hockey_mcp:🎯 [TOOL CALL] search_hockey_tactics: query='hockey positions defensive offensive zone coverage', types=None, positions=None, n_results=10
INFO:chromadb.telemetry.product.posthog:Anonymized telemetry enabled. See                     https://docs.trychroma.com/telemetry for more information.
INFO:httpx:HTTP Request: GET https://chroma-copy-copy-production.up.railway.app/api/v2/auth/identity "HTTP/1.1 200 OK"
INFO:chromadb.telemetry.product.posthog:Anonymized telemetry enabled. See                     https://docs.trychroma.com/telemetry for more information.
INFO:httpx:HTTP Request: GET https://chroma-copy-copy-production.up.railway.app/api/v2/tenants/default_tenant "HTTP/1.1 200 OK"
INFO:httpx:HTTP Request: GET https://chroma-copy-copy-production.up.railway.app/api/v2/tenants/default_tenant/databases/default_database "HTTP/1.1 200 OK"
INFO:httpx:HTTP Request: GET https://chroma-copy-copy-production.up.railway.app/api/v2/heartbeat "HTTP/1.1 200 OK"
INFO:httpx:HTTP Request: GET https://chroma-copy-copy-production.up.railway.app/api/v2/tenants/default_tenant/databases/default_database/collections/hockey_tactics "HTTP/1.1 200 OK"
INFO:httpx:HTTP Request: POST https://chroma-copy-copy-production.up.railway.app/api/v2/tenants/default_tenant/databases/default_database/collections/416b96b2-dc4c-4e89-adb6-2497cbc56e92/query "HTTP/1.1 200 OK"
INFO:hockey_mcp:✅ [TOOL COMPLETE] search_hockey_tactics: returned 10 tactics in 0.61s
INFO:mcp.server.lowlevel.server:Processing request of type ListToolsRequest
Connecting to Chroma server at https://chroma-copy-copy-production.up.railway.app:443 with token: True
✅ Connected to remote Chroma server
INFO:     127.0.0.1:52564 - "POST /api/mcp HTTP/1.1" 200 OK
INFO:mcp.server.lowlevel.server:Processing request of type CallToolRequest
INFO:hockey_mcp:⚖️ [TOOL CALL] search_hockey_rules: query='hockey rules penalties offsides icing basics', n_results=10
INFO:chromadb.telemetry.product.posthog:Anonymized telemetry enabled. See                     https://docs.trychroma.com/telemetry for more information.
INFO:httpx:HTTP Request: GET https://chroma-copy-copy-production.up.railway.app/api/v2/auth/identity "HTTP/1.1 200 OK"
INFO:chromadb.telemetry.product.posthog:Anonymized telemetry enabled. See                     https://docs.trychroma.com/telemetry for more information.
INFO:httpx:HTTP Request: GET https://chroma-copy-copy-production.up.railway.app/api/v2/tenants/default_tenant "HTTP/1.1 200 OK"
INFO:httpx:HTTP Request: GET https://chroma-copy-copy-production.up.railway.app/api/v2/tenants/default_tenant/databases/default_database "HTTP/1.1 200 OK"
INFO:httpx:HTTP Request: GET https://chroma-copy-copy-production.up.railway.app/api/v2/heartbeat "HTTP/1.1 200 OK"
INFO:httpx:HTTP Request: GET https://chroma-copy-copy-production.up.railway.app/api/v2/tenants/default_tenant/databases/default_database/collections/hockey_rules "HTTP/1.1 200 OK"
INFO:httpx:HTTP Request: POST https://chroma-copy-copy-production.up.railway.app/api/v2/tenants/default_tenant/databases/default_database/collections/41ea6112-cab7-46b8-bf6d-86eabd3ace04/query "HTTP/1.1 200 OK"
INFO:hockey_mcp:✅ [TOOL COMPLETE] search_hockey_rules: returned 10 rules in 0.56s
INFO:mcp.server.lowlevel.server:Processing request of type ListToolsRequest
INFO:mcp.server.lowlevel.server:Processing request of type CallToolRequest
INFO:hockey_mcp:⚖️ [TOOL CALL] search_hockey_rules: query='hockey rules penalties offsides icing basics', n_results=10
INFO:chromadb.telemetry.product.posthog:Anonymized telemetry enabled. See                     https://docs.trychroma.com/telemetry for more information.
INFO:httpx:HTTP Request: GET https://chroma-copy-copy-production.up.railway.app/api/v2/auth/identity "HTTP/1.1 200 OK"
INFO:chromadb.telemetry.product.posthog:Anonymized telemetry enabled. See                     https://docs.trychroma.com/telemetry for more information.
INFO:httpx:HTTP Request: GET https://chroma-copy-copy-production.up.railway.app/api/v2/tenants/default_tenant "HTTP/1.1 200 OK"
INFO:httpx:HTTP Request: GET https://chroma-copy-copy-production.up.railway.app/api/v2/tenants/default_tenant/databases/default_database "HTTP/1.1 200 OK"
INFO:httpx:HTTP Request: GET https://chroma-copy-copy-production.up.railway.app/api/v2/heartbeat "HTTP/1.1 200 OK"
INFO:httpx:HTTP Request: GET https://chroma-copy-copy-production.up.railway.app/api/v2/tenants/default_tenant/databases/default_database/collections/hockey_rules "HTTP/1.1 200 OK"
INFO:httpx:HTTP Request: POST https://chroma-copy-copy-production.up.railway.app/api/v2/tenants/default_tenant/databases/default_database/collections/41ea6112-cab7-46b8-bf6d-86eabd3ace04/query "HTTP/1.1 200 OK"
INFO:hockey_mcp:✅ [TOOL COMPLETE] search_hockey_rules: returned 10 rules in 0.55s
INFO:mcp.server.lowlevel.server:Processing request of type CallToolRequest
INFO:hockey_mcp:🎯 [TOOL CALL] search_hockey_tactics: query='hockey positions defensive offensive zone coverage', types=None, positions=None, n_results=10
INFO:chromadb.telemetry.product.posthog:Anonymized telemetry enabled. See                     https://docs.trychroma.com/telemetry for more information.
INFO:httpx:HTTP Request: GET https://chroma-copy-copy-production.up.railway.app/api/v2/auth/identity "HTTP/1.1 200 OK"
INFO:chromadb.telemetry.product.posthog:Anonymized telemetry enabled. See                     https://docs.trychroma.com/telemetry for more information.
INFO:httpx:HTTP Request: GET https://chroma-copy-copy-production.up.railway.app/api/v2/tenants/default_tenant "HTTP/1.1 200 OK"
INFO:httpx:HTTP Request: GET https://chroma-copy-copy-production.up.railway.app/api/v2/tenants/default_tenant/databases/default_database "HTTP/1.1 200 OK"
INFO:httpx:HTTP Request: GET https://chroma-copy-copy-production.up.railway.app/api/v2/heartbeat "HTTP/1.1 200 OK"
INFO:httpx:HTTP Request: GET https://chroma-copy-copy-production.up.railway.app/api/v2/tenants/default_tenant/databases/default_database/collections/hockey_tactics "HTTP/1.1 200 OK"
INFO:httpx:HTTP Request: POST https://chroma-copy-copy-production.up.railway.app/api/v2/tenants/default_tenant/databases/default_database/collections/416b96b2-dc4c-4e89-adb6-2497cbc56e92/query "HTTP/1.1 200 OK"
INFO:hockey_mcp:✅ [TOOL COMPLETE] search_hockey_tactics: returned 10 tactics in 0.58s
INFO:mcp.server.lowlevel.server:Processing request of type CallToolRequest
INFO:hockey_mcp:⚖️ [TOOL CALL] search_hockey_rules: query='hockey rules penalties offsides icing basics', n_results=10
INFO:chromadb.telemetry.product.posthog:Anonymized telemetry enabled. See                     https://docs.trychroma.com/telemetry for more information.
INFO:httpx:HTTP Request: GET https://chroma-copy-copy-production.up.railway.app/api/v2/auth/identity "HTTP/1.1 200 OK"
INFO:chromadb.telemetry.product.posthog:Anonymized telemetry enabled. See                     https://docs.trychroma.com/telemetry for more information.
INFO:httpx:HTTP Request: GET https://chroma-copy-copy-production.up.railway.app/api/v2/tenants/default_tenant "HTTP/1.1 200 OK"
INFO:httpx:HTTP Request: GET https://chroma-copy-copy-production.up.railway.app/api/v2/tenants/default_tenant/databases/default_database "HTTP/1.1 200 OK"
INFO:httpx:HTTP Request: GET https://chroma-copy-copy-production.up.railway.app/api/v2/heartbeat "HTTP/1.1 200 OK"
INFO:httpx:HTTP Request: GET https://chroma-copy-copy-production.up.railway.app/api/v2/tenants/default_tenant/databases/default_database/collections/hockey_rules "HTTP/1.1 200 OK"
INFO:httpx:HTTP Request: POST https://chroma-copy-copy-production.up.railway.app/api/v2/tenants/default_tenant/databases/default_database/collections/41ea6112-cab7-46b8-bf6d-86eabd3ace04/query "HTTP/1.1 200 OK"
INFO:hockey_mcp:✅ [TOOL COMPLETE] search_hockey_rules: returned 10 rules in 0.56s
INFO:mcp.server.lowlevel.server:Processing request of type CallToolRequest
INFO:hockey_mcp:🎯 [TOOL CALL] search_hockey_tactics: query='hockey teamwork communication support systems', types=None, positions=None, n_results=10
INFO:chromadb.telemetry.product.posthog:Anonymized telemetry enabled. See                     https://docs.trychroma.com/telemetry for more information.
INFO:httpx:HTTP Request: GET https://chroma-copy-copy-production.up.railway.app/api/v2/auth/identity "HTTP/1.1 200 OK"
INFO:chromadb.telemetry.product.posthog:Anonymized telemetry enabled. See                     https://docs.trychroma.com/telemetry for more information.
INFO:httpx:HTTP Request: GET https://chroma-copy-copy-production.up.railway.app/api/v2/tenants/default_tenant "HTTP/1.1 200 OK"
INFO:httpx:HTTP Request: GET https://chroma-copy-copy-production.up.railway.app/api/v2/tenants/default_tenant/databases/default_database "HTTP/1.1 200 OK"
INFO:httpx:HTTP Request: GET https://chroma-copy-copy-production.up.railway.app/api/v2/heartbeat "HTTP/1.1 200 OK"
INFO:httpx:HTTP Request: GET https://chroma-copy-copy-production.up.railway.app/api/v2/tenants/default_tenant/databases/default_database/collections/hockey_tactics "HTTP/1.1 200 OK"
INFO:httpx:HTTP Request: POST https://chroma-copy-copy-production.up.railway.app/api/v2/tenants/default_tenant/databases/default_database/collections/416b96b2-dc4c-4e89-adb6-2497cbc56e92/query "HTTP/1.1 200 OK"
INFO:hockey_mcp:✅ [TOOL COMPLETE] search_hockey_tactics: returned 10 tactics in 0.59s
Connecting to Chroma server at https://chroma-copy-copy-production.up.railway.app:443 with token: True
✅ Connected to remote Chroma server
Connecting to Chroma server at https://chroma-copy-copy-production.up.railway.app:443 with token: True
✅ Connected to remote Chroma server
Connecting to Chroma server at https://chroma-copy-copy-production.up.railway.app:443 with token: True
✅ Connected to remote Chroma server
Connecting to Chroma server at https://chroma-copy-copy-production.up.railway.app:443 with token: True
✅ Connected to remote Chroma server
Connecting to Chroma server at https://chroma-copy-copy-production.up.railway.app:443 with token: True
✅ Connected to remote Chroma server
INFO:     127.0.0.1:52564 - "POST /api/mcp HTTP/1.1" 200 OK
INFO:mcp.server.lowlevel.server:Processing request of type CallToolRequest
INFO:hockey_mcp:⚡ [TOOL CALL] search_hockey_skills: query='hockey skating passing shooting stickhandling techniques', n_results=10
INFO:chromadb.telemetry.product.posthog:Anonymized telemetry enabled. See                     https://docs.trychroma.com/telemetry for more information.
INFO:httpx:HTTP Request: GET https://chroma-copy-copy-production.up.railway.app/api/v2/auth/identity "HTTP/1.1 200 OK"
INFO:chromadb.telemetry.product.posthog:Anonymized telemetry enabled. See                     https://docs.trychroma.com/telemetry for more information.
INFO:httpx:HTTP Request: GET https://chroma-copy-copy-production.up.railway.app/api/v2/tenants/default_tenant "HTTP/1.1 200 OK"
INFO:httpx:HTTP Request: GET https://chroma-copy-copy-production.up.railway.app/api/v2/tenants/default_tenant/databases/default_database "HTTP/1.1 200 OK"
INFO:httpx:HTTP Request: GET https://chroma-copy-copy-production.up.railway.app/api/v2/heartbeat "HTTP/1.1 200 OK"
INFO:httpx:HTTP Request: GET https://chroma-copy-copy-production.up.railway.app/api/v2/tenants/default_tenant/databases/default_database/collections/hockey_skills "HTTP/1.1 200 OK"
INFO:httpx:HTTP Request: POST https://chroma-copy-copy-production.up.railway.app/api/v2/tenants/default_tenant/databases/default_database/collections/689a1fad-d612-40de-b077-4cddc4b59524/query "HTTP/1.1 200 OK"
INFO:hockey_mcp:✅ [TOOL COMPLETE] search_hockey_skills: returned 10 skills in 0.65s
INFO:mcp.server.lowlevel.server:Processing request of type ListToolsRequest
INFO:mcp.server.lowlevel.server:Processing request of type ListToolsRequest
INFO:mcp.server.lowlevel.server:Processing request of type ListToolsRequest
INFO:mcp.server.lowlevel.server:Processing request of type ListToolsRequest
INFO:mcp.server.lowlevel.server:Processing request of type ListToolsRequest
INFO:mcp.server.lowlevel.server:Processing request of type CallToolRequest
INFO:hockey_mcp:🎯 [TOOL CALL] search_hockey_tactics: query='hockey positions defensive offensive zone coverage', types=None, positions=None, n_results=10
INFO:chromadb.telemetry.product.posthog:Anonymized telemetry enabled. See                     https://docs.trychroma.com/telemetry for more information.
INFO:httpx:HTTP Request: GET https://chroma-copy-copy-production.up.railway.app/api/v2/auth/identity "HTTP/1.1 200 OK"
INFO:chromadb.telemetry.product.posthog:Anonymized telemetry enabled. See                     https://docs.trychroma.com/telemetry for more information.
INFO:httpx:HTTP Request: GET https://chroma-copy-copy-production.up.railway.app/api/v2/tenants/default_tenant "HTTP/1.1 200 OK"
INFO:httpx:HTTP Request: GET https://chroma-copy-copy-production.up.railway.app/api/v2/tenants/default_tenant/databases/default_database "HTTP/1.1 200 OK"
INFO:httpx:HTTP Request: GET https://chroma-copy-copy-production.up.railway.app/api/v2/heartbeat "HTTP/1.1 200 OK"
INFO:httpx:HTTP Request: GET https://chroma-copy-copy-production.up.railway.app/api/v2/tenants/default_tenant/databases/default_database/collections/hockey_tactics "HTTP/1.1 200 OK"
INFO:httpx:HTTP Request: POST https://chroma-copy-copy-production.up.railway.app/api/v2/tenants/default_tenant/databases/default_database/collections/416b96b2-dc4c-4e89-adb6-2497cbc56e92/query "HTTP/1.1 200 OK"
INFO:hockey_mcp:✅ [TOOL COMPLETE] search_hockey_tactics: returned 10 tactics in 0.57s
INFO:mcp.server.lowlevel.server:Processing request of type CallToolRequest
INFO:hockey_mcp:⚡ [TOOL CALL] search_hockey_skills: query='hockey skating passing shooting stickhandling techniques', n_results=10
INFO:chromadb.telemetry.product.posthog:Anonymized telemetry enabled. See                     https://docs.trychroma.com/telemetry for more information.
INFO:httpx:HTTP Request: GET https://chroma-copy-copy-production.up.railway.app/api/v2/auth/identity "HTTP/1.1 200 OK"
INFO:chromadb.telemetry.product.posthog:Anonymized telemetry enabled. See                     https://docs.trychroma.com/telemetry for more information.
INFO:httpx:HTTP Request: GET https://chroma-copy-copy-production.up.railway.app/api/v2/tenants/default_tenant "HTTP/1.1 200 OK"
INFO:httpx:HTTP Request: GET https://chroma-copy-copy-production.up.railway.app/api/v2/tenants/default_tenant/databases/default_database "HTTP/1.1 200 OK"
INFO:httpx:HTTP Request: GET https://chroma-copy-copy-production.up.railway.app/api/v2/heartbeat "HTTP/1.1 200 OK"
INFO:httpx:HTTP Request: GET https://chroma-copy-copy-production.up.railway.app/api/v2/tenants/default_tenant/databases/default_database/collections/hockey_skills "HTTP/1.1 200 OK"
INFO:httpx:HTTP Request: POST https://chroma-copy-copy-production.up.railway.app/api/v2/tenants/default_tenant/databases/default_database/collections/689a1fad-d612-40de-b077-4cddc4b59524/query "HTTP/1.1 200 OK"
INFO:hockey_mcp:✅ [TOOL COMPLETE] search_hockey_skills: returned 10 skills in 0.58s
INFO:mcp.server.lowlevel.server:Processing request of type CallToolRequest
INFO:hockey_mcp:⚡ [TOOL CALL] search_hockey_skills: query='hockey skating passing shooting stickhandling techniques', n_results=10
INFO:chromadb.telemetry.product.posthog:Anonymized telemetry enabled. See                     https://docs.trychroma.com/telemetry for more information.
INFO:httpx:HTTP Request: GET https://chroma-copy-copy-production.up.railway.app/api/v2/auth/identity "HTTP/1.1 200 OK"
INFO:chromadb.telemetry.product.posthog:Anonymized telemetry enabled. See                     https://docs.trychroma.com/telemetry for more information.
INFO:httpx:HTTP Request: GET https://chroma-copy-copy-production.up.railway.app/api/v2/tenants/default_tenant "HTTP/1.1 200 OK"
INFO:httpx:HTTP Request: GET https://chroma-copy-copy-production.up.railway.app/api/v2/tenants/default_tenant/databases/default_database "HTTP/1.1 200 OK"
INFO:httpx:HTTP Request: GET https://chroma-copy-copy-production.up.railway.app/api/v2/heartbeat "HTTP/1.1 200 OK"
INFO:httpx:HTTP Request: GET https://chroma-copy-copy-production.up.railway.app/api/v2/tenants/default_tenant/databases/default_database/collections/hockey_skills "HTTP/1.1 200 OK"
INFO:httpx:HTTP Request: POST https://chroma-copy-copy-production.up.railway.app/api/v2/tenants/default_tenant/databases/default_database/collections/689a1fad-d612-40de-b077-4cddc4b59524/query "HTTP/1.1 200 OK"
INFO:hockey_mcp:✅ [TOOL COMPLETE] search_hockey_skills: returned 10 skills in 0.61s
Connecting to Chroma server at https://chroma-copy-copy-production.up.railway.app:443 with token: True
✅ Connected to remote Chroma server
Connecting to Chroma server at https://chroma-copy-copy-production.up.railway.app:443 with token: True
✅ Connected to remote Chroma server
Connecting to Chroma server at https://chroma-copy-copy-production.up.railway.app:443 with token: True
✅ Connected to remote Chroma server
Connecting to Chroma server at https://chroma-copy-copy-production.up.railway.app:443 with token: True
✅ Connected to remote Chroma server
INFO:     127.0.0.1:52569 - "POST /api/mcp HTTP/1.1" 200 OK
INFO:mcp.server.lowlevel.server:Processing request of type CallToolRequest
INFO:hockey_mcp:🎯 [TOOL CALL] search_hockey_tactics: query='hockey teamwork communication support systems', types=None, positions=None, n_results=10
INFO:chromadb.telemetry.product.posthog:Anonymized telemetry enabled. See                     https://docs.trychroma.com/telemetry for more information.
INFO:httpx:HTTP Request: GET https://chroma-copy-copy-production.up.railway.app/api/v2/auth/identity "HTTP/1.1 200 OK"
INFO:chromadb.telemetry.product.posthog:Anonymized telemetry enabled. See                     https://docs.trychroma.com/telemetry for more information.
INFO:httpx:HTTP Request: GET https://chroma-copy-copy-production.up.railway.app/api/v2/tenants/default_tenant "HTTP/1.1 200 OK"
INFO:httpx:HTTP Request: GET https://chroma-copy-copy-production.up.railway.app/api/v2/tenants/default_tenant/databases/default_database "HTTP/1.1 200 OK"
INFO:httpx:HTTP Request: GET https://chroma-copy-copy-production.up.railway.app/api/v2/heartbeat "HTTP/1.1 200 OK"
INFO:httpx:HTTP Request: GET https://chroma-copy-copy-production.up.railway.app/api/v2/tenants/default_tenant/databases/default_database/collections/hockey_tactics "HTTP/1.1 200 OK"
INFO:httpx:HTTP Request: POST https://chroma-copy-copy-production.up.railway.app/api/v2/tenants/default_tenant/databases/default_database/collections/416b96b2-dc4c-4e89-adb6-2497cbc56e92/query "HTTP/1.1 200 OK"
INFO:hockey_mcp:✅ [TOOL COMPLETE] search_hockey_tactics: returned 10 tactics in 0.60s
Connecting to Chroma server at https://chroma-copy-copy-production.up.railway.app:443 with token: True
✅ Connected to remote Chroma server
INFO:     127.0.0.1:52574 - "POST /api/mcp HTTP/1.1" 200 OK
INFO:mcp.server.lowlevel.server:Processing request of type CallToolRequest
INFO:hockey_mcp:🎯 [TOOL CALL] search_hockey_tactics: query='hockey teamwork communication support systems', types=None, positions=None, n_results=10
INFO:chromadb.telemetry.product.posthog:Anonymized telemetry enabled. See                     https://docs.trychroma.com/telemetry for more information.
INFO:httpx:HTTP Request: GET https://chroma-copy-copy-production.up.railway.app/api/v2/auth/identity "HTTP/1.1 200 OK"
INFO:chromadb.telemetry.product.posthog:Anonymized telemetry enabled. See                     https://docs.trychroma.com/telemetry for more information.
INFO:httpx:HTTP Request: GET https://chroma-copy-copy-production.up.railway.app/api/v2/tenants/default_tenant "HTTP/1.1 200 OK"
INFO:httpx:HTTP Request: GET https://chroma-copy-copy-production.up.railway.app/api/v2/tenants/default_tenant/databases/default_database "HTTP/1.1 200 OK"
INFO:httpx:HTTP Request: GET https://chroma-copy-copy-production.up.railway.app/api/v2/heartbeat "HTTP/1.1 200 OK"
INFO:httpx:HTTP Request: GET https://chroma-copy-copy-production.up.railway.app/api/v2/tenants/default_tenant/databases/default_database/collections/hockey_tactics "HTTP/1.1 200 OK"
INFO:httpx:HTTP Request: POST https://chroma-copy-copy-production.up.railway.app/api/v2/tenants/default_tenant/databases/default_database/collections/416b96b2-dc4c-4e89-adb6-2497cbc56e92/query "HTTP/1.1 200 OK"
INFO:hockey_mcp:✅ [TOOL COMPLETE] search_hockey_tactics: returned 10 tactics in 0.67s
Connecting to Chroma server at https://chroma-copy-copy-production.up.railway.app:443 with token: True
✅ Connected to remote Chroma server
INFO:     127.0.0.1:52575 - "POST /api/mcp HTTP/1.1" 200 OK
INFO:     127.0.0.1:52578 - "POST /api/mcp HTTP/1.1" 200 OK
INFO:     127.0.0.1:52579 - "POST /api/mcp HTTP/1.1" 200 OK
INFO:mcp.server.lowlevel.server:Processing request of type ListToolsRequest
INFO:mcp.server.lowlevel.server:Processing request of type ListToolsRequest
INFO:mcp.server.lowlevel.server:Processing request of type ListToolsRequest
INFO:mcp.server.lowlevel.server:Processing request of type ListToolsRequest
INFO:mcp.server.lowlevel.server:Processing request of type ListToolsRequest
INFO:mcp.server.lowlevel.server:Processing request of type CallToolRequest
INFO:hockey_mcp:🎯 [TOOL CALL] search_hockey_tactics: query='hockey positions defensive offensive zone coverage', types=None, positions=None, n_results=10
INFO:chromadb.telemetry.product.posthog:Anonymized telemetry enabled. See                     https://docs.trychroma.com/telemetry for more information.
INFO:httpx:HTTP Request: GET https://chroma-copy-copy-production.up.railway.app/api/v2/auth/identity "HTTP/1.1 200 OK"
INFO:chromadb.telemetry.product.posthog:Anonymized telemetry enabled. See                     https://docs.trychroma.com/telemetry for more information.
INFO:httpx:HTTP Request: GET https://chroma-copy-copy-production.up.railway.app/api/v2/tenants/default_tenant "HTTP/1.1 200 OK"
INFO:httpx:HTTP Request: GET https://chroma-copy-copy-production.up.railway.app/api/v2/tenants/default_tenant/databases/default_database "HTTP/1.1 200 OK"
INFO:httpx:HTTP Request: GET https://chroma-copy-copy-production.up.railway.app/api/v2/heartbeat "HTTP/1.1 200 OK"
INFO:httpx:HTTP Request: GET https://chroma-copy-copy-production.up.railway.app/api/v2/tenants/default_tenant/databases/default_database/collections/hockey_tactics "HTTP/1.1 200 OK"
INFO:httpx:HTTP Request: POST https://chroma-copy-copy-production.up.railway.app/api/v2/tenants/default_tenant/databases/default_database/collections/416b96b2-dc4c-4e89-adb6-2497cbc56e92/query "HTTP/1.1 200 OK"
INFO:hockey_mcp:✅ [TOOL COMPLETE] search_hockey_tactics: returned 10 tactics in 0.65s
Connecting to Chroma server at https://chroma-copy-copy-production.up.railway.app:443 with token: True
✅ Connected to remote Chroma server
INFO:     127.0.0.1:52585 - "POST /api/mcp HTTP/1.1" 200 OK
INFO:     127.0.0.1:52591 - "POST /api/mcp HTTP/1.1" 200 OK
INFO:     127.0.0.1:52593 - "POST /api/mcp HTTP/1.1" 200 OK
INFO:     127.0.0.1:52595 - "POST /api/mcp HTTP/1.1" 200 OK
INFO:     127.0.0.1:52598 - "POST /api/mcp HTTP/1.1" 200 OK
INFO:mcp.server.lowlevel.server:Processing request of type ListToolsRequest
INFO:mcp.server.lowlevel.server:Processing request of type CallToolRequest
INFO:hockey_mcp:⚖️ [TOOL CALL] search_hockey_rules: query='hockey rules penalties offsides icing basics', n_results=10
INFO:chromadb.telemetry.product.posthog:Anonymized telemetry enabled. See                     https://docs.trychroma.com/telemetry for more information.
INFO:httpx:HTTP Request: GET https://chroma-copy-copy-production.up.railway.app/api/v2/auth/identity "HTTP/1.1 200 OK"
INFO:chromadb.telemetry.product.posthog:Anonymized telemetry enabled. See                     https://docs.trychroma.com/telemetry for more information.
INFO:httpx:HTTP Request: GET https://chroma-copy-copy-production.up.railway.app/api/v2/tenants/default_tenant "HTTP/1.1 200 OK"
INFO:httpx:HTTP Request: GET https://chroma-copy-copy-production.up.railway.app/api/v2/tenants/default_tenant/databases/default_database "HTTP/1.1 200 OK"
INFO:httpx:HTTP Request: GET https://chroma-copy-copy-production.up.railway.app/api/v2/heartbeat "HTTP/1.1 200 OK"
INFO:httpx:HTTP Request: GET https://chroma-copy-copy-production.up.railway.app/api/v2/tenants/default_tenant/databases/default_database/collections/hockey_rules "HTTP/1.1 200 OK"
INFO:httpx:HTTP Request: POST https://chroma-copy-copy-production.up.railway.app/api/v2/tenants/default_tenant/databases/default_database/collections/41ea6112-cab7-46b8-bf6d-86eabd3ace04/query "HTTP/1.1 200 OK"
INFO:hockey_mcp:✅ [TOOL COMPLETE] search_hockey_rules: returned 10 rules in 0.69s
Connecting to Chroma server at https://chroma-copy-copy-production.up.railway.app:443 with token: True
✅ Connected to remote Chroma server
INFO:     127.0.0.1:52564 - "POST /api/mcp HTTP/1.1" 200 OK
INFO:mcp.server.lowlevel.server:Processing request of type ListToolsRequest
INFO:     127.0.0.1:52569 - "POST /api/mcp HTTP/1.1" 200 OK
INFO:mcp.server.lowlevel.server:Processing request of type CallToolRequest
INFO:hockey_mcp:⚖️ [TOOL CALL] search_hockey_rules: query='hockey rules penalties offsides icing basics', n_results=10
INFO:chromadb.telemetry.product.posthog:Anonymized telemetry enabled. See                     https://docs.trychroma.com/telemetry for more information.
INFO:httpx:HTTP Request: GET https://chroma-copy-copy-production.up.railway.app/api/v2/auth/identity "HTTP/1.1 200 OK"
INFO:chromadb.telemetry.product.posthog:Anonymized telemetry enabled. See                     https://docs.trychroma.com/telemetry for more information.
INFO:httpx:HTTP Request: GET https://chroma-copy-copy-production.up.railway.app/api/v2/tenants/default_tenant "HTTP/1.1 200 OK"
INFO:httpx:HTTP Request: GET https://chroma-copy-copy-production.up.railway.app/api/v2/tenants/default_tenant/databases/default_database "HTTP/1.1 200 OK"
INFO:httpx:HTTP Request: GET https://chroma-copy-copy-production.up.railway.app/api/v2/heartbeat "HTTP/1.1 200 OK"
INFO:httpx:HTTP Request: GET https://chroma-copy-copy-production.up.railway.app/api/v2/tenants/default_tenant/databases/default_database/collections/hockey_rules "HTTP/1.1 200 OK"
INFO:httpx:HTTP Request: POST https://chroma-copy-copy-production.up.railway.app/api/v2/tenants/default_tenant/databases/default_database/collections/41ea6112-cab7-46b8-bf6d-86eabd3ace04/query "HTTP/1.1 200 OK"
INFO:hockey_mcp:✅ [TOOL COMPLETE] search_hockey_rules: returned 10 rules in 0.52s
INFO:mcp.server.lowlevel.server:Processing request of type CallToolRequest
INFO:hockey_mcp:🎯 [TOOL CALL] search_hockey_tactics: query='hockey positions defensive offensive zone coverage', types=None, positions=None, n_results=10
INFO:chromadb.telemetry.product.posthog:Anonymized telemetry enabled. See                     https://docs.trychroma.com/telemetry for more information.
INFO:httpx:HTTP Request: GET https://chroma-copy-copy-production.up.railway.app/api/v2/auth/identity "HTTP/1.1 200 OK"
INFO:chromadb.telemetry.product.posthog:Anonymized telemetry enabled. See                     https://docs.trychroma.com/telemetry for more information.
INFO:httpx:HTTP Request: GET https://chroma-copy-copy-production.up.railway.app/api/v2/tenants/default_tenant "HTTP/1.1 200 OK"
INFO:httpx:HTTP Request: GET https://chroma-copy-copy-production.up.railway.app/api/v2/tenants/default_tenant/databases/default_database "HTTP/1.1 200 OK"
INFO:httpx:HTTP Request: GET https://chroma-copy-copy-production.up.railway.app/api/v2/heartbeat "HTTP/1.1 200 OK"
INFO:httpx:HTTP Request: GET https://chroma-copy-copy-production.up.railway.app/api/v2/tenants/default_tenant/databases/default_database/collections/hockey_tactics "HTTP/1.1 200 OK"
INFO:httpx:HTTP Request: POST https://chroma-copy-copy-production.up.railway.app/api/v2/tenants/default_tenant/databases/default_database/collections/416b96b2-dc4c-4e89-adb6-2497cbc56e92/query "HTTP/1.1 200 OK"
INFO:hockey_mcp:✅ [TOOL COMPLETE] search_hockey_tactics: returned 10 tactics in 0.61s
INFO:mcp.server.lowlevel.server:Processing request of type CallToolRequest
INFO:hockey_mcp:⚡ [TOOL CALL] search_hockey_skills: query='hockey skating passing shooting stickhandling techniques', n_results=10
INFO:chromadb.telemetry.product.posthog:Anonymized telemetry enabled. See                     https://docs.trychroma.com/telemetry for more information.
INFO:httpx:HTTP Request: GET https://chroma-copy-copy-production.up.railway.app/api/v2/auth/identity "HTTP/1.1 200 OK"
INFO:chromadb.telemetry.product.posthog:Anonymized telemetry enabled. See                     https://docs.trychroma.com/telemetry for more information.
INFO:httpx:HTTP Request: GET https://chroma-copy-copy-production.up.railway.app/api/v2/tenants/default_tenant "HTTP/1.1 200 OK"
INFO:httpx:HTTP Request: GET https://chroma-copy-copy-production.up.railway.app/api/v2/tenants/default_tenant/databases/default_database "HTTP/1.1 200 OK"
INFO:httpx:HTTP Request: GET https://chroma-copy-copy-production.up.railway.app/api/v2/heartbeat "HTTP/1.1 200 OK"
INFO:httpx:HTTP Request: GET https://chroma-copy-copy-production.up.railway.app/api/v2/tenants/default_tenant/databases/default_database/collections/hockey_skills "HTTP/1.1 200 OK"
INFO:httpx:HTTP Request: POST https://chroma-copy-copy-production.up.railway.app/api/v2/tenants/default_tenant/databases/default_database/collections/689a1fad-d612-40de-b077-4cddc4b59524/query "HTTP/1.1 200 OK"
INFO:hockey_mcp:✅ [TOOL COMPLETE] search_hockey_skills: returned 10 skills in 0.62s
INFO:mcp.server.lowlevel.server:Processing request of type CallToolRequest
INFO:hockey_mcp:🎯 [TOOL CALL] search_hockey_tactics: query='hockey teamwork communication support systems', types=None, positions=None, n_results=10
INFO:chromadb.telemetry.product.posthog:Anonymized telemetry enabled. See                     https://docs.trychroma.com/telemetry for more information.
INFO:httpx:HTTP Request: GET https://chroma-copy-copy-production.up.railway.app/api/v2/auth/identity "HTTP/1.1 200 OK"
INFO:chromadb.telemetry.product.posthog:Anonymized telemetry enabled. See                     https://docs.trychroma.com/telemetry for more information.
INFO:httpx:HTTP Request: GET https://chroma-copy-copy-production.up.railway.app/api/v2/tenants/default_tenant "HTTP/1.1 200 OK"
INFO:httpx:HTTP Request: GET https://chroma-copy-copy-production.up.railway.app/api/v2/tenants/default_tenant/databases/default_database "HTTP/1.1 200 OK"
INFO:httpx:HTTP Request: GET https://chroma-copy-copy-production.up.railway.app/api/v2/heartbeat "HTTP/1.1 200 OK"
INFO:httpx:HTTP Request: GET https://chroma-copy-copy-production.up.railway.app/api/v2/tenants/default_tenant/databases/default_database/collections/hockey_tactics "HTTP/1.1 200 OK"
INFO:httpx:HTTP Request: POST https://chroma-copy-copy-production.up.railway.app/api/v2/tenants/default_tenant/databases/default_database/collections/416b96b2-dc4c-4e89-adb6-2497cbc56e92/query "HTTP/1.1 200 OK"
INFO:hockey_mcp:✅ [TOOL COMPLETE] search_hockey_tactics: returned 10 tactics in 0.66s
INFO:mcp.server.lowlevel.server:Processing request of type ListToolsRequest
INFO:mcp.server.lowlevel.server:Processing request of type ListToolsRequest
INFO:mcp.server.lowlevel.server:Processing request of type ListToolsRequest
INFO:mcp.server.lowlevel.server:Processing request of type ListToolsRequest
INFO:mcp.server.lowlevel.server:Processing request of type CallToolRequest
INFO:hockey_mcp:⚖️ [TOOL CALL] search_hockey_rules: query='hockey rules penalties offsides icing basics', n_results=10
INFO:chromadb.telemetry.product.posthog:Anonymized telemetry enabled. See                     https://docs.trychroma.com/telemetry for more information.
INFO:httpx:HTTP Request: GET https://chroma-copy-copy-production.up.railway.app/api/v2/auth/identity "HTTP/1.1 200 OK"
INFO:chromadb.telemetry.product.posthog:Anonymized telemetry enabled. See                     https://docs.trychroma.com/telemetry for more information.
INFO:httpx:HTTP Request: GET https://chroma-copy-copy-production.up.railway.app/api/v2/tenants/default_tenant "HTTP/1.1 200 OK"
INFO:httpx:HTTP Request: GET https://chroma-copy-copy-production.up.railway.app/api/v2/tenants/default_tenant/databases/default_database "HTTP/1.1 200 OK"
INFO:httpx:HTTP Request: GET https://chroma-copy-copy-production.up.railway.app/api/v2/heartbeat "HTTP/1.1 200 OK"
INFO:httpx:HTTP Request: GET https://chroma-copy-copy-production.up.railway.app/api/v2/tenants/default_tenant/databases/default_database/collections/hockey_rules "HTTP/1.1 200 OK"
INFO:httpx:HTTP Request: POST https://chroma-copy-copy-production.up.railway.app/api/v2/tenants/default_tenant/databases/default_database/collections/41ea6112-cab7-46b8-bf6d-86eabd3ace04/query "HTTP/1.1 200 OK"
INFO:hockey_mcp:✅ [TOOL COMPLETE] search_hockey_rules: returned 10 rules in 0.56s
INFO:mcp.server.lowlevel.server:Processing request of type CallToolRequest
INFO:hockey_mcp:🎯 [TOOL CALL] search_hockey_tactics: query='hockey teamwork communication support systems', types=None, positions=None, n_results=10
INFO:chromadb.telemetry.product.posthog:Anonymized telemetry enabled. See                     https://docs.trychroma.com/telemetry for more information.
INFO:httpx:HTTP Request: GET https://chroma-copy-copy-production.up.railway.app/api/v2/auth/identity "HTTP/1.1 200 OK"
INFO:chromadb.telemetry.product.posthog:Anonymized telemetry enabled. See                     https://docs.trychroma.com/telemetry for more information.
INFO:httpx:HTTP Request: GET https://chroma-copy-copy-production.up.railway.app/api/v2/tenants/default_tenant "HTTP/1.1 200 OK"
INFO:httpx:HTTP Request: GET https://chroma-copy-copy-production.up.railway.app/api/v2/tenants/default_tenant/databases/default_database "HTTP/1.1 200 OK"
INFO:httpx:HTTP Request: GET https://chroma-copy-copy-production.up.railway.app/api/v2/heartbeat "HTTP/1.1 200 OK"
INFO:httpx:HTTP Request: GET https://chroma-copy-copy-production.up.railway.app/api/v2/tenants/default_tenant/databases/default_database/collections/hockey_tactics "HTTP/1.1 200 OK"
INFO:httpx:HTTP Request: POST https://chroma-copy-copy-production.up.railway.app/api/v2/tenants/default_tenant/databases/default_database/collections/416b96b2-dc4c-4e89-adb6-2497cbc56e92/query "HTTP/1.1 200 OK"
INFO:hockey_mcp:✅ [TOOL COMPLETE] search_hockey_tactics: returned 10 tactics in 0.59s
INFO:mcp.server.lowlevel.server:Processing request of type CallToolRequest
INFO:hockey_mcp:⚡ [TOOL CALL] search_hockey_skills: query='hockey skating passing shooting stickhandling techniques', n_results=10
INFO:chromadb.telemetry.product.posthog:Anonymized telemetry enabled. See                     https://docs.trychroma.com/telemetry for more information.
INFO:httpx:HTTP Request: GET https://chroma-copy-copy-production.up.railway.app/api/v2/auth/identity "HTTP/1.1 200 OK"
INFO:chromadb.telemetry.product.posthog:Anonymized telemetry enabled. See                     https://docs.trychroma.com/telemetry for more information.
INFO:httpx:HTTP Request: GET https://chroma-copy-copy-production.up.railway.app/api/v2/tenants/default_tenant "HTTP/1.1 200 OK"
INFO:httpx:HTTP Request: GET https://chroma-copy-copy-production.up.railway.app/api/v2/tenants/default_tenant/databases/default_database "HTTP/1.1 200 OK"
INFO:httpx:HTTP Request: GET https://chroma-copy-copy-production.up.railway.app/api/v2/heartbeat "HTTP/1.1 200 OK"
INFO:httpx:HTTP Request: GET https://chroma-copy-copy-production.up.railway.app/api/v2/tenants/default_tenant/databases/default_database/collections/hockey_skills "HTTP/1.1 200 OK"
INFO:httpx:HTTP Request: POST https://chroma-copy-copy-production.up.railway.app/api/v2/tenants/default_tenant/databases/default_database/collections/689a1fad-d612-40de-b077-4cddc4b59524/query "HTTP/1.1 200 OK"
INFO:hockey_mcp:✅ [TOOL COMPLETE] search_hockey_skills: returned 10 skills in 0.57s
INFO:mcp.server.lowlevel.server:Processing request of type CallToolRequest
INFO:hockey_mcp:⚡ [TOOL CALL] search_hockey_skills: query='hockey skating passing shooting stickhandling techniques', n_results=10
INFO:chromadb.telemetry.product.posthog:Anonymized telemetry enabled. See                     https://docs.trychroma.com/telemetry for more information.
INFO:httpx:HTTP Request: GET https://chroma-copy-copy-production.up.railway.app/api/v2/auth/identity "HTTP/1.1 200 OK"
INFO:chromadb.telemetry.product.posthog:Anonymized telemetry enabled. See                     https://docs.trychroma.com/telemetry for more information.
INFO:httpx:HTTP Request: GET https://chroma-copy-copy-production.up.railway.app/api/v2/tenants/default_tenant "HTTP/1.1 200 OK"
INFO:httpx:HTTP Request: GET https://chroma-copy-copy-production.up.railway.app/api/v2/tenants/default_tenant/databases/default_database "HTTP/1.1 200 OK"
INFO:httpx:HTTP Request: GET https://chroma-copy-copy-production.up.railway.app/api/v2/heartbeat "HTTP/1.1 200 OK"
INFO:httpx:HTTP Request: GET https://chroma-copy-copy-production.up.railway.app/api/v2/tenants/default_tenant/databases/default_database/collections/hockey_skills "HTTP/1.1 200 OK"
INFO:httpx:HTTP Request: POST https://chroma-copy-copy-production.up.railway.app/api/v2/tenants/default_tenant/databases/default_database/collections/689a1fad-d612-40de-b077-4cddc4b59524/query "HTTP/1.1 200 OK"
INFO:hockey_mcp:✅ [TOOL COMPLETE] search_hockey_skills: returned 10 skills in 0.56s
INFO:mcp.server.lowlevel.server:Processing request of type CallToolRequest
INFO:hockey_mcp:⚖️ [TOOL CALL] search_hockey_rules: query='hockey rules penalties offsides icing basics', n_results=10
INFO:chromadb.telemetry.product.posthog:Anonymized telemetry enabled. See                     https://docs.trychroma.com/telemetry for more information.
INFO:httpx:HTTP Request: GET https://chroma-copy-copy-production.up.railway.app/api/v2/auth/identity "HTTP/1.1 200 OK"
INFO:chromadb.telemetry.product.posthog:Anonymized telemetry enabled. See                     https://docs.trychroma.com/telemetry for more information.
INFO:httpx:HTTP Request: GET https://chroma-copy-copy-production.up.railway.app/api/v2/tenants/default_tenant "HTTP/1.1 200 OK"
INFO:httpx:HTTP Request: GET https://chroma-copy-copy-production.up.railway.app/api/v2/tenants/default_tenant/databases/default_database "HTTP/1.1 200 OK"
INFO:httpx:HTTP Request: GET https://chroma-copy-copy-production.up.railway.app/api/v2/heartbeat "HTTP/1.1 200 OK"
INFO:httpx:HTTP Request: GET https://chroma-copy-copy-production.up.railway.app/api/v2/tenants/default_tenant/databases/default_database/collections/hockey_rules "HTTP/1.1 200 OK"
INFO:httpx:HTTP Request: POST https://chroma-copy-copy-production.up.railway.app/api/v2/tenants/default_tenant/databases/default_database/collections/41ea6112-cab7-46b8-bf6d-86eabd3ace04/query "HTTP/1.1 200 OK"
INFO:hockey_mcp:✅ [TOOL COMPLETE] search_hockey_rules: returned 10 rules in 0.57s
INFO:mcp.server.lowlevel.server:Processing request of type CallToolRequest
INFO:hockey_mcp:⚡ [TOOL CALL] search_hockey_skills: query='hockey skating passing shooting stickhandling techniques', n_results=10
INFO:chromadb.telemetry.product.posthog:Anonymized telemetry enabled. See                     https://docs.trychroma.com/telemetry for more information.
INFO:httpx:HTTP Request: GET https://chroma-copy-copy-production.up.railway.app/api/v2/auth/identity "HTTP/1.1 200 OK"
INFO:chromadb.telemetry.product.posthog:Anonymized telemetry enabled. See                     https://docs.trychroma.com/telemetry for more information.
INFO:httpx:HTTP Request: GET https://chroma-copy-copy-production.up.railway.app/api/v2/tenants/default_tenant "HTTP/1.1 200 OK"
INFO:httpx:HTTP Request: GET https://chroma-copy-copy-production.up.railway.app/api/v2/tenants/default_tenant/databases/default_database "HTTP/1.1 200 OK"
INFO:httpx:HTTP Request: GET https://chroma-copy-copy-production.up.railway.app/api/v2/heartbeat "HTTP/1.1 200 OK"
INFO:httpx:HTTP Request: GET https://chroma-copy-copy-production.up.railway.app/api/v2/tenants/default_tenant/databases/default_database/collections/hockey_skills "HTTP/1.1 200 OK"
INFO:httpx:HTTP Request: POST https://chroma-copy-copy-production.up.railway.app/api/v2/tenants/default_tenant/databases/default_database/collections/689a1fad-d612-40de-b077-4cddc4b59524/query "HTTP/1.1 200 OK"
INFO:hockey_mcp:✅ [TOOL COMPLETE] search_hockey_skills: returned 10 skills in 0.59s
INFO:mcp.server.lowlevel.server:Processing request of type CallToolRequest
INFO:hockey_mcp:🎯 [TOOL CALL] search_hockey_tactics: query='hockey positions defensive offensive zone coverage', types=None, positions=None, n_results=10
INFO:chromadb.telemetry.product.posthog:Anonymized telemetry enabled. See                     https://docs.trychroma.com/telemetry for more information.
INFO:httpx:HTTP Request: GET https://chroma-copy-copy-production.up.railway.app/api/v2/auth/identity "HTTP/1.1 200 OK"
INFO:chromadb.telemetry.product.posthog:Anonymized telemetry enabled. See                     https://docs.trychroma.com/telemetry for more information.
INFO:httpx:HTTP Request: GET https://chroma-copy-copy-production.up.railway.app/api/v2/tenants/default_tenant "HTTP/1.1 200 OK"
INFO:httpx:HTTP Request: GET https://chroma-copy-copy-production.up.railway.app/api/v2/tenants/default_tenant/databases/default_database "HTTP/1.1 200 OK"
INFO:httpx:HTTP Request: GET https://chroma-copy-copy-production.up.railway.app/api/v2/heartbeat "HTTP/1.1 200 OK"
INFO:httpx:HTTP Request: GET https://chroma-copy-copy-production.up.railway.app/api/v2/tenants/default_tenant/databases/default_database/collections/hockey_tactics "HTTP/1.1 200 OK"
INFO:httpx:HTTP Request: POST https://chroma-copy-copy-production.up.railway.app/api/v2/tenants/default_tenant/databases/default_database/collections/416b96b2-dc4c-4e89-adb6-2497cbc56e92/query "HTTP/1.1 200 OK"
INFO:hockey_mcp:✅ [TOOL COMPLETE] search_hockey_tactics: returned 10 tactics in 0.87s
Connecting to Chroma server at https://chroma-copy-copy-production.up.railway.app:443 with token: True
✅ Connected to remote Chroma server
Connecting to Chroma server at https://chroma-copy-copy-production.up.railway.app:443 with token: True
✅ Connected to remote Chroma server
Connecting to Chroma server at https://chroma-copy-copy-production.up.railway.app:443 with token: True
✅ Connected to remote Chroma server
Connecting to Chroma server at https://chroma-copy-copy-production.up.railway.app:443 with token: True
✅ Connected to remote Chroma server
Connecting to Chroma server at https://chroma-copy-copy-production.up.railway.app:443 with token: True
✅ Connected to remote Chroma server
Connecting to Chroma server at https://chroma-copy-copy-production.up.railway.app:443 with token: True
✅ Connected to remote Chroma server
Connecting to Chroma server at https://chroma-copy-copy-production.up.railway.app:443 with token: True
✅ Connected to remote Chroma server
Connecting to Chroma server at https://chroma-copy-copy-production.up.railway.app:443 with token: True
✅ Connected to remote Chroma server
Connecting to Chroma server at https://chroma-copy-copy-production.up.railway.app:443 with token: True
✅ Connected to remote Chroma server
Connecting to Chroma server at https://chroma-copy-copy-production.up.railway.app:443 with token: True
✅ Connected to remote Chroma server
Connecting to Chroma server at https://chroma-copy-copy-production.up.railway.app:443 with token: True
✅ Connected to remote Chroma server
INFO:     127.0.0.1:52564 - "POST /api/mcp HTTP/1.1" 200 OK
INFO:     127.0.0.1:52569 - "POST /api/mcp HTTP/1.1" 200 OK
INFO:     127.0.0.1:52575 - "POST /api/mcp HTTP/1.1" 200 OK
INFO:     127.0.0.1:52574 - "POST /api/mcp HTTP/1.1" 200 OK
INFO:mcp.server.lowlevel.server:Processing request of type ListToolsRequest
INFO:mcp.server.lowlevel.server:Processing request of type ListToolsRequest
INFO:mcp.server.lowlevel.server:Processing request of type ListToolsRequest
INFO:mcp.server.lowlevel.server:Processing request of type ListToolsRequest
INFO:mcp.server.lowlevel.server:Processing request of type ListToolsRequest
INFO:mcp.server.lowlevel.server:Processing request of type ListToolsRequest
INFO:mcp.server.lowlevel.server:Processing request of type ListToolsRequest
INFO:mcp.server.lowlevel.server:Processing request of type CallToolRequest
INFO:hockey_mcp:🎯 [TOOL CALL] search_hockey_tactics: query='hockey teamwork communication support systems', types=None, positions=None, n_results=10
INFO:chromadb.telemetry.product.posthog:Anonymized telemetry enabled. See                     https://docs.trychroma.com/telemetry for more information.
INFO:httpx:HTTP Request: GET https://chroma-copy-copy-production.up.railway.app/api/v2/auth/identity "HTTP/1.1 200 OK"
INFO:chromadb.telemetry.product.posthog:Anonymized telemetry enabled. See                     https://docs.trychroma.com/telemetry for more information.
INFO:httpx:HTTP Request: GET https://chroma-copy-copy-production.up.railway.app/api/v2/tenants/default_tenant "HTTP/1.1 200 OK"
INFO:httpx:HTTP Request: GET https://chroma-copy-copy-production.up.railway.app/api/v2/tenants/default_tenant/databases/default_database "HTTP/1.1 200 OK"
INFO:httpx:HTTP Request: GET https://chroma-copy-copy-production.up.railway.app/api/v2/heartbeat "HTTP/1.1 200 OK"
INFO:httpx:HTTP Request: GET https://chroma-copy-copy-production.up.railway.app/api/v2/tenants/default_tenant/databases/default_database/collections/hockey_tactics "HTTP/1.1 200 OK"
INFO:httpx:HTTP Request: POST https://chroma-copy-copy-production.up.railway.app/api/v2/tenants/default_tenant/databases/default_database/collections/416b96b2-dc4c-4e89-adb6-2497cbc56e92/query "HTTP/1.1 200 OK"
INFO:hockey_mcp:✅ [TOOL COMPLETE] search_hockey_tactics: returned 10 tactics in 0.64s
INFO:mcp.server.lowlevel.server:Processing request of type CallToolRequest
INFO:hockey_mcp:🎯 [TOOL CALL] search_hockey_tactics: query='hockey teamwork communication support systems', types=None, positions=None, n_results=10
INFO:chromadb.telemetry.product.posthog:Anonymized telemetry enabled. See                     https://docs.trychroma.com/telemetry for more information.
INFO:httpx:HTTP Request: GET https://chroma-copy-copy-production.up.railway.app/api/v2/auth/identity "HTTP/1.1 200 OK"
INFO:chromadb.telemetry.product.posthog:Anonymized telemetry enabled. See                     https://docs.trychroma.com/telemetry for more information.
INFO:httpx:HTTP Request: GET https://chroma-copy-copy-production.up.railway.app/api/v2/tenants/default_tenant "HTTP/1.1 200 OK"
INFO:httpx:HTTP Request: GET https://chroma-copy-copy-production.up.railway.app/api/v2/tenants/default_tenant/databases/default_database "HTTP/1.1 200 OK"
INFO:httpx:HTTP Request: GET https://chroma-copy-copy-production.up.railway.app/api/v2/heartbeat "HTTP/1.1 200 OK"
INFO:httpx:HTTP Request: GET https://chroma-copy-copy-production.up.railway.app/api/v2/tenants/default_tenant/databases/default_database/collections/hockey_tactics "HTTP/1.1 200 OK"
INFO:httpx:HTTP Request: POST https://chroma-copy-copy-production.up.railway.app/api/v2/tenants/default_tenant/databases/default_database/collections/416b96b2-dc4c-4e89-adb6-2497cbc56e92/query "HTTP/1.1 200 OK"
INFO:hockey_mcp:✅ [TOOL COMPLETE] search_hockey_tactics: returned 10 tactics in 0.63s
INFO:mcp.server.lowlevel.server:Processing request of type CallToolRequest
INFO:hockey_mcp:🎯 [TOOL CALL] search_hockey_tactics: query='hockey positions defensive offensive zone coverage', types=None, positions=None, n_results=10
INFO:chromadb.telemetry.product.posthog:Anonymized telemetry enabled. See                     https://docs.trychroma.com/telemetry for more information.
INFO:httpx:HTTP Request: GET https://chroma-copy-copy-production.up.railway.app/api/v2/auth/identity "HTTP/1.1 200 OK"
INFO:chromadb.telemetry.product.posthog:Anonymized telemetry enabled. See                     https://docs.trychroma.com/telemetry for more information.
INFO:httpx:HTTP Request: GET https://chroma-copy-copy-production.up.railway.app/api/v2/tenants/default_tenant "HTTP/1.1 200 OK"
INFO:httpx:HTTP Request: GET https://chroma-copy-copy-production.up.railway.app/api/v2/tenants/default_tenant/databases/default_database "HTTP/1.1 200 OK"
INFO:httpx:HTTP Request: GET https://chroma-copy-copy-production.up.railway.app/api/v2/heartbeat "HTTP/1.1 200 OK"
INFO:httpx:HTTP Request: GET https://chroma-copy-copy-production.up.railway.app/api/v2/tenants/default_tenant/databases/default_database/collections/hockey_tactics "HTTP/1.1 200 OK"
INFO:httpx:HTTP Request: POST https://chroma-copy-copy-production.up.railway.app/api/v2/tenants/default_tenant/databases/default_database/collections/416b96b2-dc4c-4e89-adb6-2497cbc56e92/query "HTTP/1.1 200 OK"
INFO:hockey_mcp:✅ [TOOL COMPLETE] search_hockey_tactics: returned 10 tactics in 0.65s
Connecting to Chroma server at https://chroma-copy-copy-production.up.railway.app:443 with token: True
✅ Connected to remote Chroma server
Connecting to Chroma server at https://chroma-copy-copy-production.up.railway.app:443 with token: True
✅ Connected to remote Chroma server
Connecting to Chroma server at https://chroma-copy-copy-production.up.railway.app:443 with token: True
✅ Connected to remote Chroma server
INFO:     127.0.0.1:52579 - "POST /api/mcp HTTP/1.1" 200 OK
INFO:     127.0.0.1:52585 - "POST /api/mcp HTTP/1.1" 200 OK
INFO:     127.0.0.1:52591 - "POST /api/mcp HTTP/1.1" 200 OK
INFO:     127.0.0.1:52650 - "POST /api/mcp HTTP/1.1" 200 OK
INFO:     127.0.0.1:52659 - "POST /api/mcp HTTP/1.1" 200 OK
INFO:     127.0.0.1:52662 - "POST /api/mcp HTTP/1.1" 200 OK
INFO:     127.0.0.1:52666 - "POST /api/mcp HTTP/1.1" 200 OK
INFO:mcp.server.lowlevel.server:Processing request of type ListToolsRequest
INFO:mcp.server.lowlevel.server:Processing request of type ListToolsRequest
INFO:mcp.server.lowlevel.server:Processing request of type ListToolsRequest
INFO:     127.0.0.1:52669 - "POST /api/mcp HTTP/1.1" 200 OK
INFO:     127.0.0.1:52673 - "POST /api/mcp HTTP/1.1" 200 OK
INFO:     127.0.0.1:52677 - "POST /api/mcp HTTP/1.1" 200 OK
INFO:mcp.server.lowlevel.server:Processing request of type CallToolRequest
INFO:hockey_mcp:⚖️ [TOOL CALL] search_hockey_rules: query='hockey rules penalties offsides icing basics', n_results=10
INFO:chromadb.telemetry.product.posthog:Anonymized telemetry enabled. See                     https://docs.trychroma.com/telemetry for more information.
INFO:httpx:HTTP Request: GET https://chroma-copy-copy-production.up.railway.app/api/v2/auth/identity "HTTP/1.1 200 OK"
INFO:chromadb.telemetry.product.posthog:Anonymized telemetry enabled. See                     https://docs.trychroma.com/telemetry for more information.
INFO:httpx:HTTP Request: GET https://chroma-copy-copy-production.up.railway.app/api/v2/tenants/default_tenant "HTTP/1.1 200 OK"
INFO:httpx:HTTP Request: GET https://chroma-copy-copy-production.up.railway.app/api/v2/tenants/default_tenant/databases/default_database "HTTP/1.1 200 OK"
INFO:httpx:HTTP Request: GET https://chroma-copy-copy-production.up.railway.app/api/v2/heartbeat "HTTP/1.1 200 OK"
INFO:httpx:HTTP Request: GET https://chroma-copy-copy-production.up.railway.app/api/v2/tenants/default_tenant/databases/default_database/collections/hockey_rules "HTTP/1.1 200 OK"
INFO:httpx:HTTP Request: POST https://chroma-copy-copy-production.up.railway.app/api/v2/tenants/default_tenant/databases/default_database/collections/41ea6112-cab7-46b8-bf6d-86eabd3ace04/query "HTTP/1.1 200 OK"
INFO:hockey_mcp:✅ [TOOL COMPLETE] search_hockey_rules: returned 10 rules in 0.61s
INFO:mcp.server.lowlevel.server:Processing request of type ListToolsRequest
Connecting to Chroma server at https://chroma-copy-copy-production.up.railway.app:443 with token: True
✅ Connected to remote Chroma server
INFO:     127.0.0.1:52730 - "POST /api/mcp HTTP/1.1" 200 OK
INFO:mcp.server.lowlevel.server:Processing request of type CallToolRequest
INFO:hockey_mcp:🎯 [TOOL CALL] search_hockey_tactics: query='hockey teamwork communication support systems', types=None, positions=None, n_results=10
INFO:chromadb.telemetry.product.posthog:Anonymized telemetry enabled. See                     https://docs.trychroma.com/telemetry for more information.
INFO:httpx:HTTP Request: GET https://chroma-copy-copy-production.up.railway.app/api/v2/auth/identity "HTTP/1.1 200 OK"
INFO:chromadb.telemetry.product.posthog:Anonymized telemetry enabled. See                     https://docs.trychroma.com/telemetry for more information.
INFO:httpx:HTTP Request: GET https://chroma-copy-copy-production.up.railway.app/api/v2/tenants/default_tenant "HTTP/1.1 200 OK"
INFO:httpx:HTTP Request: GET https://chroma-copy-copy-production.up.railway.app/api/v2/tenants/default_tenant/databases/default_database "HTTP/1.1 200 OK"
INFO:httpx:HTTP Request: GET https://chroma-copy-copy-production.up.railway.app/api/v2/heartbeat "HTTP/1.1 200 OK"
INFO:httpx:HTTP Request: GET https://chroma-copy-copy-production.up.railway.app/api/v2/tenants/default_tenant/databases/default_database/collections/hockey_tactics "HTTP/1.1 200 OK"
INFO:httpx:HTTP Request: POST https://chroma-copy-copy-production.up.railway.app/api/v2/tenants/default_tenant/databases/default_database/collections/416b96b2-dc4c-4e89-adb6-2497cbc56e92/query "HTTP/1.1 200 OK"
INFO:hockey_mcp:✅ [TOOL COMPLETE] search_hockey_tactics: returned 10 tactics in 0.67s
INFO:mcp.server.lowlevel.server:Processing request of type ListToolsRequest
INFO:mcp.server.lowlevel.server:Processing request of type CallToolRequest
INFO:hockey_mcp:⚡ [TOOL CALL] search_hockey_skills: query='hockey skating passing shooting stickhandling techniques', n_results=10
INFO:chromadb.telemetry.product.posthog:Anonymized telemetry enabled. See                     https://docs.trychroma.com/telemetry for more information.
INFO:httpx:HTTP Request: GET https://chroma-copy-copy-production.up.railway.app/api/v2/auth/identity "HTTP/1.1 200 OK"
INFO:chromadb.telemetry.product.posthog:Anonymized telemetry enabled. See                     https://docs.trychroma.com/telemetry for more information.
INFO:httpx:HTTP Request: GET https://chroma-copy-copy-production.up.railway.app/api/v2/tenants/default_tenant "HTTP/1.1 200 OK"
INFO:httpx:HTTP Request: GET https://chroma-copy-copy-production.up.railway.app/api/v2/tenants/default_tenant/databases/default_database "HTTP/1.1 200 OK"
INFO:httpx:HTTP Request: GET https://chroma-copy-copy-production.up.railway.app/api/v2/heartbeat "HTTP/1.1 200 OK"
INFO:httpx:HTTP Request: GET https://chroma-copy-copy-production.up.railway.app/api/v2/tenants/default_tenant/databases/default_database/collections/hockey_skills "HTTP/1.1 200 OK"
INFO:httpx:HTTP Request: POST https://chroma-copy-copy-production.up.railway.app/api/v2/tenants/default_tenant/databases/default_database/collections/689a1fad-d612-40de-b077-4cddc4b59524/query "HTTP/1.1 200 OK"
INFO:hockey_mcp:✅ [TOOL COMPLETE] search_hockey_skills: returned 10 skills in 0.62s
INFO:mcp.server.lowlevel.server:Processing request of type CallToolRequest
INFO:hockey_mcp:⚡ [TOOL CALL] search_hockey_skills: query='hockey skating passing shooting stickhandling techniques', n_results=10
INFO:chromadb.telemetry.product.posthog:Anonymized telemetry enabled. See                     https://docs.trychroma.com/telemetry for more information.
INFO:httpx:HTTP Request: GET https://chroma-copy-copy-production.up.railway.app/api/v2/auth/identity "HTTP/1.1 200 OK"
INFO:chromadb.telemetry.product.posthog:Anonymized telemetry enabled. See                     https://docs.trychroma.com/telemetry for more information.
INFO:httpx:HTTP Request: GET https://chroma-copy-copy-production.up.railway.app/api/v2/tenants/default_tenant "HTTP/1.1 200 OK"
INFO:httpx:HTTP Request: GET https://chroma-copy-copy-production.up.railway.app/api/v2/tenants/default_tenant/databases/default_database "HTTP/1.1 200 OK"
INFO:httpx:HTTP Request: GET https://chroma-copy-copy-production.up.railway.app/api/v2/heartbeat "HTTP/1.1 200 OK"
INFO:httpx:HTTP Request: GET https://chroma-copy-copy-production.up.railway.app/api/v2/tenants/default_tenant/databases/default_database/collections/hockey_skills "HTTP/1.1 200 OK"
INFO:httpx:HTTP Request: POST https://chroma-copy-copy-production.up.railway.app/api/v2/tenants/default_tenant/databases/default_database/collections/689a1fad-d612-40de-b077-4cddc4b59524/query "HTTP/1.1 200 OK"
INFO:hockey_mcp:✅ [TOOL COMPLETE] search_hockey_skills: returned 10 skills in 0.60s
INFO:mcp.server.lowlevel.server:Processing request of type CallToolRequest
INFO:hockey_mcp:⚖️ [TOOL CALL] search_hockey_rules: query='hockey rules penalties offsides icing basics', n_results=10
INFO:chromadb.telemetry.product.posthog:Anonymized telemetry enabled. See                     https://docs.trychroma.com/telemetry for more information.
INFO:httpx:HTTP Request: GET https://chroma-copy-copy-production.up.railway.app/api/v2/auth/identity "HTTP/1.1 200 OK"
INFO:chromadb.telemetry.product.posthog:Anonymized telemetry enabled. See                     https://docs.trychroma.com/telemetry for more information.
INFO:httpx:HTTP Request: GET https://chroma-copy-copy-production.up.railway.app/api/v2/tenants/default_tenant "HTTP/1.1 200 OK"
INFO:httpx:HTTP Request: GET https://chroma-copy-copy-production.up.railway.app/api/v2/tenants/default_tenant/databases/default_database "HTTP/1.1 200 OK"
INFO:httpx:HTTP Request: GET https://chroma-copy-copy-production.up.railway.app/api/v2/heartbeat "HTTP/1.1 200 OK"
INFO:httpx:HTTP Request: GET https://chroma-copy-copy-production.up.railway.app/api/v2/tenants/default_tenant/databases/default_database/collections/hockey_rules "HTTP/1.1 200 OK"
INFO:httpx:HTTP Request: POST https://chroma-copy-copy-production.up.railway.app/api/v2/tenants/default_tenant/databases/default_database/collections/41ea6112-cab7-46b8-bf6d-86eabd3ace04/query "HTTP/1.1 200 OK"
INFO:hockey_mcp:✅ [TOOL COMPLETE] search_hockey_rules: returned 10 rules in 0.53s
INFO:mcp.server.lowlevel.server:Processing request of type CallToolRequest
INFO:hockey_mcp:⚡ [TOOL CALL] search_hockey_skills: query='hockey skating passing shooting stickhandling techniques', n_results=10
INFO:chromadb.telemetry.product.posthog:Anonymized telemetry enabled. See                     https://docs.trychroma.com/telemetry for more information.
INFO:httpx:HTTP Request: GET https://chroma-copy-copy-production.up.railway.app/api/v2/auth/identity "HTTP/1.1 200 OK"
INFO:chromadb.telemetry.product.posthog:Anonymized telemetry enabled. See                     https://docs.trychroma.com/telemetry for more information.
INFO:httpx:HTTP Request: GET https://chroma-copy-copy-production.up.railway.app/api/v2/tenants/default_tenant "HTTP/1.1 200 OK"
INFO:httpx:HTTP Request: GET https://chroma-copy-copy-production.up.railway.app/api/v2/tenants/default_tenant/databases/default_database "HTTP/1.1 200 OK"
INFO:httpx:HTTP Request: GET https://chroma-copy-copy-production.up.railway.app/api/v2/heartbeat "HTTP/1.1 200 OK"
INFO:httpx:HTTP Request: GET https://chroma-copy-copy-production.up.railway.app/api/v2/tenants/default_tenant/databases/default_database/collections/hockey_skills "HTTP/1.1 200 OK"
INFO:httpx:HTTP Request: POST https://chroma-copy-copy-production.up.railway.app/api/v2/tenants/default_tenant/databases/default_database/collections/689a1fad-d612-40de-b077-4cddc4b59524/query "HTTP/1.1 200 OK"
INFO:hockey_mcp:✅ [TOOL COMPLETE] search_hockey_skills: returned 10 skills in 0.58s
Connecting to Chroma server at https://chroma-copy-copy-production.up.railway.app:443 with token: True
✅ Connected to remote Chroma server
Connecting to Chroma server at https://chroma-copy-copy-production.up.railway.app:443 with token: True
✅ Connected to remote Chroma server
Connecting to Chroma server at https://chroma-copy-copy-production.up.railway.app:443 with token: True
✅ Connected to remote Chroma server
Connecting to Chroma server at https://chroma-copy-copy-production.up.railway.app:443 with token: True
✅ Connected to remote Chroma server
Connecting to Chroma server at https://chroma-copy-copy-production.up.railway.app:443 with token: True
✅ Connected to remote Chroma server
INFO:     127.0.0.1:52730 - "POST /api/mcp HTTP/1.1" 200 OK
INFO:mcp.server.lowlevel.server:Processing request of type CallToolRequest
INFO:hockey_mcp:⚖️ [TOOL CALL] search_hockey_rules: query='hockey rules penalties offsides icing basics', n_results=10
INFO:chromadb.telemetry.product.posthog:Anonymized telemetry enabled. See                     https://docs.trychroma.com/telemetry for more information.
INFO:httpx:HTTP Request: GET https://chroma-copy-copy-production.up.railway.app/api/v2/auth/identity "HTTP/1.1 200 OK"
INFO:chromadb.telemetry.product.posthog:Anonymized telemetry enabled. See                     https://docs.trychroma.com/telemetry for more information.
INFO:httpx:HTTP Request: GET https://chroma-copy-copy-production.up.railway.app/api/v2/tenants/default_tenant "HTTP/1.1 200 OK"
INFO:httpx:HTTP Request: GET https://chroma-copy-copy-production.up.railway.app/api/v2/tenants/default_tenant/databases/default_database "HTTP/1.1 200 OK"
INFO:httpx:HTTP Request: GET https://chroma-copy-copy-production.up.railway.app/api/v2/heartbeat "HTTP/1.1 200 OK"
INFO:httpx:HTTP Request: GET https://chroma-copy-copy-production.up.railway.app/api/v2/tenants/default_tenant/databases/default_database/collections/hockey_rules "HTTP/1.1 200 OK"
INFO:httpx:HTTP Request: POST https://chroma-copy-copy-production.up.railway.app/api/v2/tenants/default_tenant/databases/default_database/collections/41ea6112-cab7-46b8-bf6d-86eabd3ace04/query "HTTP/1.1 200 OK"
INFO:hockey_mcp:✅ [TOOL COMPLETE] search_hockey_rules: returned 10 rules in 0.53s
INFO:mcp.server.lowlevel.server:Processing request of type ListToolsRequest
INFO:mcp.server.lowlevel.server:Processing request of type ListToolsRequest
INFO:mcp.server.lowlevel.server:Processing request of type ListToolsRequest
INFO:mcp.server.lowlevel.server:Processing request of type ListToolsRequest
INFO:mcp.server.lowlevel.server:Processing request of type ListToolsRequest
INFO:mcp.server.lowlevel.server:Processing request of type CallToolRequest
INFO:hockey_mcp:🎯 [TOOL CALL] search_hockey_tactics: query='hockey positions defensive offensive zone coverage', types=None, positions=None, n_results=10
INFO:chromadb.telemetry.product.posthog:Anonymized telemetry enabled. See                     https://docs.trychroma.com/telemetry for more information.
INFO:httpx:HTTP Request: GET https://chroma-copy-copy-production.up.railway.app/api/v2/auth/identity "HTTP/1.1 200 OK"
INFO:chromadb.telemetry.product.posthog:Anonymized telemetry enabled. See                     https://docs.trychroma.com/telemetry for more information.
INFO:httpx:HTTP Request: GET https://chroma-copy-copy-production.up.railway.app/api/v2/tenants/default_tenant "HTTP/1.1 200 OK"
INFO:httpx:HTTP Request: GET https://chroma-copy-copy-production.up.railway.app/api/v2/tenants/default_tenant/databases/default_database "HTTP/1.1 200 OK"
INFO:httpx:HTTP Request: GET https://chroma-copy-copy-production.up.railway.app/api/v2/heartbeat "HTTP/1.1 200 OK"
INFO:httpx:HTTP Request: GET https://chroma-copy-copy-production.up.railway.app/api/v2/tenants/default_tenant/databases/default_database/collections/hockey_tactics "HTTP/1.1 200 OK"
INFO:httpx:HTTP Request: POST https://chroma-copy-copy-production.up.railway.app/api/v2/tenants/default_tenant/databases/default_database/collections/416b96b2-dc4c-4e89-adb6-2497cbc56e92/query "HTTP/1.1 200 OK"
INFO:hockey_mcp:✅ [TOOL COMPLETE] search_hockey_tactics: returned 10 tactics in 0.57s
INFO:mcp.server.lowlevel.server:Processing request of type CallToolRequest
INFO:hockey_mcp:🎯 [TOOL CALL] search_hockey_tactics: query='hockey teamwork communication support systems', types=None, positions=None, n_results=10
INFO:chromadb.telemetry.product.posthog:Anonymized telemetry enabled. See                     https://docs.trychroma.com/telemetry for more information.
INFO:httpx:HTTP Request: GET https://chroma-copy-copy-production.up.railway.app/api/v2/auth/identity "HTTP/1.1 200 OK"
INFO:chromadb.telemetry.product.posthog:Anonymized telemetry enabled. See                     https://docs.trychroma.com/telemetry for more information.
INFO:httpx:HTTP Request: GET https://chroma-copy-copy-production.up.railway.app/api/v2/tenants/default_tenant "HTTP/1.1 200 OK"
INFO:httpx:HTTP Request: GET https://chroma-copy-copy-production.up.railway.app/api/v2/tenants/default_tenant/databases/default_database "HTTP/1.1 200 OK"
INFO:httpx:HTTP Request: GET https://chroma-copy-copy-production.up.railway.app/api/v2/heartbeat "HTTP/1.1 200 OK"
INFO:httpx:HTTP Request: GET https://chroma-copy-copy-production.up.railway.app/api/v2/tenants/default_tenant/databases/default_database/collections/hockey_tactics "HTTP/1.1 200 OK"
INFO:httpx:HTTP Request: POST https://chroma-copy-copy-production.up.railway.app/api/v2/tenants/default_tenant/databases/default_database/collections/416b96b2-dc4c-4e89-adb6-2497cbc56e92/query "HTTP/1.1 200 OK"
INFO:hockey_mcp:✅ [TOOL COMPLETE] search_hockey_tactics: returned 10 tactics in 0.58s
INFO:mcp.server.lowlevel.server:Processing request of type CallToolRequest
INFO:hockey_mcp:🎯 [TOOL CALL] search_hockey_tactics: query='hockey positions defensive offensive zone coverage', types=None, positions=None, n_results=10
INFO:chromadb.telemetry.product.posthog:Anonymized telemetry enabled. See                     https://docs.trychroma.com/telemetry for more information.
INFO:httpx:HTTP Request: GET https://chroma-copy-copy-production.up.railway.app/api/v2/auth/identity "HTTP/1.1 200 OK"
INFO:chromadb.telemetry.product.posthog:Anonymized telemetry enabled. See                     https://docs.trychroma.com/telemetry for more information.
INFO:httpx:HTTP Request: GET https://chroma-copy-copy-production.up.railway.app/api/v2/tenants/default_tenant "HTTP/1.1 200 OK"
INFO:httpx:HTTP Request: GET https://chroma-copy-copy-production.up.railway.app/api/v2/tenants/default_tenant/databases/default_database "HTTP/1.1 200 OK"
INFO:httpx:HTTP Request: GET https://chroma-copy-copy-production.up.railway.app/api/v2/heartbeat "HTTP/1.1 200 OK"
INFO:httpx:HTTP Request: GET https://chroma-copy-copy-production.up.railway.app/api/v2/tenants/default_tenant/databases/default_database/collections/hockey_tactics "HTTP/1.1 200 OK"
INFO:httpx:HTTP Request: POST https://chroma-copy-copy-production.up.railway.app/api/v2/tenants/default_tenant/databases/default_database/collections/416b96b2-dc4c-4e89-adb6-2497cbc56e92/query "HTTP/1.1 200 OK"
INFO:hockey_mcp:✅ [TOOL COMPLETE] search_hockey_tactics: returned 10 tactics in 0.60s
INFO:mcp.server.lowlevel.server:Processing request of type CallToolRequest
INFO:hockey_mcp:🎯 [TOOL CALL] search_hockey_tactics: query='hockey positions defensive offensive zone coverage', types=None, positions=None, n_results=10
INFO:chromadb.telemetry.product.posthog:Anonymized telemetry enabled. See                     https://docs.trychroma.com/telemetry for more information.
INFO:httpx:HTTP Request: GET https://chroma-copy-copy-production.up.railway.app/api/v2/auth/identity "HTTP/1.1 200 OK"
INFO:chromadb.telemetry.product.posthog:Anonymized telemetry enabled. See                     https://docs.trychroma.com/telemetry for more information.
INFO:httpx:HTTP Request: GET https://chroma-copy-copy-production.up.railway.app/api/v2/tenants/default_tenant "HTTP/1.1 200 OK"
INFO:httpx:HTTP Request: GET https://chroma-copy-copy-production.up.railway.app/api/v2/tenants/default_tenant/databases/default_database "HTTP/1.1 200 OK"
INFO:httpx:HTTP Request: GET https://chroma-copy-copy-production.up.railway.app/api/v2/heartbeat "HTTP/1.1 200 OK"
INFO:httpx:HTTP Request: GET https://chroma-copy-copy-production.up.railway.app/api/v2/tenants/default_tenant/databases/default_database/collections/hockey_tactics "HTTP/1.1 200 OK"
INFO:httpx:HTTP Request: POST https://chroma-copy-copy-production.up.railway.app/api/v2/tenants/default_tenant/databases/default_database/collections/416b96b2-dc4c-4e89-adb6-2497cbc56e92/query "HTTP/1.1 200 OK"
INFO:hockey_mcp:✅ [TOOL COMPLETE] search_hockey_tactics: returned 10 tactics in 0.61s
INFO:mcp.server.lowlevel.server:Processing request of type ListToolsRequest
INFO:mcp.server.lowlevel.server:Processing request of type CallToolRequest
INFO:hockey_mcp:🎯 [TOOL CALL] search_hockey_tactics: query='hockey teamwork communication support systems', types=None, positions=None, n_results=10
INFO:chromadb.telemetry.product.posthog:Anonymized telemetry enabled. See                     https://docs.trychroma.com/telemetry for more information.
INFO:httpx:HTTP Request: GET https://chroma-copy-copy-production.up.railway.app/api/v2/auth/identity "HTTP/1.1 200 OK"
INFO:chromadb.telemetry.product.posthog:Anonymized telemetry enabled. See                     https://docs.trychroma.com/telemetry for more information.
INFO:httpx:HTTP Request: GET https://chroma-copy-copy-production.up.railway.app/api/v2/tenants/default_tenant "HTTP/1.1 200 OK"
INFO:httpx:HTTP Request: GET https://chroma-copy-copy-production.up.railway.app/api/v2/tenants/default_tenant/databases/default_database "HTTP/1.1 200 OK"
INFO:httpx:HTTP Request: GET https://chroma-copy-copy-production.up.railway.app/api/v2/heartbeat "HTTP/1.1 200 OK"
INFO:httpx:HTTP Request: GET https://chroma-copy-copy-production.up.railway.app/api/v2/tenants/default_tenant/databases/default_database/collections/hockey_tactics "HTTP/1.1 200 OK"
INFO:httpx:HTTP Request: POST https://chroma-copy-copy-production.up.railway.app/api/v2/tenants/default_tenant/databases/default_database/collections/416b96b2-dc4c-4e89-adb6-2497cbc56e92/query "HTTP/1.1 200 OK"
INFO:hockey_mcp:✅ [TOOL COMPLETE] search_hockey_tactics: returned 10 tactics in 0.63s
Connecting to Chroma server at https://chroma-copy-copy-production.up.railway.app:443 with token: True
✅ Connected to remote Chroma server
Connecting to Chroma server at https://chroma-copy-copy-production.up.railway.app:443 with token: True
✅ Connected to remote Chroma server
Connecting to Chroma server at https://chroma-copy-copy-production.up.railway.app:443 with token: True
✅ Connected to remote Chroma server
Connecting to Chroma server at https://chroma-copy-copy-production.up.railway.app:443 with token: True
✅ Connected to remote Chroma server
Connecting to Chroma server at https://chroma-copy-copy-production.up.railway.app:443 with token: True
✅ Connected to remote Chroma server
Connecting to Chroma server at https://chroma-copy-copy-production.up.railway.app:443 with token: True
✅ Connected to remote Chroma server
INFO:     127.0.0.1:52735 - "POST /api/mcp HTTP/1.1" 200 OK
INFO:     127.0.0.1:52738 - "POST /api/mcp HTTP/1.1" 200 OK
INFO:     127.0.0.1:52740 - "POST /api/mcp HTTP/1.1" 200 OK
INFO:     127.0.0.1:52742 - "POST /api/mcp HTTP/1.1" 200 OK
INFO:     127.0.0.1:52744 - "POST /api/mcp HTTP/1.1" 200 OK
INFO:mcp.server.lowlevel.server:Processing request of type ListToolsRequest
INFO:mcp.server.lowlevel.server:Processing request of type ListToolsRequest
INFO:mcp.server.lowlevel.server:Processing request of type ListToolsRequest
INFO:mcp.server.lowlevel.server:Processing request of type ListToolsRequest
INFO:mcp.server.lowlevel.server:Processing request of type CallToolRequest
INFO:hockey_mcp:⚖️ [TOOL CALL] search_hockey_rules: query='hockey rules penalties offsides icing basics', n_results=10
INFO:chromadb.telemetry.product.posthog:Anonymized telemetry enabled. See                     https://docs.trychroma.com/telemetry for more information.
INFO:httpx:HTTP Request: GET https://chroma-copy-copy-production.up.railway.app/api/v2/auth/identity "HTTP/1.1 200 OK"
INFO:chromadb.telemetry.product.posthog:Anonymized telemetry enabled. See                     https://docs.trychroma.com/telemetry for more information.
INFO:httpx:HTTP Request: GET https://chroma-copy-copy-production.up.railway.app/api/v2/tenants/default_tenant "HTTP/1.1 200 OK"
INFO:httpx:HTTP Request: GET https://chroma-copy-copy-production.up.railway.app/api/v2/tenants/default_tenant/databases/default_database "HTTP/1.1 200 OK"
INFO:httpx:HTTP Request: GET https://chroma-copy-copy-production.up.railway.app/api/v2/heartbeat "HTTP/1.1 200 OK"
INFO:httpx:HTTP Request: GET https://chroma-copy-copy-production.up.railway.app/api/v2/tenants/default_tenant/databases/default_database/collections/hockey_rules "HTTP/1.1 200 OK"
INFO:httpx:HTTP Request: POST https://chroma-copy-copy-production.up.railway.app/api/v2/tenants/default_tenant/databases/default_database/collections/41ea6112-cab7-46b8-bf6d-86eabd3ace04/query "HTTP/1.1 200 OK"
INFO:hockey_mcp:✅ [TOOL COMPLETE] search_hockey_rules: returned 10 rules in 0.54s
Connecting to Chroma server at https://chroma-copy-copy-production.up.railway.app:443 with token: True
✅ Connected to remote Chroma server
INFO:     127.0.0.1:52746 - "POST /api/mcp HTTP/1.1" 200 OK
INFO:mcp.server.lowlevel.server:Processing request of type ListToolsRequest
INFO:     127.0.0.1:52750 - "POST /api/mcp HTTP/1.1" 200 OK
INFO:     127.0.0.1:52754 - "POST /api/mcp HTTP/1.1" 200 OK
INFO:     127.0.0.1:52756 - "POST /api/mcp HTTP/1.1" 200 OK
INFO:     127.0.0.1:52762 - "POST /api/mcp HTTP/1.1" 200 OK
INFO:     127.0.0.1:52730 - "POST /api/mcp HTTP/1.1" 200 OK
INFO:mcp.server.lowlevel.server:Processing request of type CallToolRequest
INFO:hockey_mcp:🎯 [TOOL CALL] search_hockey_tactics: query='hockey teamwork communication support systems', types=None, positions=None, n_results=10
INFO:chromadb.telemetry.product.posthog:Anonymized telemetry enabled. See                     https://docs.trychroma.com/telemetry for more information.
INFO:httpx:HTTP Request: GET https://chroma-copy-copy-production.up.railway.app/api/v2/auth/identity "HTTP/1.1 200 OK"
INFO:chromadb.telemetry.product.posthog:Anonymized telemetry enabled. See                     https://docs.trychroma.com/telemetry for more information.
INFO:httpx:HTTP Request: GET https://chroma-copy-copy-production.up.railway.app/api/v2/tenants/default_tenant "HTTP/1.1 200 OK"
INFO:httpx:HTTP Request: GET https://chroma-copy-copy-production.up.railway.app/api/v2/tenants/default_tenant/databases/default_database "HTTP/1.1 200 OK"
INFO:httpx:HTTP Request: GET https://chroma-copy-copy-production.up.railway.app/api/v2/heartbeat "HTTP/1.1 200 OK"
INFO:httpx:HTTP Request: GET https://chroma-copy-copy-production.up.railway.app/api/v2/tenants/default_tenant/databases/default_database/collections/hockey_tactics "HTTP/1.1 200 OK"
INFO:httpx:HTTP Request: POST https://chroma-copy-copy-production.up.railway.app/api/v2/tenants/default_tenant/databases/default_database/collections/416b96b2-dc4c-4e89-adb6-2497cbc56e92/query "HTTP/1.1 200 OK"
INFO:hockey_mcp:✅ [TOOL COMPLETE] search_hockey_tactics: returned 10 tactics in 0.68s
INFO:mcp.server.lowlevel.server:Processing request of type ListToolsRequest
Connecting to Chroma server at https://chroma-copy-copy-production.up.railway.app:443 with token: True
✅ Connected to remote Chroma server
INFO:     127.0.0.1:52730 - "POST /api/mcp HTTP/1.1" 200 OK
INFO:mcp.server.lowlevel.server:Processing request of type CallToolRequest
INFO:hockey_mcp:⚡ [TOOL CALL] search_hockey_skills: query='hockey skating passing shooting stickhandling techniques', n_results=10
INFO:chromadb.telemetry.product.posthog:Anonymized telemetry enabled. See                     https://docs.trychroma.com/telemetry for more information.
INFO:httpx:HTTP Request: GET https://chroma-copy-copy-production.up.railway.app/api/v2/auth/identity "HTTP/1.1 200 OK"
INFO:chromadb.telemetry.product.posthog:Anonymized telemetry enabled. See                     https://docs.trychroma.com/telemetry for more information.
INFO:httpx:HTTP Request: GET https://chroma-copy-copy-production.up.railway.app/api/v2/tenants/default_tenant "HTTP/1.1 200 OK"
INFO:httpx:HTTP Request: GET https://chroma-copy-copy-production.up.railway.app/api/v2/tenants/default_tenant/databases/default_database "HTTP/1.1 200 OK"
INFO:httpx:HTTP Request: GET https://chroma-copy-copy-production.up.railway.app/api/v2/heartbeat "HTTP/1.1 200 OK"
INFO:httpx:HTTP Request: GET https://chroma-copy-copy-production.up.railway.app/api/v2/tenants/default_tenant/databases/default_database/collections/hockey_skills "HTTP/1.1 200 OK"
INFO:httpx:HTTP Request: POST https://chroma-copy-copy-production.up.railway.app/api/v2/tenants/default_tenant/databases/default_database/collections/689a1fad-d612-40de-b077-4cddc4b59524/query "HTTP/1.1 200 OK"
INFO:hockey_mcp:✅ [TOOL COMPLETE] search_hockey_skills: returned 10 skills in 0.58s
INFO:mcp.server.lowlevel.server:Processing request of type ListToolsRequest
INFO:mcp.server.lowlevel.server:Processing request of type CallToolRequest
INFO:hockey_mcp:⚡ [TOOL CALL] search_hockey_skills: query='hockey skating passing shooting stickhandling techniques', n_results=10
INFO:chromadb.telemetry.product.posthog:Anonymized telemetry enabled. See                     https://docs.trychroma.com/telemetry for more information.
INFO:httpx:HTTP Request: GET https://chroma-copy-copy-production.up.railway.app/api/v2/auth/identity "HTTP/1.1 200 OK"
INFO:chromadb.telemetry.product.posthog:Anonymized telemetry enabled. See                     https://docs.trychroma.com/telemetry for more information.
INFO:httpx:HTTP Request: GET https://chroma-copy-copy-production.up.railway.app/api/v2/tenants/default_tenant "HTTP/1.1 200 OK"
INFO:httpx:HTTP Request: GET https://chroma-copy-copy-production.up.railway.app/api/v2/tenants/default_tenant/databases/default_database "HTTP/1.1 200 OK"
INFO:httpx:HTTP Request: GET https://chroma-copy-copy-production.up.railway.app/api/v2/heartbeat "HTTP/1.1 200 OK"
INFO:httpx:HTTP Request: GET https://chroma-copy-copy-production.up.railway.app/api/v2/tenants/default_tenant/databases/default_database/collections/hockey_skills "HTTP/1.1 200 OK"
INFO:httpx:HTTP Request: POST https://chroma-copy-copy-production.up.railway.app/api/v2/tenants/default_tenant/databases/default_database/collections/689a1fad-d612-40de-b077-4cddc4b59524/query "HTTP/1.1 200 OK"
INFO:hockey_mcp:✅ [TOOL COMPLETE] search_hockey_skills: returned 10 skills in 0.60s
INFO:mcp.server.lowlevel.server:Processing request of type CallToolRequest
INFO:hockey_mcp:🎯 [TOOL CALL] search_hockey_tactics: query='hockey positions defensive offensive zone coverage', types=None, positions=None, n_results=10
INFO:chromadb.telemetry.product.posthog:Anonymized telemetry enabled. See                     https://docs.trychroma.com/telemetry for more information.
INFO:httpx:HTTP Request: GET https://chroma-copy-copy-production.up.railway.app/api/v2/auth/identity "HTTP/1.1 200 OK"
INFO:chromadb.telemetry.product.posthog:Anonymized telemetry enabled. See                     https://docs.trychroma.com/telemetry for more information.
INFO:httpx:HTTP Request: GET https://chroma-copy-copy-production.up.railway.app/api/v2/tenants/default_tenant "HTTP/1.1 200 OK"
INFO:httpx:HTTP Request: GET https://chroma-copy-copy-production.up.railway.app/api/v2/tenants/default_tenant/databases/default_database "HTTP/1.1 200 OK"
INFO:httpx:HTTP Request: GET https://chroma-copy-copy-production.up.railway.app/api/v2/heartbeat "HTTP/1.1 200 OK"
INFO:httpx:HTTP Request: GET https://chroma-copy-copy-production.up.railway.app/api/v2/tenants/default_tenant/databases/default_database/collections/hockey_tactics "HTTP/1.1 200 OK"
INFO:httpx:HTTP Request: POST https://chroma-copy-copy-production.up.railway.app/api/v2/tenants/default_tenant/databases/default_database/collections/416b96b2-dc4c-4e89-adb6-2497cbc56e92/query "HTTP/1.1 200 OK"
INFO:hockey_mcp:✅ [TOOL COMPLETE] search_hockey_tactics: returned 10 tactics in 0.61s
INFO:mcp.server.lowlevel.server:Processing request of type CallToolRequest
INFO:hockey_mcp:⚡ [TOOL CALL] search_hockey_skills: query='hockey skating passing shooting stickhandling techniques', n_results=10
INFO:chromadb.telemetry.product.posthog:Anonymized telemetry enabled. See                     https://docs.trychroma.com/telemetry for more information.
INFO:httpx:HTTP Request: GET https://chroma-copy-copy-production.up.railway.app/api/v2/auth/identity "HTTP/1.1 200 OK"
INFO:chromadb.telemetry.product.posthog:Anonymized telemetry enabled. See                     https://docs.trychroma.com/telemetry for more information.
INFO:httpx:HTTP Request: GET https://chroma-copy-copy-production.up.railway.app/api/v2/tenants/default_tenant "HTTP/1.1 200 OK"
INFO:httpx:HTTP Request: GET https://chroma-copy-copy-production.up.railway.app/api/v2/tenants/default_tenant/databases/default_database "HTTP/1.1 200 OK"
INFO:httpx:HTTP Request: GET https://chroma-copy-copy-production.up.railway.app/api/v2/heartbeat "HTTP/1.1 200 OK"
INFO:httpx:HTTP Request: GET https://chroma-copy-copy-production.up.railway.app/api/v2/tenants/default_tenant/databases/default_database/collections/hockey_skills "HTTP/1.1 200 OK"
INFO:httpx:HTTP Request: POST https://chroma-copy-copy-production.up.railway.app/api/v2/tenants/default_tenant/databases/default_database/collections/689a1fad-d612-40de-b077-4cddc4b59524/query "HTTP/1.1 200 OK"
INFO:hockey_mcp:✅ [TOOL COMPLETE] search_hockey_skills: returned 10 skills in 0.58s
INFO:mcp.server.lowlevel.server:Processing request of type CallToolRequest
INFO:hockey_mcp:🎯 [TOOL CALL] search_hockey_tactics: query='hockey positions defensive offensive zone coverage', types=None, positions=None, n_results=10
INFO:chromadb.telemetry.product.posthog:Anonymized telemetry enabled. See                     https://docs.trychroma.com/telemetry for more information.
INFO:httpx:HTTP Request: GET https://chroma-copy-copy-production.up.railway.app/api/v2/auth/identity "HTTP/1.1 200 OK"
INFO:chromadb.telemetry.product.posthog:Anonymized telemetry enabled. See                     https://docs.trychroma.com/telemetry for more information.
INFO:httpx:HTTP Request: GET https://chroma-copy-copy-production.up.railway.app/api/v2/tenants/default_tenant "HTTP/1.1 200 OK"
INFO:httpx:HTTP Request: GET https://chroma-copy-copy-production.up.railway.app/api/v2/tenants/default_tenant/databases/default_database "HTTP/1.1 200 OK"
INFO:httpx:HTTP Request: GET https://chroma-copy-copy-production.up.railway.app/api/v2/heartbeat "HTTP/1.1 200 OK"
INFO:httpx:HTTP Request: GET https://chroma-copy-copy-production.up.railway.app/api/v2/tenants/default_tenant/databases/default_database/collections/hockey_tactics "HTTP/1.1 200 OK"
INFO:httpx:HTTP Request: POST https://chroma-copy-copy-production.up.railway.app/api/v2/tenants/default_tenant/databases/default_database/collections/416b96b2-dc4c-4e89-adb6-2497cbc56e92/query "HTTP/1.1 200 OK"
INFO:hockey_mcp:✅ [TOOL COMPLETE] search_hockey_tactics: returned 10 tactics in 0.63s
Connecting to Chroma server at https://chroma-copy-copy-production.up.railway.app:443 with token: True
✅ Connected to remote Chroma server
Connecting to Chroma server at https://chroma-copy-copy-production.up.railway.app:443 with token: True
✅ Connected to remote Chroma server
Connecting to Chroma server at https://chroma-copy-copy-production.up.railway.app:443 with token: True
✅ Connected to remote Chroma server
Connecting to Chroma server at https://chroma-copy-copy-production.up.railway.app:443 with token: True
✅ Connected to remote Chroma server
Connecting to Chroma server at https://chroma-copy-copy-production.up.railway.app:443 with token: True
✅ Connected to remote Chroma server
INFO:     127.0.0.1:52730 - "POST /api/mcp HTTP/1.1" 200 OK
INFO:mcp.server.lowlevel.server:Processing request of type CallToolRequest
INFO:hockey_mcp:🎯 [TOOL CALL] search_hockey_tactics: query='hockey positions defensive offensive zone coverage', types=None, positions=None, n_results=10
INFO:chromadb.telemetry.product.posthog:Anonymized telemetry enabled. See                     https://docs.trychroma.com/telemetry for more information.
INFO:httpx:HTTP Request: GET https://chroma-copy-copy-production.up.railway.app/api/v2/auth/identity "HTTP/1.1 200 OK"
INFO:chromadb.telemetry.product.posthog:Anonymized telemetry enabled. See                     https://docs.trychroma.com/telemetry for more information.
INFO:httpx:HTTP Request: GET https://chroma-copy-copy-production.up.railway.app/api/v2/tenants/default_tenant "HTTP/1.1 200 OK"
INFO:httpx:HTTP Request: GET https://chroma-copy-copy-production.up.railway.app/api/v2/tenants/default_tenant/databases/default_database "HTTP/1.1 200 OK"
INFO:httpx:HTTP Request: GET https://chroma-copy-copy-production.up.railway.app/api/v2/heartbeat "HTTP/1.1 200 OK"
INFO:httpx:HTTP Request: GET https://chroma-copy-copy-production.up.railway.app/api/v2/tenants/default_tenant/databases/default_database/collections/hockey_tactics "HTTP/1.1 200 OK"
INFO:httpx:HTTP Request: POST https://chroma-copy-copy-production.up.railway.app/api/v2/tenants/default_tenant/databases/default_database/collections/416b96b2-dc4c-4e89-adb6-2497cbc56e92/query "HTTP/1.1 200 OK"
INFO:hockey_mcp:✅ [TOOL COMPLETE] search_hockey_tactics: returned 10 tactics in 0.59s
INFO:mcp.server.lowlevel.server:Processing request of type CallToolRequest
INFO:hockey_mcp:🎯 [TOOL CALL] search_hockey_tactics: query='hockey teamwork communication support systems', types=None, positions=None, n_results=10
INFO:chromadb.telemetry.product.posthog:Anonymized telemetry enabled. See                     https://docs.trychroma.com/telemetry for more information.
INFO:httpx:HTTP Request: GET https://chroma-copy-copy-production.up.railway.app/api/v2/auth/identity "HTTP/1.1 200 OK"
INFO:chromadb.telemetry.product.posthog:Anonymized telemetry enabled. See                     https://docs.trychroma.com/telemetry for more information.
INFO:httpx:HTTP Request: GET https://chroma-copy-copy-production.up.railway.app/api/v2/tenants/default_tenant "HTTP/1.1 200 OK"
INFO:httpx:HTTP Request: GET https://chroma-copy-copy-production.up.railway.app/api/v2/tenants/default_tenant/databases/default_database "HTTP/1.1 200 OK"
INFO:httpx:HTTP Request: GET https://chroma-copy-copy-production.up.railway.app/api/v2/heartbeat "HTTP/1.1 200 OK"
INFO:httpx:HTTP Request: GET https://chroma-copy-copy-production.up.railway.app/api/v2/tenants/default_tenant/databases/default_database/collections/hockey_tactics "HTTP/1.1 200 OK"
INFO:httpx:HTTP Request: POST https://chroma-copy-copy-production.up.railway.app/api/v2/tenants/default_tenant/databases/default_database/collections/416b96b2-dc4c-4e89-adb6-2497cbc56e92/query "HTTP/1.1 200 OK"
INFO:hockey_mcp:✅ [TOOL COMPLETE] search_hockey_tactics: returned 10 tactics in 0.62s
INFO:mcp.server.lowlevel.server:Processing request of type ListToolsRequest
INFO:mcp.server.lowlevel.server:Processing request of type ListToolsRequest
INFO:mcp.server.lowlevel.server:Processing request of type ListToolsRequest
INFO:mcp.server.lowlevel.server:Processing request of type ListToolsRequest
INFO:mcp.server.lowlevel.server:Processing request of type ListToolsRequest
INFO:mcp.server.lowlevel.server:Processing request of type ListToolsRequest
INFO:mcp.server.lowlevel.server:Processing request of type CallToolRequest
INFO:hockey_mcp:⚖️ [TOOL CALL] search_hockey_rules: query='hockey rules penalties offsides icing basics', n_results=10
INFO:chromadb.telemetry.product.posthog:Anonymized telemetry enabled. See                     https://docs.trychroma.com/telemetry for more information.
INFO:httpx:HTTP Request: GET https://chroma-copy-copy-production.up.railway.app/api/v2/auth/identity "HTTP/1.1 200 OK"
INFO:chromadb.telemetry.product.posthog:Anonymized telemetry enabled. See                     https://docs.trychroma.com/telemetry for more information.
INFO:httpx:HTTP Request: GET https://chroma-copy-copy-production.up.railway.app/api/v2/tenants/default_tenant "HTTP/1.1 200 OK"
INFO:httpx:HTTP Request: GET https://chroma-copy-copy-production.up.railway.app/api/v2/tenants/default_tenant/databases/default_database "HTTP/1.1 200 OK"
INFO:httpx:HTTP Request: GET https://chroma-copy-copy-production.up.railway.app/api/v2/heartbeat "HTTP/1.1 200 OK"
INFO:httpx:HTTP Request: GET https://chroma-copy-copy-production.up.railway.app/api/v2/tenants/default_tenant/databases/default_database/collections/hockey_rules "HTTP/1.1 200 OK"
INFO:httpx:HTTP Request: POST https://chroma-copy-copy-production.up.railway.app/api/v2/tenants/default_tenant/databases/default_database/collections/41ea6112-cab7-46b8-bf6d-86eabd3ace04/query "HTTP/1.1 200 OK"
INFO:hockey_mcp:✅ [TOOL COMPLETE] search_hockey_rules: returned 10 rules in 0.51s
INFO:mcp.server.lowlevel.server:Processing request of type CallToolRequest
INFO:hockey_mcp:⚖️ [TOOL CALL] search_hockey_rules: query='hockey rules penalties offsides icing basics', n_results=10
INFO:chromadb.telemetry.product.posthog:Anonymized telemetry enabled. See                     https://docs.trychroma.com/telemetry for more information.
INFO:httpx:HTTP Request: GET https://chroma-copy-copy-production.up.railway.app/api/v2/auth/identity "HTTP/1.1 200 OK"
INFO:chromadb.telemetry.product.posthog:Anonymized telemetry enabled. See                     https://docs.trychroma.com/telemetry for more information.
INFO:httpx:HTTP Request: GET https://chroma-copy-copy-production.up.railway.app/api/v2/tenants/default_tenant "HTTP/1.1 200 OK"
INFO:httpx:HTTP Request: GET https://chroma-copy-copy-production.up.railway.app/api/v2/tenants/default_tenant/databases/default_database "HTTP/1.1 200 OK"
INFO:httpx:HTTP Request: GET https://chroma-copy-copy-production.up.railway.app/api/v2/heartbeat "HTTP/1.1 200 OK"
INFO:httpx:HTTP Request: GET https://chroma-copy-copy-production.up.railway.app/api/v2/tenants/default_tenant/databases/default_database/collections/hockey_rules "HTTP/1.1 200 OK"
INFO:httpx:HTTP Request: POST https://chroma-copy-copy-production.up.railway.app/api/v2/tenants/default_tenant/databases/default_database/collections/41ea6112-cab7-46b8-bf6d-86eabd3ace04/query "HTTP/1.1 200 OK"
INFO:hockey_mcp:✅ [TOOL COMPLETE] search_hockey_rules: returned 10 rules in 0.56s
INFO:mcp.server.lowlevel.server:Processing request of type CallToolRequest
INFO:hockey_mcp:🎯 [TOOL CALL] search_hockey_tactics: query='hockey teamwork communication support systems', types=None, positions=None, n_results=10
INFO:chromadb.telemetry.product.posthog:Anonymized telemetry enabled. See                     https://docs.trychroma.com/telemetry for more information.
INFO:httpx:HTTP Request: GET https://chroma-copy-copy-production.up.railway.app/api/v2/auth/identity "HTTP/1.1 200 OK"
INFO:chromadb.telemetry.product.posthog:Anonymized telemetry enabled. See                     https://docs.trychroma.com/telemetry for more information.
INFO:httpx:HTTP Request: GET https://chroma-copy-copy-production.up.railway.app/api/v2/tenants/default_tenant "HTTP/1.1 200 OK"
INFO:httpx:HTTP Request: GET https://chroma-copy-copy-production.up.railway.app/api/v2/tenants/default_tenant/databases/default_database "HTTP/1.1 200 OK"
INFO:httpx:HTTP Request: GET https://chroma-copy-copy-production.up.railway.app/api/v2/heartbeat "HTTP/1.1 200 OK"
INFO:httpx:HTTP Request: GET https://chroma-copy-copy-production.up.railway.app/api/v2/tenants/default_tenant/databases/default_database/collections/hockey_tactics "HTTP/1.1 200 OK"
INFO:httpx:HTTP Request: POST https://chroma-copy-copy-production.up.railway.app/api/v2/tenants/default_tenant/databases/default_database/collections/416b96b2-dc4c-4e89-adb6-2497cbc56e92/query "HTTP/1.1 200 OK"
INFO:hockey_mcp:✅ [TOOL COMPLETE] search_hockey_tactics: returned 10 tactics in 0.60s
Connecting to Chroma server at https://chroma-copy-copy-production.up.railway.app:443 with token: True
✅ Connected to remote Chroma server
Connecting to Chroma server at https://chroma-copy-copy-production.up.railway.app:443 with token: True
✅ Connected to remote Chroma server
Connecting to Chroma server at https://chroma-copy-copy-production.up.railway.app:443 with token: True
✅ Connected to remote Chroma server
Connecting to Chroma server at https://chroma-copy-copy-production.up.railway.app:443 with token: True
✅ Connected to remote Chroma server
Connecting to Chroma server at https://chroma-copy-copy-production.up.railway.app:443 with token: True
✅ Connected to remote Chroma server
INFO:     127.0.0.1:52793 - "POST /api/mcp HTTP/1.1" 200 OK
INFO:     127.0.0.1:52796 - "POST /api/mcp HTTP/1.1" 200 OK
INFO:     127.0.0.1:52798 - "POST /api/mcp HTTP/1.1" 200 OK
INFO:     127.0.0.1:52800 - "POST /api/mcp HTTP/1.1" 200 OK
INFO:     127.0.0.1:52802 - "POST /api/mcp HTTP/1.1" 200 OK
INFO:     127.0.0.1:52804 - "POST /api/mcp HTTP/1.1" 200 OK
INFO:mcp.server.lowlevel.server:Processing request of type ListToolsRequest
INFO:mcp.server.lowlevel.server:Processing request of type ListToolsRequest
INFO:mcp.server.lowlevel.server:Processing request of type ListToolsRequest
INFO:mcp.server.lowlevel.server:Processing request of type CallToolRequest
INFO:hockey_mcp:🎯 [TOOL CALL] search_hockey_tactics: query='hockey teamwork communication support systems', types=None, positions=None, n_results=10
INFO:chromadb.telemetry.product.posthog:Anonymized telemetry enabled. See                     https://docs.trychroma.com/telemetry for more information.
INFO:httpx:HTTP Request: GET https://chroma-copy-copy-production.up.railway.app/api/v2/auth/identity "HTTP/1.1 200 OK"
INFO:chromadb.telemetry.product.posthog:Anonymized telemetry enabled. See                     https://docs.trychroma.com/telemetry for more information.
INFO:httpx:HTTP Request: GET https://chroma-copy-copy-production.up.railway.app/api/v2/tenants/default_tenant "HTTP/1.1 200 OK"
INFO:httpx:HTTP Request: GET https://chroma-copy-copy-production.up.railway.app/api/v2/tenants/default_tenant/databases/default_database "HTTP/1.1 200 OK"
INFO:httpx:HTTP Request: GET https://chroma-copy-copy-production.up.railway.app/api/v2/heartbeat "HTTP/1.1 200 OK"
INFO:httpx:HTTP Request: GET https://chroma-copy-copy-production.up.railway.app/api/v2/tenants/default_tenant/databases/default_database/collections/hockey_tactics "HTTP/1.1 200 OK"
INFO:httpx:HTTP Request: POST https://chroma-copy-copy-production.up.railway.app/api/v2/tenants/default_tenant/databases/default_database/collections/416b96b2-dc4c-4e89-adb6-2497cbc56e92/query "HTTP/1.1 200 OK"
INFO:hockey_mcp:✅ [TOOL COMPLETE] search_hockey_tactics: returned 10 tactics in 0.72s
INFO:mcp.server.lowlevel.server:Processing request of type ListToolsRequest
Connecting to Chroma server at https://chroma-copy-copy-production.up.railway.app:443 with token: True
✅ Connected to remote Chroma server
INFO:     127.0.0.1:52808 - "POST /api/mcp HTTP/1.1" 200 OK
INFO:     127.0.0.1:52811 - "POST /api/mcp HTTP/1.1" 200 OK
INFO:     127.0.0.1:52813 - "POST /api/mcp HTTP/1.1" 200 OK
INFO:     127.0.0.1:52730 - "POST /api/mcp HTTP/1.1" 200 OK
INFO:mcp.server.lowlevel.server:Processing request of type CallToolRequest
INFO:hockey_mcp:⚡ [TOOL CALL] search_hockey_skills: query='hockey skating passing shooting stickhandling techniques', n_results=10
INFO:chromadb.telemetry.product.posthog:Anonymized telemetry enabled. See                     https://docs.trychroma.com/telemetry for more information.
INFO:httpx:HTTP Request: GET https://chroma-copy-copy-production.up.railway.app/api/v2/auth/identity "HTTP/1.1 200 OK"
INFO:chromadb.telemetry.product.posthog:Anonymized telemetry enabled. See                     https://docs.trychroma.com/telemetry for more information.
INFO:httpx:HTTP Request: GET https://chroma-copy-copy-production.up.railway.app/api/v2/tenants/default_tenant "HTTP/1.1 200 OK"
INFO:httpx:HTTP Request: GET https://chroma-copy-copy-production.up.railway.app/api/v2/tenants/default_tenant/databases/default_database "HTTP/1.1 200 OK"
INFO:httpx:HTTP Request: GET https://chroma-copy-copy-production.up.railway.app/api/v2/heartbeat "HTTP/1.1 200 OK"
INFO:httpx:HTTP Request: GET https://chroma-copy-copy-production.up.railway.app/api/v2/tenants/default_tenant/databases/default_database/collections/hockey_skills "HTTP/1.1 200 OK"
INFO:httpx:HTTP Request: POST https://chroma-copy-copy-production.up.railway.app/api/v2/tenants/default_tenant/databases/default_database/collections/689a1fad-d612-40de-b077-4cddc4b59524/query "HTTP/1.1 200 OK"
INFO:hockey_mcp:✅ [TOOL COMPLETE] search_hockey_skills: returned 10 skills in 0.64s
INFO:mcp.server.lowlevel.server:Processing request of type ListToolsRequest
Connecting to Chroma server at https://chroma-copy-copy-production.up.railway.app:443 with token: True
✅ Connected to remote Chroma server
INFO:     127.0.0.1:52730 - "POST /api/mcp HTTP/1.1" 200 OK
INFO:mcp.server.lowlevel.server:Processing request of type CallToolRequest
INFO:hockey_mcp:🎯 [TOOL CALL] search_hockey_tactics: query='hockey positions defensive offensive zone coverage', types=None, positions=None, n_results=10
INFO:chromadb.telemetry.product.posthog:Anonymized telemetry enabled. See                     https://docs.trychroma.com/telemetry for more information.
INFO:httpx:HTTP Request: GET https://chroma-copy-copy-production.up.railway.app/api/v2/auth/identity "HTTP/1.1 200 OK"
INFO:chromadb.telemetry.product.posthog:Anonymized telemetry enabled. See                     https://docs.trychroma.com/telemetry for more information.
INFO:httpx:HTTP Request: GET https://chroma-copy-copy-production.up.railway.app/api/v2/tenants/default_tenant "HTTP/1.1 200 OK"
INFO:httpx:HTTP Request: GET https://chroma-copy-copy-production.up.railway.app/api/v2/tenants/default_tenant/databases/default_database "HTTP/1.1 200 OK"
INFO:httpx:HTTP Request: GET https://chroma-copy-copy-production.up.railway.app/api/v2/heartbeat "HTTP/1.1 200 OK"
INFO:httpx:HTTP Request: GET https://chroma-copy-copy-production.up.railway.app/api/v2/tenants/default_tenant/databases/default_database/collections/hockey_tactics "HTTP/1.1 200 OK"
INFO:httpx:HTTP Request: POST https://chroma-copy-copy-production.up.railway.app/api/v2/tenants/default_tenant/databases/default_database/collections/416b96b2-dc4c-4e89-adb6-2497cbc56e92/query "HTTP/1.1 200 OK"
INFO:hockey_mcp:✅ [TOOL COMPLETE] search_hockey_tactics: returned 10 tactics in 0.62s
INFO:mcp.server.lowlevel.server:Processing request of type ListToolsRequest
INFO:mcp.server.lowlevel.server:Processing request of type CallToolRequest
INFO:hockey_mcp:⚖️ [TOOL CALL] search_hockey_rules: query='hockey rules penalties offsides icing basics', n_results=10
INFO:chromadb.telemetry.product.posthog:Anonymized telemetry enabled. See                     https://docs.trychroma.com/telemetry for more information.
INFO:httpx:HTTP Request: GET https://chroma-copy-copy-production.up.railway.app/api/v2/auth/identity "HTTP/1.1 200 OK"
INFO:chromadb.telemetry.product.posthog:Anonymized telemetry enabled. See                     https://docs.trychroma.com/telemetry for more information.
INFO:httpx:HTTP Request: GET https://chroma-copy-copy-production.up.railway.app/api/v2/tenants/default_tenant "HTTP/1.1 200 OK"
INFO:httpx:HTTP Request: GET https://chroma-copy-copy-production.up.railway.app/api/v2/tenants/default_tenant/databases/default_database "HTTP/1.1 200 OK"
INFO:httpx:HTTP Request: GET https://chroma-copy-copy-production.up.railway.app/api/v2/heartbeat "HTTP/1.1 200 OK"
INFO:httpx:HTTP Request: GET https://chroma-copy-copy-production.up.railway.app/api/v2/tenants/default_tenant/databases/default_database/collections/hockey_rules "HTTP/1.1 200 OK"
INFO:httpx:HTTP Request: POST https://chroma-copy-copy-production.up.railway.app/api/v2/tenants/default_tenant/databases/default_database/collections/41ea6112-cab7-46b8-bf6d-86eabd3ace04/query "HTTP/1.1 200 OK"
INFO:hockey_mcp:✅ [TOOL COMPLETE] search_hockey_rules: returned 10 rules in 0.55s
INFO:mcp.server.lowlevel.server:Processing request of type CallToolRequest
INFO:hockey_mcp:🎯 [TOOL CALL] search_hockey_tactics: query='hockey positions defensive offensive zone coverage', types=None, positions=None, n_results=10
INFO:chromadb.telemetry.product.posthog:Anonymized telemetry enabled. See                     https://docs.trychroma.com/telemetry for more information.
INFO:httpx:HTTP Request: GET https://chroma-copy-copy-production.up.railway.app/api/v2/auth/identity "HTTP/1.1 200 OK"
INFO:chromadb.telemetry.product.posthog:Anonymized telemetry enabled. See                     https://docs.trychroma.com/telemetry for more information.
INFO:httpx:HTTP Request: GET https://chroma-copy-copy-production.up.railway.app/api/v2/tenants/default_tenant "HTTP/1.1 200 OK"
INFO:httpx:HTTP Request: GET https://chroma-copy-copy-production.up.railway.app/api/v2/tenants/default_tenant/databases/default_database "HTTP/1.1 200 OK"
INFO:httpx:HTTP Request: GET https://chroma-copy-copy-production.up.railway.app/api/v2/heartbeat "HTTP/1.1 200 OK"
INFO:httpx:HTTP Request: GET https://chroma-copy-copy-production.up.railway.app/api/v2/tenants/default_tenant/databases/default_database/collections/hockey_tactics "HTTP/1.1 200 OK"
INFO:httpx:HTTP Request: POST https://chroma-copy-copy-production.up.railway.app/api/v2/tenants/default_tenant/databases/default_database/collections/416b96b2-dc4c-4e89-adb6-2497cbc56e92/query "HTTP/1.1 200 OK"
INFO:hockey_mcp:✅ [TOOL COMPLETE] search_hockey_tactics: returned 10 tactics in 0.62s
Connecting to Chroma server at https://chroma-copy-copy-production.up.railway.app:443 with token: True
✅ Connected to remote Chroma server
Connecting to Chroma server at https://chroma-copy-copy-production.up.railway.app:443 with token: True
✅ Connected to remote Chroma server
Connecting to Chroma server at https://chroma-copy-copy-production.up.railway.app:443 with token: True
✅ Connected to remote Chroma server
INFO:     127.0.0.1:52730 - "POST /api/mcp HTTP/1.1" 200 OK
INFO:mcp.server.lowlevel.server:Processing request of type ListToolsRequest
INFO:mcp.server.lowlevel.server:Processing request of type ListToolsRequest
INFO:mcp.server.lowlevel.server:Processing request of type CallToolRequest
INFO:hockey_mcp:⚖️ [TOOL CALL] search_hockey_rules: query='hockey rules penalties offsides icing basics', n_results=10
INFO:chromadb.telemetry.product.posthog:Anonymized telemetry enabled. See                     https://docs.trychroma.com/telemetry for more information.
INFO:httpx:HTTP Request: GET https://chroma-copy-copy-production.up.railway.app/api/v2/auth/identity "HTTP/1.1 200 OK"
INFO:chromadb.telemetry.product.posthog:Anonymized telemetry enabled. See                     https://docs.trychroma.com/telemetry for more information.
INFO:httpx:HTTP Request: GET https://chroma-copy-copy-production.up.railway.app/api/v2/tenants/default_tenant "HTTP/1.1 200 OK"
INFO:httpx:HTTP Request: GET https://chroma-copy-copy-production.up.railway.app/api/v2/tenants/default_tenant/databases/default_database "HTTP/1.1 200 OK"
INFO:httpx:HTTP Request: GET https://chroma-copy-copy-production.up.railway.app/api/v2/heartbeat "HTTP/1.1 200 OK"
INFO:httpx:HTTP Request: GET https://chroma-copy-copy-production.up.railway.app/api/v2/tenants/default_tenant/databases/default_database/collections/hockey_rules "HTTP/1.1 200 OK"
INFO:httpx:HTTP Request: POST https://chroma-copy-copy-production.up.railway.app/api/v2/tenants/default_tenant/databases/default_database/collections/41ea6112-cab7-46b8-bf6d-86eabd3ace04/query "HTTP/1.1 200 OK"
INFO:hockey_mcp:✅ [TOOL COMPLETE] search_hockey_rules: returned 10 rules in 0.60s
INFO:mcp.server.lowlevel.server:Processing request of type CallToolRequest
INFO:hockey_mcp:⚡ [TOOL CALL] search_hockey_skills: query='hockey skating passing shooting stickhandling techniques', n_results=10
INFO:chromadb.telemetry.product.posthog:Anonymized telemetry enabled. See                     https://docs.trychroma.com/telemetry for more information.
INFO:httpx:HTTP Request: GET https://chroma-copy-copy-production.up.railway.app/api/v2/auth/identity "HTTP/1.1 200 OK"
INFO:chromadb.telemetry.product.posthog:Anonymized telemetry enabled. See                     https://docs.trychroma.com/telemetry for more information.
INFO:httpx:HTTP Request: GET https://chroma-copy-copy-production.up.railway.app/api/v2/tenants/default_tenant "HTTP/1.1 200 OK"
INFO:httpx:HTTP Request: GET https://chroma-copy-copy-production.up.railway.app/api/v2/tenants/default_tenant/databases/default_database "HTTP/1.1 200 OK"
INFO:httpx:HTTP Request: GET https://chroma-copy-copy-production.up.railway.app/api/v2/heartbeat "HTTP/1.1 200 OK"
INFO:httpx:HTTP Request: GET https://chroma-copy-copy-production.up.railway.app/api/v2/tenants/default_tenant/databases/default_database/collections/hockey_skills "HTTP/1.1 200 OK"
INFO:httpx:HTTP Request: POST https://chroma-copy-copy-production.up.railway.app/api/v2/tenants/default_tenant/databases/default_database/collections/689a1fad-d612-40de-b077-4cddc4b59524/query "HTTP/1.1 200 OK"
INFO:hockey_mcp:✅ [TOOL COMPLETE] search_hockey_skills: returned 10 skills in 0.57s
INFO:mcp.server.lowlevel.server:Processing request of type ListToolsRequest
Connecting to Chroma server at https://chroma-copy-copy-production.up.railway.app:443 with token: True
✅ Connected to remote Chroma server
Connecting to Chroma server at https://chroma-copy-copy-production.up.railway.app:443 with token: True
✅ Connected to remote Chroma server
INFO:     127.0.0.1:52843 - "POST /api/mcp HTTP/1.1" 200 OK
INFO:     127.0.0.1:52845 - "POST /api/mcp HTTP/1.1" 200 OK
INFO:mcp.server.lowlevel.server:Processing request of type ListToolsRequest
INFO:mcp.server.lowlevel.server:Processing request of type CallToolRequest
INFO:hockey_mcp:🎯 [TOOL CALL] search_hockey_tactics: query='hockey teamwork communication support systems', types=None, positions=None, n_results=10
INFO:chromadb.telemetry.product.posthog:Anonymized telemetry enabled. See                     https://docs.trychroma.com/telemetry for more information.
INFO:httpx:HTTP Request: GET https://chroma-copy-copy-production.up.railway.app/api/v2/auth/identity "HTTP/1.1 200 OK"
INFO:chromadb.telemetry.product.posthog:Anonymized telemetry enabled. See                     https://docs.trychroma.com/telemetry for more information.
INFO:httpx:HTTP Request: GET https://chroma-copy-copy-production.up.railway.app/api/v2/tenants/default_tenant "HTTP/1.1 200 OK"
INFO:httpx:HTTP Request: GET https://chroma-copy-copy-production.up.railway.app/api/v2/tenants/default_tenant/databases/default_database "HTTP/1.1 200 OK"
INFO:httpx:HTTP Request: GET https://chroma-copy-copy-production.up.railway.app/api/v2/heartbeat "HTTP/1.1 200 OK"
INFO:httpx:HTTP Request: GET https://chroma-copy-copy-production.up.railway.app/api/v2/tenants/default_tenant/databases/default_database/collections/hockey_tactics "HTTP/1.1 200 OK"
INFO:httpx:HTTP Request: POST https://chroma-copy-copy-production.up.railway.app/api/v2/tenants/default_tenant/databases/default_database/collections/416b96b2-dc4c-4e89-adb6-2497cbc56e92/query "HTTP/1.1 200 OK"
INFO:hockey_mcp:✅ [TOOL COMPLETE] search_hockey_tactics: returned 10 tactics in 0.64s
Connecting to Chroma server at https://chroma-copy-copy-production.up.railway.app:443 with token: True
✅ Connected to remote Chroma server
INFO:     127.0.0.1:52847 - "POST /api/mcp HTTP/1.1" 200 OK
INFO:mcp.server.lowlevel.server:Processing request of type ListToolsRequest
INFO:     127.0.0.1:52850 - "POST /api/mcp HTTP/1.1" 200 OK
INFO:     127.0.0.1:52730 - "POST /api/mcp HTTP/1.1" 200 OK
INFO:mcp.server.lowlevel.server:Processing request of type CallToolRequest
INFO:hockey_mcp:🎯 [TOOL CALL] search_hockey_tactics: query='hockey teamwork communication support systems', types=None, positions=None, n_results=10
INFO:chromadb.telemetry.product.posthog:Anonymized telemetry enabled. See                     https://docs.trychroma.com/telemetry for more information.
INFO:httpx:HTTP Request: GET https://chroma-copy-copy-production.up.railway.app/api/v2/auth/identity "HTTP/1.1 200 OK"
INFO:chromadb.telemetry.product.posthog:Anonymized telemetry enabled. See                     https://docs.trychroma.com/telemetry for more information.
INFO:httpx:HTTP Request: GET https://chroma-copy-copy-production.up.railway.app/api/v2/tenants/default_tenant "HTTP/1.1 200 OK"
INFO:httpx:HTTP Request: GET https://chroma-copy-copy-production.up.railway.app/api/v2/tenants/default_tenant/databases/default_database "HTTP/1.1 200 OK"
INFO:httpx:HTTP Request: GET https://chroma-copy-copy-production.up.railway.app/api/v2/heartbeat "HTTP/1.1 200 OK"
INFO:httpx:HTTP Request: GET https://chroma-copy-copy-production.up.railway.app/api/v2/tenants/default_tenant/databases/default_database/collections/hockey_tactics "HTTP/1.1 200 OK"
INFO:httpx:HTTP Request: POST https://chroma-copy-copy-production.up.railway.app/api/v2/tenants/default_tenant/databases/default_database/collections/416b96b2-dc4c-4e89-adb6-2497cbc56e92/query "HTTP/1.1 200 OK"
INFO:hockey_mcp:✅ [TOOL COMPLETE] search_hockey_tactics: returned 10 tactics in 0.71s
INFO:mcp.server.lowlevel.server:Processing request of type ListToolsRequest
Connecting to Chroma server at https://chroma-copy-copy-production.up.railway.app:443 with token: True
✅ Connected to remote Chroma server
INFO:     127.0.0.1:52730 - "POST /api/mcp HTTP/1.1" 200 OK
INFO:mcp.server.lowlevel.server:Processing request of type CallToolRequest
INFO:hockey_mcp:🎯 [TOOL CALL] search_hockey_tactics: query='hockey positions defensive offensive zone coverage', types=None, positions=None, n_results=10
INFO:chromadb.telemetry.product.posthog:Anonymized telemetry enabled. See                     https://docs.trychroma.com/telemetry for more information.
INFO:httpx:HTTP Request: GET https://chroma-copy-copy-production.up.railway.app/api/v2/auth/identity "HTTP/1.1 200 OK"
INFO:chromadb.telemetry.product.posthog:Anonymized telemetry enabled. See                     https://docs.trychroma.com/telemetry for more information.
INFO:httpx:HTTP Request: GET https://chroma-copy-copy-production.up.railway.app/api/v2/tenants/default_tenant "HTTP/1.1 200 OK"
INFO:httpx:HTTP Request: GET https://chroma-copy-copy-production.up.railway.app/api/v2/tenants/default_tenant/databases/default_database "HTTP/1.1 200 OK"
INFO:httpx:HTTP Request: GET https://chroma-copy-copy-production.up.railway.app/api/v2/heartbeat "HTTP/1.1 200 OK"
INFO:httpx:HTTP Request: GET https://chroma-copy-copy-production.up.railway.app/api/v2/tenants/default_tenant/databases/default_database/collections/hockey_tactics "HTTP/1.1 200 OK"
INFO:httpx:HTTP Request: POST https://chroma-copy-copy-production.up.railway.app/api/v2/tenants/default_tenant/databases/default_database/collections/416b96b2-dc4c-4e89-adb6-2497cbc56e92/query "HTTP/1.1 200 OK"
INFO:hockey_mcp:✅ [TOOL COMPLETE] search_hockey_tactics: returned 10 tactics in 0.68s
INFO:mcp.server.lowlevel.server:Processing request of type ListToolsRequest
INFO:mcp.server.lowlevel.server:Processing request of type CallToolRequest
INFO:hockey_mcp:⚡ [TOOL CALL] search_hockey_skills: query='hockey skating passing shooting stickhandling techniques', n_results=10
INFO:chromadb.telemetry.product.posthog:Anonymized telemetry enabled. See                     https://docs.trychroma.com/telemetry for more information.
INFO:httpx:HTTP Request: GET https://chroma-copy-copy-production.up.railway.app/api/v2/auth/identity "HTTP/1.1 200 OK"
INFO:chromadb.telemetry.product.posthog:Anonymized telemetry enabled. See                     https://docs.trychroma.com/telemetry for more information.
INFO:httpx:HTTP Request: GET https://chroma-copy-copy-production.up.railway.app/api/v2/tenants/default_tenant "HTTP/1.1 200 OK"
INFO:httpx:HTTP Request: GET https://chroma-copy-copy-production.up.railway.app/api/v2/tenants/default_tenant/databases/default_database "HTTP/1.1 200 OK"
INFO:httpx:HTTP Request: GET https://chroma-copy-copy-production.up.railway.app/api/v2/heartbeat "HTTP/1.1 200 OK"
INFO:httpx:HTTP Request: GET https://chroma-copy-copy-production.up.railway.app/api/v2/tenants/default_tenant/databases/default_database/collections/hockey_skills "HTTP/1.1 200 OK"
INFO:httpx:HTTP Request: POST https://chroma-copy-copy-production.up.railway.app/api/v2/tenants/default_tenant/databases/default_database/collections/689a1fad-d612-40de-b077-4cddc4b59524/query "HTTP/1.1 200 OK"
INFO:hockey_mcp:✅ [TOOL COMPLETE] search_hockey_skills: returned 10 skills in 0.60s
Connecting to Chroma server at https://chroma-copy-copy-production.up.railway.app:443 with token: True
✅ Connected to remote Chroma server
Connecting to Chroma server at https://chroma-copy-copy-production.up.railway.app:443 with token: True
✅ Connected to remote Chroma server
INFO:     127.0.0.1:52730 - "POST /api/mcp HTTP/1.1" 200 OK
INFO:mcp.server.lowlevel.server:Processing request of type ListToolsRequest
INFO:     127.0.0.1:52868 - "POST /api/mcp HTTP/1.1" 200 OK
